entry_timestamp,entry_date,near_expiry,far_expiry,variant,strike,shift_points,candidate_label,status,exit_timestamp,exit_spot,gross_pnl_inr,net_pnl_inr,total_costs,chart_pnl_inr,estimated_equal_max_profit_loss_inr,premium_turnover_inr,brokerage,exchange_transaction,sebi_fee,stamp_duty_entry,stamp_duty_exit,stt_entry_sales,stt_exit_sales,gst
2021-05-25 07:57:00+00:00,2021-05-25,2021-05-27,2021-06-03,baseline,15600.0,400.0,ATM_PLUS_400,ok,2021-05-27 15:29:00+05:30,15370.15,2179.921875000001,1939.4882366487573,240.43363835124373,491.25000000000085,491.25000000000085,104525.146875,120.0,37.137784684687496,0.1045251468749999,0.92018221875,0.6149961562499999,31.00978125,22.342753125,28.303615769681247
2021-05-25 07:57:00+00:00,2021-05-25,2021-05-27,2021-06-03,60m,15600.0,400.0,ATM_PLUS_400,ok,2021-05-27 14:31:00+05:30,15295.65,1263.965625000003,1018.0037131985092,245.96191180149373,491.25000000000085,491.25000000000085,110909.896875,120.0,39.4062863596875,0.1109098968749999,0.92018221875,0.72450675,31.00978125,25.077150000000003,28.71309532618125
2021-05-25 07:57:00+00:00,2021-05-25,2021-05-27,2021-06-03,120m,15600.0,400.0,ATM_PLUS_400,ok,2021-05-27 13:24:00+05:30,15345.0,926.9343750000004,686.9230968785442,240.01127812145623,491.25000000000085,491.25000000000085,104723.278125,120.0,37.2081807178125,0.1047232781249999,0.92018221875,0.6367629374999999,31.00978125,21.815325,28.316322719268747
2021-05-25 07:57:00+00:00,2021-05-25,2021-05-27,2021-06-03,180m,15600.0,400.0,ATM_PLUS_400,ok,2021-05-27 12:31:00+05:30,15339.55,797.8218750000053,557.2695633414617,240.5523116585437,491.25000000000085,491.25000000000085,105368.596875,120.0,37.437462469687496,0.1053685968749999,0.92018221875,0.64837940625,31.00978125,22.073428125000003,28.357709591981248
2021-05-25 07:57:00+00:00,2021-05-25,2021-05-27,2021-06-03,1d,15600.0,400.0,ATM_PLUS_400,ok,2021-05-26 15:28:00+05:30,15303.2,265.528125000003,19.69733489747176,245.83079010253124,491.25000000000085,491.25000000000085,111287.390625,120.0,39.540409889062495,0.1112873906249999,0.92018221875,0.7451457187500001,31.00978125,24.766678125,28.737305510343745
2021-06-03 09:47:00+00:00,2021-06-03,2021-06-03,2021-06-10,baseline,16100.0,400.0,ATM_PLUS_400,ok,2021-06-03 15:21:00+05:30,15696.45,-121.29374999999244,-381.1832376021674,259.889487602175,337.5,337.5,126517.0125,120.0,44.95149454125,0.1265170125,0.9520993125,0.9474752812499998,31.915012500000003,31.282846875,29.714042079674996
2021-06-03 09:47:00+00:00,2021-06-03,2021-06-03,2021-06-10,60m,16100.0,400.0,ATM_PLUS_400,ok,2021-06-03 12:25:00+05:30,15648.5,583.9125000000053,318.14724045278024,265.765259547225,337.5,337.5,132432.7125,120.0,47.05334275125,0.1324327125,0.9520993125,1.0256326875,31.915012500000003,34.593300000000006,30.093439583475
2021-06-03 09:47:00+00:00,2021-06-03,2021-06-03,2021-06-10,120m,16100.0,400.0,ATM_PLUS_400,ok,2021-06-03 12:25:00+05:30,15648.5,583.9125000000053,318.14724045278024,265.765259547225,337.5,337.5,132432.7125,120.0,47.05334275125,0.1324327125,0.9520993125,1.0256326875,31.915012500000003,34.593300000000006,30.093439583475
2021-06-03 09:47:00+00:00,2021-06-03,2021-06-03,2021-06-10,180m,16100.0,400.0,ATM_PLUS_400,ok,2021-06-03 12:25:00+05:30,15648.5,583.9125000000053,318.14724045278024,265.765259547225,337.5,337.5,132432.7125,120.0,47.05334275125,0.1324327125,0.9520993125,1.0256326875,31.915012500000003,34.593300000000006,30.093439583475
2021-06-03 09:47:00+00:00,2021-06-03,2021-06-03,2021-06-10,1d,16100.0,400.0,ATM_PLUS_400,ok,2021-06-02 15:21:00+05:30,15585.7,369.0562500000041,95.96505516495417,273.09119483505,337.5,337.5,140375.69999999998,120.0,49.87548621,0.1403756999999999,0.9520993125,1.14800034375,31.915012500000003,38.457365625,30.6028551438
2021-06-09 07:44:00+00:00,2021-06-09,2021-06-10,2021-06-17,baseline,15950.0,300.0,ATM_PLUS_300,ok,2021-06-10 15:29:00+05:30,15745.45,1314.2062500000002,1094.0343981694127,220.1718518305875,1102.499999999995,1102.499999999995,83313.69375,120.0,29.601355389375005,0.08331369375,0.6956347500000001,0.5343575624999999,24.17191875,18.14203125,26.9432404349625
2021-06-09 07:44:00+00:00,2021-06-09,2021-06-10,2021-06-17,60m,15950.0,300.0,ATM_PLUS_300,ok,2021-06-10 14:30:00+05:30,15737.55,336.11250000000297,115.25514394279044,220.8573560572125,1102.499999999995,1102.499999999995,84553.63125,120.0,30.041905183125003,0.08455363125,0.6956347500000001,0.5676280312499999,24.17191875,18.272953125000004,27.0227625865875
2021-06-09 07:44:00+00:00,2021-06-09,2021-06-10,2021-06-17,120m,15950.0,300.0,ATM_PLUS_300,ok,2021-06-10 13:30:00+05:30,15730.8,1016.1374999999992,794.0258482420492,222.11165175795009,1102.499999999995,1102.499999999995,85541.925,120.0,30.393045952500003,0.085541925,0.6956347500000001,0.5722520624999999,24.17191875,19.1071125,27.08614581795
2021-06-09 07:44:00+00:00,2021-06-09,2021-06-10,2021-06-17,180m,15950.0,300.0,ATM_PLUS_300,ok,2021-06-10 12:30:00+05:30,15717.55,1672.4624999999974,1448.6589861031473,223.80351389685003,1102.499999999995,1102.499999999995,87010.27500000001,120.0,30.9147507075,0.0870102749999999,0.6956347500000001,0.5844324375,24.17191875,20.16945,27.18031697685
2021-06-09 07:44:00+00:00,2021-06-09,2021-06-10,2021-06-17,1d,15950.0,300.0,ATM_PLUS_300,ok,2021-06-09 15:29:00+05:30,15640.25,1662.4968749999966,1430.759893957853,231.73698104214373,1102.499999999995,1102.499999999995,95496.496875,120.0,33.9299053396875,0.0954964968749999,0.6956347500000001,0.71187525,24.17191875,24.407578125,27.72457233058125
2021-07-20 05:15:00+00:00,2021-07-20,2021-07-22,2021-07-29,baseline,15350.0,-250.0,ATM_MINUS_250,ok,2021-07-22 15:20:00+05:30,15830.1,-124.57499999998824,-380.0780843996882,255.5030843997,56.2499999999984,56.2499999999984,121829.55,120.0,43.286039115,0.1218295499999999,0.751123125,1.0781887499999998,24.968671875000005,35.883815625000004,29.4134163597
2021-07-20 05:15:00+00:00,2021-07-20,2021-07-22,2021-07-29,60m,15350.0,-250.0,ATM_MINUS_250,ok,2021-07-22 13:50:00+05:30,15809.2,166.2656250000056,-88.59558515390066,254.86121015390623,56.2499999999984,56.2499999999984,120992.578125,120.0,42.988663007812505,0.120992578125,0.751123125,1.0612715625,24.968671875000005,35.61075,29.35973800546875
2021-07-20 05:15:00+00:00,2021-07-20,2021-07-22,2021-07-29,120m,15350.0,-250.0,ATM_MINUS_250,ok,2021-07-22 12:11:00+05:30,15823.25,-114.77812499999396,-370.8296555874877,256.05153058749374,56.2499999999984,56.2499999999984,122410.771875,120.0,43.4925472471875,0.122410771875,0.751123125,1.086760125,24.968671875000005,36.179325000000006,29.450692443431247
2021-07-20 05:15:00+00:00,2021-07-20,2021-07-22,2021-07-29,180m,15350.0,-250.0,ATM_MINUS_250,ok,2021-07-22 12:11:00+05:30,15823.25,-114.77812499999396,-370.8296555874877,256.05153058749374,56.2499999999984,56.2499999999984,122410.771875,120.0,43.4925472471875,0.122410771875,0.751123125,1.086760125,24.968671875000005,36.179325000000006,29.450692443431247
2021-07-20 05:15:00+00:00,2021-07-20,2021-07-22,2021-07-29,1d,15350.0,-250.0,ATM_MINUS_250,ok,2021-07-20 15:25:00+05:30,15630.15,-99.44999999999364,-334.33902048224365,234.88902048225,56.2499999999984,56.2499999999984,99779.625,120.0,35.4517007625,0.099779625,0.751123125,0.747063,24.968671875000005,24.871415625000004,27.99926646975
2021-08-03 09:14:00+00:00,2021-08-03,2021-08-05,2021-08-12,baseline,16350.0,250.0,ATM_PLUS_250,ok,2021-08-05 15:29:00+05:30,16281.8,-754.4687499999966,-935.729229165034,181.2604791650375,307.49999999999886,307.49999999999886,42789.11875,120.0,15.202973891875,0.04278911875,0.442553625,0.2106001875,14.984943750000005,6.03238125,24.344237341912496
2021-08-03 09:14:00+00:00,2021-08-03,2021-08-05,2021-08-12,60m,16350.0,250.0,ATM_PLUS_250,ok,2021-08-05 14:31:00+05:30,16306.15,-221.56249999999744,-402.9281853747724,181.36568537477496,307.49999999999886,307.49999999999886,42625.287500000006,120.0,15.14476464875,0.0426252875,0.442553625,0.200149125,14.984943750000005,6.2169187500000005,24.333730188525
2021-08-03 09:14:00+00:00,2021-08-03,2021-08-05,2021-08-12,120m,16350.0,250.0,ATM_PLUS_250,ok,2021-08-05 13:31:00+05:30,16332.55,-307.487499999997,-489.157821109497,181.6703211095,307.49999999999886,307.49999999999886,42995.50000000001,120.0,15.276301150000004,0.0429955,0.442553625,0.2069911875,14.984943750000005,6.3590625,24.357473397
2021-08-03 09:14:00+00:00,2021-08-03,2021-08-05,2021-08-12,180m,16350.0,250.0,ATM_PLUS_250,ok,2021-08-05 12:31:00+05:30,16286.6,-552.349999999997,-735.721543187397,183.3715431874,307.49999999999886,307.49999999999886,44941.1,120.0,15.967572830000003,0.0449411,0.442553625,0.2398481249999999,14.984943750000005,7.20943125,24.482252507399995
2021-08-03 09:14:00+00:00,2021-08-03,2021-08-05,2021-08-12,1d,16350.0,250.0,ATM_PLUS_250,ok,2021-08-04 15:29:00+05:30,16253.0,-1222.3749999999968,-1407.303358561422,184.928358561425,307.49999999999886,307.49999999999886,46952.7625,120.0,16.68231651625,0.0469527624999999,0.442553625,0.2800734375,14.984943750000005,7.880250000000001,24.611268470175
2021-08-16 05:39:00+00:00,2021-08-16,2021-08-18,2021-08-26,baseline,16950.0,400.0,ATM_PLUS_400,ok,2021-08-18 15:26:00+05:30,16557.15,-139.8062499999952,-357.0359556721827,217.22970567218744,495.0000000000017,495.0000000000017,80922.34375,120.0,28.751708734375,0.08092234375,0.62165025,0.594282,21.1120875,19.27918125,26.7898735940625
2021-08-16 05:39:00+00:00,2021-08-16,2021-08-18,2021-08-26,60m,16950.0,400.0,ATM_PLUS_400,ok,2021-08-18 13:35:00+05:30,16590.05,-713.4999999999962,-929.0286164712712,215.52861647127497,495.0000000000017,495.0000000000017,79401.2875,120.0,28.211277448750003,0.0794012875,0.62165025,0.5800715624999999,21.1120875,18.23180625,26.692322172525
2021-08-16 05:39:00+00:00,2021-08-16,2021-08-18,2021-08-26,120m,16950.0,400.0,ATM_PLUS_400,ok,2021-08-18 12:54:00+05:30,16610.65,202.9375000000016,-10.624717996423383,213.56221799642495,495.0000000000017,495.0000000000017,76824.0125,120.0,27.29557164125,0.0768240125,0.62165025,0.527665875,21.1120875,17.4013875,26.527031217675
2021-08-16 05:39:00+00:00,2021-08-16,2021-08-18,2021-08-26,180m,16950.0,400.0,ATM_PLUS_400,ok,2021-08-18 11:45:00+05:30,16659.05,-116.83749999999976,-326.4194737944747,209.58197379447495,495.0000000000017,495.0000000000017,72734.83750000001,120.0,25.842687763750003,0.0727348375,0.62165025,0.471124875,21.1120875,15.196912499999998,26.264776068225
2021-08-16 05:39:00+00:00,2021-08-16,2021-08-18,2021-08-26,1d,16950.0,400.0,ATM_PLUS_400,ok,2021-08-17 14:54:00+05:30,16564.5,-0.3999999999962256,-218.85458403007124,218.454584030075,495.0000000000017,495.0000000000017,82159.48750000002,120.0,29.19126590875,0.0821594875,0.62165025,0.6107480625,21.1120875,19.967456250000005,26.869216571325
2021-08-31 07:50:00+00:00,2021-08-31,2021-09-02,2021-09-09,baseline,17400.0,400.0,ATM_PLUS_400,ok,2021-09-02 15:29:00+05:30,17233.15,1759.487500000003,1556.979098675703,202.5084013243,1352.5000000000005,1352.5000000000005,64200.2,120.0,22.81033106,0.0642002,0.6252592499999999,0.3113514375,22.087143750000003,10.8927,25.7174156268
2021-08-31 07:50:00+00:00,2021-08-31,2021-09-02,2021-09-09,60m,17400.0,400.0,ATM_PLUS_400,ok,2021-09-02 14:31:00+05:30,17234.25,1056.8750000000036,853.7282001987037,203.14679980129995,1352.5000000000005,1352.5000000000005,65246.94999999999,120.0,23.182241335,0.0652469499999999,0.6252592499999999,0.337591875,22.087143750000003,11.06476875,25.784547891299997
2021-08-31 07:50:00+00:00,2021-08-31,2021-09-02,2021-09-09,120m,17400.0,400.0,ATM_PLUS_400,ok,2021-09-02 13:31:00+05:30,17184.95,1574.8375000000035,1368.8074694333288,206.03003056667495,1352.5000000000005,1352.5000000000005,68060.6375,120.0,24.18194450375,0.0680606374999999,0.6252592499999999,0.37202775,22.087143750000003,12.730593750000002,25.965000925425
2021-08-31 07:50:00+00:00,2021-08-31,2021-09-02,2021-09-09,180m,17400.0,400.0,ATM_PLUS_400,ok,2021-09-02 12:31:00+05:30,17176.6,1723.1000000000051,1516.3482862785802,206.75171372142495,1352.5000000000005,1352.5000000000005,68755.2625,120.0,24.42874476625,0.0687552625,0.6252592499999999,0.3802231875,22.087143750000003,13.1520375,26.009550005175
2021-08-31 07:50:00+00:00,2021-08-31,2021-09-02,2021-09-09,1d,17400.0,400.0,ATM_PLUS_400,ok,2021-09-01 15:29:00+05:30,17058.5,1371.5937500000052,1156.0292459382426,215.5645040617625,1352.5000000000005,1352.5000000000005,78358.58125,120.0,27.840803918125,0.07835858125,0.6252592499999999,0.5295455625,22.087143750000003,17.777943750000002,26.6254492498875
2021-09-20 03:57:00+00:00,2021-09-20,2021-09-23,2021-09-30,baseline,17850.0,350.0,ATM_PLUS_350,ok,2021-09-23 15:29:00+05:30,17826.3,1091.168750000004,896.1599928572666,195.0087571427375,282.5000000000017,282.5000000000017,56529.41875,120.0,20.084902481875,0.05652941875,0.6224773124999999,0.2090964375,20.927550000000004,7.88274375,25.225457742112496
2021-09-20 03:57:00+00:00,2021-09-20,2021-09-23,2021-09-30,60m,17850.0,350.0,ATM_PLUS_350,ok,2021-09-23 14:31:00+05:30,17802.4,835.2375000000052,639.0683958558052,196.1691041442,282.5000000000017,282.5000000000017,57902.55000000001,120.0,20.572776015,0.0579025499999999,0.6224773124999999,0.233532375,20.927550000000004,8.44134375,25.313522141699995
2021-09-20 03:57:00+00:00,2021-09-20,2021-09-23,2021-09-30,120m,17850.0,350.0,ATM_PLUS_350,ok,2021-09-23 13:31:00+05:30,17778.45,-238.7374999999949,-435.8755686151449,197.13806861515,282.5000000000017,282.5000000000017,59495.22499999999,120.0,21.138653442500004,0.059495225,0.6224773124999999,0.2735321249999999,20.927550000000004,8.700693750000001,25.415666760150003
2021-09-20 03:57:00+00:00,2021-09-20,2021-09-23,2021-09-30,180m,17850.0,350.0,ATM_PLUS_350,ok,2021-09-23 12:31:00+05:30,17762.6,49.48750000000501,-148.45383769049496,197.9413376905,282.5000000000017,282.5000000000017,60204.49999999999,120.0,21.390658850000005,0.0602045,0.6224773124999999,0.2798478749999999,20.927550000000004,9.19944375,25.461155403
2021-09-20 03:57:00+00:00,2021-09-20,2021-09-23,2021-09-30,1d,17850.0,350.0,ATM_PLUS_350,ok,2021-09-22 15:27:00+05:30,17545.25,125.43125000000543,-86.22504098343208,211.65629098343751,282.5000000000017,282.5000000000017,74826.71875,120.0,26.58593317187501,0.07482671875,0.6224773124999999,0.498042,20.927550000000004,16.548525,26.3989367803125
2021-09-30 09:55:00+00:00,2021-09-30,2021-09-30,2021-10-07,baseline,17250.0,-350.0,ATM_MINUS_350,ok,2021-09-30 15:25:00+05:30,17598.3,-204.51249999999632,-422.5364898074963,218.0239898075,62.49999999999787,62.49999999999787,81805.0,120.0,29.0653165,0.081805,0.6141314999999999,0.6160111874999998,20.43129375,20.36895,26.84648187
2021-09-30 09:55:00+00:00,2021-09-30,2021-09-30,2021-10-07,60m,17250.0,-350.0,ATM_MINUS_350,ok,2021-09-30 14:30:00+05:30,17593.9,827.0875000000015,609.1642706950514,217.92322930495007,62.49999999999787,62.49999999999787,81162.425,120.0,28.837009602500004,0.081162425,0.6141314999999999,0.5908985625,20.43129375,20.563462500000004,26.80527096495
2021-09-30 09:55:00+00:00,2021-09-30,2021-09-30,2021-10-07,120m,17250.0,-350.0,ATM_MINUS_350,ok,2021-09-30 13:21:00+05:30,17618.05,873.700000000002,654.486767491802,219.21323250820004,62.49999999999787,62.49999999999787,82517.3,120.0,29.318396690000004,0.0825173,0.6141314999999999,0.6105225,20.43129375,21.26420625,26.8921645182
2021-09-30 09:55:00+00:00,2021-09-30,2021-09-30,2021-10-07,180m,17250.0,-350.0,ATM_MINUS_350,ok,2021-09-30 12:30:00+05:30,17700.65,1142.2937500000007,915.8767022412384,226.4170477587625,62.49999999999787,62.49999999999787,90079.08125,120.0,32.005097568125,0.09007908125,0.6141314999999999,0.7199203125,20.43129375,25.17939375,27.377131796887497
2021-09-30 09:55:00+00:00,2021-09-30,2021-09-30,2021-10-07,1d,17250.0,-350.0,ATM_MINUS_350,ok,2021-09-29 14:54:00+05:30,17764.7,837.0125000000049,604.0895669793049,232.9229330207,62.49999999999787,62.49999999999787,97192.3,120.0,34.53242419,0.0971923,0.6141314999999999,0.8311978125,20.43129375,28.583362500000003,27.8333309682
2021-10-06 08:49:00+00:00,2021-10-06,2021-10-07,2021-10-14,baseline,17450.0,-250.0,ATM_MINUS_250,ok,2021-10-07 15:29:00+05:30,17796.2,2303.5562500000024,2093.888803621014,209.6674463789875,702.4999999999999,702.4999999999999,71571.29375000001,120.0,25.429280669375004,0.07157129375,0.4832300625,0.555786,16.728075,20.209350000000004,26.1901533533625
2021-10-06 08:49:00+00:00,2021-10-06,2021-10-07,2021-10-14,60m,17450.0,-250.0,ATM_MINUS_250,ok,2021-10-07 14:30:00+05:30,17832.05,1235.3437500000032,1023.1190070934156,212.2247429065875,702.4999999999999,702.4999999999999,74858.94374999999,120.0,26.597382714375005,0.07485894375,0.4832300625,0.6211239375,16.728075,21.31906875,26.4010034984625
2021-10-06 08:49:00+00:00,2021-10-06,2021-10-07,2021-10-14,120m,17450.0,-250.0,ATM_MINUS_250,ok,2021-10-07 13:26:00+05:30,17840.3,1294.3500000000004,1080.7895162087254,213.56048379127495,702.4999999999999,702.4999999999999,76256.2875,120.0,27.09385894875,0.0762562874999999,0.4832300625,0.641199,16.728075,22.04724375,26.490620742525
2021-10-06 08:49:00+00:00,2021-10-06,2021-10-07,2021-10-14,180m,17450.0,-250.0,ATM_MINUS_250,ok,2021-10-07 11:56:00+05:30,17834.0,1348.5375000000058,1134.6468478434058,213.8906521566,702.4999999999999,702.4999999999999,76581.15000000001,120.0,27.209282595000005,0.07658115,0.4832300625,0.6452591249999999,16.728075,22.236768750000003,26.5114554741
2021-10-06 08:49:00+00:00,2021-10-06,2021-10-07,2021-10-14,1d,17450.0,-250.0,ATM_MINUS_250,ok,2021-10-06 15:28:00+05:30,17615.0,354.96875000000546,156.12461006314297,198.8441399368625,702.4999999999999,702.4999999999999,61011.23125,120.0,21.677290463125,0.0610112312499999,0.4832300625,0.426613875,16.728075,13.955025,25.512894304987498
2021-10-18 07:27:00+00:00,2021-10-18,2021-10-21,2021-10-28,baseline,18850.0,350.0,ATM_PLUS_350,ok,2021-10-21 10:16:00+05:30,18225.5,924.1937500000064,687.3677582500937,236.82599174991253,367.50000000000114,367.50000000000114,101319.55625,120.0,35.998838335625,0.1013195562499999,0.5864625,0.9194679375,19.81783125,31.30404375,28.0980284205375
2021-10-18 07:27:00+00:00,2021-10-18,2021-10-21,2021-10-28,60m,18850.0,350.0,ATM_PLUS_350,ok,2021-10-21 10:16:00+05:30,18225.5,924.1937500000064,687.3677582500937,236.82599174991253,367.50000000000114,367.50000000000114,101319.55625,120.0,35.998838335625,0.1013195562499999,0.5864625,0.9194679375,19.81783125,31.30404375,28.0980284205375
2021-10-18 07:27:00+00:00,2021-10-18,2021-10-21,2021-10-28,120m,18850.0,350.0,ATM_PLUS_350,ok,2021-10-21 10:16:00+05:30,18225.5,924.1937500000064,687.3677582500937,236.82599174991253,367.50000000000114,367.50000000000114,101319.55625,120.0,35.998838335625,0.1013195562499999,0.5864625,0.9194679375,19.81783125,31.30404375,28.0980284205375
2021-10-18 07:27:00+00:00,2021-10-18,2021-10-21,2021-10-28,180m,18850.0,350.0,ATM_PLUS_350,ok,2021-10-21 10:16:00+05:30,18225.5,924.1937500000064,687.3677582500937,236.82599174991253,367.50000000000114,367.50000000000114,101319.55625,120.0,35.998838335625,0.1013195562499999,0.5864625,0.9194679375,19.81783125,31.30404375,28.0980284205375
2021-10-18 07:27:00+00:00,2021-10-18,2021-10-21,2021-10-28,1d,18850.0,350.0,ATM_PLUS_350,ok,2021-10-20 12:18:00+05:30,18290.85,6792.362500000005,6564.17953449128,228.182965508725,367.50000000000114,367.50000000000114,89037.46250000001,120.0,31.635010426250005,0.0890374625,0.5864625,0.647214,19.81783125,28.09708125,27.310328619975
2021-11-10 08:01:00+00:00,2021-11-10,2021-11-11,2021-11-18,baseline,18350.0,350.0,ATM_PLUS_350,ok,2021-11-11 15:27:00+05:30,17884.55,1583.7000000000046,1362.2732215800795,221.42677841992497,125.00000000000284,125.00000000000284,84515.5125,120.0,30.02836159125,0.0845155124999999,0.55849275,0.6854844375,18.6482625,24.40134375,27.020317878674994
2021-11-10 08:01:00+00:00,2021-11-10,2021-11-11,2021-11-18,60m,18350.0,350.0,ATM_PLUS_350,ok,2021-11-11 14:10:00+05:30,17818.75,193.918750000006,-33.30338174658155,227.2221317465875,125.00000000000284,125.00000000000284,91431.44375000002,120.0,32.485591964375004,0.09143144375,0.55849275,0.8100701250000002,18.6482625,27.164418750000006,27.4638642134625
2021-11-10 08:01:00+00:00,2021-11-10,2021-11-11,2021-11-18,120m,18350.0,350.0,ATM_PLUS_350,ok,2021-11-11 13:29:00+05:30,17890.35,231.36875000000143,10.657831095113949,220.7109189048875,125.00000000000284,125.00000000000284,84451.39375,120.0,30.005580199375004,0.0844513937499999,0.55849275,0.704807625,18.6482625,23.69311875,27.016205686762497
2021-11-10 08:01:00+00:00,2021-11-10,2021-11-11,2021-11-18,180m,18350.0,350.0,ATM_PLUS_350,ok,2021-11-11 12:17:00+05:30,17842.05,255.7000000000073,30.049969540807297,225.6500304592,125.00000000000284,125.00000000000284,89718.79999999999,120.0,31.87708964,0.0897188,0.55849275,0.78345375,18.6482625,26.3389875,27.354025519200004
2021-11-10 08:01:00+00:00,2021-11-10,2021-11-11,2021-11-18,1d,18350.0,350.0,ATM_PLUS_350,ok,2021-11-10 15:20:00+05:30,18019.15,319.85000000000525,108.81781169543024,211.03218830457504,125.00000000000284,125.00000000000284,74058.7375,120.0,26.31306943375,0.0740587375,0.55849275,0.5475905625,18.6482625,18.54103125,26.349683070825
2021-12-02 07:44:00+00:00,2021-12-02,2021-12-02,2021-12-09,baseline,17650.0,350.0,ATM_PLUS_350,ok,2021-12-02 15:29:00+05:30,17404.35,765.718750000002,561.3444164117645,204.3743335882375,117.4999999999983,117.4999999999983,66710.16875,120.0,23.702122956875,0.0667101687499999,0.5609739375000001,0.4281928124999999,18.723075,15.01486875,25.878389962612506
2021-12-02 07:44:00+00:00,2021-12-02,2021-12-02,2021-12-09,60m,17650.0,350.0,ATM_PLUS_350,ok,2021-12-02 14:31:00+05:30,17342.25,858.6062499999997,649.6549337956873,208.9513162043125,117.4999999999983,117.4999999999983,71554.90625,120.0,25.423458190625,0.07155490625,0.5609739375000001,0.4994705625,18.723075,17.48368125,26.1891023574375
2021-12-02 07:44:00+00:00,2021-12-02,2021-12-02,2021-12-09,120m,17650.0,350.0,ATM_PLUS_350,ok,2021-12-02 13:25:00+05:30,17315.45,915.4124999999992,704.3033279909994,211.109172009,117.4999999999983,117.4999999999983,73832.25,120.0,26.232598425000003,0.07383225,0.5609739375000001,0.532778625,18.723075,18.650756250000004,26.3351575215
2021-12-02 07:44:00+00:00,2021-12-02,2021-12-02,2021-12-09,180m,17650.0,350.0,ATM_PLUS_350,ok,2021-12-02 11:45:00+05:30,17315.85,401.3687500000003,189.93006018993785,211.43868981006247,117.4999999999983,117.4999999999983,74451.03125,120.0,26.452451403125,0.07445103125,0.5609739375000001,0.5497709999999999,18.723075,18.703125,26.374842438187496
2021-12-02 07:44:00+00:00,2021-12-02,2021-12-02,2021-12-09,1d,17650.0,350.0,ATM_PLUS_350,ok,2021-12-01 15:25:00+05:30,17172.1,900.924999999998,678.789445477273,222.13555452272496,117.4999999999983,117.4999999999983,85627.2125,120.0,30.42334860125,0.0856272125,0.5609739375000001,0.7099203749999999,18.723075,24.54099375,27.091615646474995
2021-12-22 03:55:00+00:00,2021-12-22,2021-12-23,2021-12-30,baseline,16650.0,-250.0,ATM_MINUS_250,ok,2021-12-23 15:28:00+05:30,17055.9,-874.2999999999952,-1090.0503415248702,215.750341524875,114.99999999999916,114.99999999999916,79721.6875,120.0,28.32511556875,0.0797216875,0.5146584375000001,0.694281375,17.184431250000003,22.2392625,26.712870706125
2021-12-22 03:55:00+00:00,2021-12-22,2021-12-23,2021-12-30,60m,16650.0,-250.0,ATM_MINUS_250,ok,2021-12-23 14:22:00+05:30,17060.85,1100.5437500000032,882.8463351832158,217.69741481678744,114.99999999999916,114.99999999999916,80779.24375,120.0,28.700865304375,0.08077924375,0.5146584375000001,0.6805220625,17.184431250000003,23.755462500000004,26.780696018662493
2021-12-22 03:55:00+00:00,2021-12-22,2021-12-23,2021-12-30,120m,16650.0,-250.0,ATM_MINUS_250,ok,2021-12-23 13:29:00+05:30,17103.0,901.7562500000072,680.8667522795697,220.8894977204375,114.99999999999916,114.99999999999916,84294.71875,120.0,29.949913571875,0.08429471875,0.5146584375000001,0.7362359999999999,17.184431250000003,25.413806250000004,27.0061574923125
2021-12-22 03:55:00+00:00,2021-12-22,2021-12-23,2021-12-30,180m,16650.0,-250.0,ATM_MINUS_250,ok,2021-12-23 12:16:00+05:30,17076.8,976.4500000000048,758.2161450003048,218.23385499970004,114.99999999999916,114.99999999999916,81417.05,120.0,28.927477865000004,0.08141705,0.5146584375000001,0.6919505625,17.184431250000003,24.01231875,26.821601084700003
2021-12-22 03:55:00+00:00,2021-12-22,2021-12-23,2021-12-30,1d,16650.0,-250.0,ATM_MINUS_250,ok,2021-12-22 15:29:00+05:30,16966.65,576.4375000000048,365.8754636871047,210.5620363129001,114.99999999999916,114.99999999999916,73423.1,120.0,26.08722743,0.0734231,0.5146584375000001,0.5780414999999999,17.184431250000003,19.8153375,26.308917095400005
2022-01-06 03:52:00+00:00,2022-01-06,2022-01-06,2022-01-13,baseline,18150.0,350.0,ATM_PLUS_350,ok,2022-01-06 15:27:00+05:30,17743.85,1002.5437500000038,781.9002659105663,220.6434840894375,554.9999999999983,554.9999999999983,83979.46875,120.0,29.837905246875,0.08397946875,0.6118006875,0.6328531875,20.84525625,21.64575,26.9859392488125
2022-01-06 03:52:00+00:00,2022-01-06,2022-01-06,2022-01-13,60m,18150.0,350.0,ATM_PLUS_350,ok,2022-01-06 14:31:00+05:30,17786.7,1219.187500000004,1001.860778803204,217.3267211968,554.9999999999983,554.9999999999983,80321.45000000001,120.0,28.538211185000005,0.08032145,0.6118006875,0.57473325,20.84525625,19.9250625,26.7513358743
2022-01-06 03:52:00+00:00,2022-01-06,2022-01-06,2022-01-13,120m,18150.0,350.0,ATM_PLUS_350,ok,2022-01-06 12:42:00+05:30,17684.3,-540.1437499999957,-766.6607925440583,226.5170425440625,554.9999999999983,554.9999999999983,91058.28125,120.0,32.353007328125,0.09105828125,0.6118006875,0.7621756875000001,20.84525625,24.41381250000001,27.4399318096875
2022-01-06 03:52:00+00:00,2022-01-06,2022-01-06,2022-01-13,180m,18150.0,350.0,ATM_PLUS_350,ok,2022-01-06 12:06:00+05:30,17680.75,1072.1375000000053,844.7604215430054,227.37707845699995,554.9999999999983,554.9999999999983,91141.75,120.0,32.382663775000005,0.09114175,0.6118006875,0.7392435,20.84525625,25.2616875,27.4452849945
2022-01-06 03:52:00+00:00,2022-01-06,2022-01-06,2022-01-13,1d,18150.0,350.0,ATM_PLUS_350,ok,2022-01-05 15:29:00+05:30,17909.5,1185.4437500000015,977.0222216383142,208.42152836168748,554.9999999999983,554.9999999999983,70819.09375,120.0,25.162024009375003,0.0708190937499999,0.6118006875,0.4327040624999999,20.84525625,15.157012500000002,26.141911758562497
2022-01-19 04:53:00+00:00,2022-01-19,2022-01-20,2022-01-27,baseline,17750.0,-250.0,ATM_MINUS_250,ok,2022-01-20 15:29:00+05:30,17777.85,2664.1000000000013,2472.2351236050763,191.864876394925,102.49999999999702,102.49999999999702,52353.01250000001,120.0,18.60102534125,0.0523530125,0.5540566875,0.191277,18.4786875,9.02986875,24.957608103675
2022-01-19 04:53:00+00:00,2022-01-19,2022-01-20,2022-01-27,60m,17750.0,-250.0,ATM_MINUS_250,ok,2022-01-20 14:31:00+05:30,17689.85,1388.2187500000014,1193.8336693698388,194.3850806301625,102.49999999999702,102.49999999999702,55708.68125,120.0,19.793294448125,0.0557086812499999,0.5540566875,0.2607502499999999,18.4786875,10.0697625,25.1728205632875
2022-01-19 04:53:00+00:00,2022-01-19,2022-01-20,2022-01-27,120m,17750.0,-250.0,ATM_MINUS_250,ok,2022-01-20 13:31:00+05:30,17716.8,1244.4000000000017,1049.5908967802266,194.80910321977504,102.49999999999702,102.49999999999702,56236.5375,120.0,19.98084177375,0.0562365374999999,0.5540566875,0.270825375,18.4786875,10.261781250000002,25.206674096025
2022-01-19 04:53:00+00:00,2022-01-19,2022-01-20,2022-01-27,180m,17750.0,-250.0,ATM_MINUS_250,ok,2022-01-20 12:31:00+05:30,17817.1,1538.3500000000013,1343.0061386328014,195.3438613672,102.49999999999702,102.49999999999702,56655.8,120.0,20.12980574,0.0566558,0.5540566875,0.2727050625,18.4786875,10.6183875,25.2335630772
2022-01-19 04:53:00+00:00,2022-01-19,2022-01-20,2022-01-27,1d,17750.0,-250.0,ATM_MINUS_250,ok,2022-01-19 15:29:00+05:30,17943.1,-1843.043749999999,-2043.8250413455116,200.78129134551253,102.49999999999702,102.49999999999702,64221.70625000001,120.0,22.817972230625003,0.06422170625,0.5540566875,0.4369145625,18.4786875,12.71064375,25.718794908637506
2022-01-27 03:50:00+00:00,2022-01-27,2022-01-27,2022-02-03,baseline,16600.0,-400.0,ATM_MINUS_400,ok,2022-01-27 15:29:00+05:30,17152.65,2636.7875000000054,2384.2031334265557,252.58436657345,125.00000000000142,125.00000000000142,117277.67500000002,120.0,41.6687579275,0.117277675,0.8414233124999999,0.87819,28.03224375,31.924987500000004,29.12148640845
2022-01-27 03:50:00+00:00,2022-01-27,2022-01-27,2022-02-03,60m,16600.0,-400.0,ATM_MINUS_400,ok,2022-01-27 14:30:00+05:30,17131.15,1620.6750000000056,1368.1648061952806,252.51019380472505,125.00000000000142,125.00000000000142,117725.2125,120.0,41.82776800125,0.1177252125,0.8414233124999999,0.9001447499999998,28.03224375,31.6407,29.150188778475
2022-01-27 03:50:00+00:00,2022-01-27,2022-01-27,2022-02-03,120m,16600.0,-400.0,ATM_MINUS_400,ok,2022-01-27 13:30:00+05:30,16996.8,381.9874999999996,138.04969786567457,243.93780213432504,125.00000000000142,125.00000000000142,109203.3625,120.0,38.799954696250005,0.1092033625,0.8414233124999999,0.7908973125000002,28.03224375,26.76043125,28.603648450575005
2022-01-27 03:50:00+00:00,2022-01-27,2022-01-27,2022-02-03,180m,16600.0,-400.0,ATM_MINUS_400,ok,2022-01-27 12:31:00+05:30,16934.5,-34.18749999999733,-274.6223691379473,240.43486913795,125.00000000000142,125.00000000000142,105674.425,120.0,37.546123202500006,0.105674425,0.8414233124999999,0.744205875,28.03224375,24.787875,28.37732357295
2022-01-27 03:50:00+00:00,2022-01-27,2022-01-27,2022-02-03,1d,16600.0,-400.0,ATM_MINUS_400,ok,2022-01-25 15:29:00+05:30,17267.4,788.0250000000033,521.8291462302033,266.1958537698,125.00000000000142,125.00000000000142,132787.2,120.0,47.17929216,0.1327871999999999,0.8414233124999999,1.1385643125,28.03224375,38.75536875,30.1161742848
2022-02-01 07:34:00+00:00,2022-02-01,2022-02-03,2022-02-10,baseline,17850.0,400.0,ATM_PLUS_400,ok,2022-02-03 15:29:00+05:30,17520.25,-2787.062499999993,-3014.1484108221684,227.08591082217504,1164.9999999999975,1164.9999999999975,92831.38749999998,120.0,32.98299197875,0.0928313874999999,0.816085125,0.618191625,28.22925,16.792912500000003,27.553648205925
2022-02-01 07:34:00+00:00,2022-02-01,2022-02-03,2022-02-10,60m,17850.0,400.0,ATM_PLUS_400,ok,2022-02-03 14:31:00+05:30,17632.85,651.7062500000065,430.918733203319,220.78751679668756,1164.9999999999975,1164.9999999999975,84315.34374999999,120.0,29.957241634374995,0.0843153437499999,0.816085125,0.4388694374999999,28.22925,14.254275000000002,27.0074802560625
2022-02-01 07:34:00+00:00,2022-02-01,2022-02-03,2022-02-10,120m,17850.0,400.0,ATM_PLUS_400,ok,2022-02-03 13:31:00+05:30,17650.9,1106.1625000000076,885.8876072367827,220.27489276322493,1164.9999999999975,1164.9999999999975,83531.7125,120.0,29.678817451249994,0.0835317124999999,0.816085125,0.4202981249999999,28.22925,14.0896875,26.957222849474995
2022-02-01 07:34:00+00:00,2022-02-01,2022-02-03,2022-02-10,180m,17850.0,400.0,ATM_PLUS_400,ok,2022-02-03 12:31:00+05:30,17648.3,1084.9000000000074,864.1629786075823,220.737021392425,1164.9999999999975,1164.9999999999975,84036.7625,120.0,29.858261716249995,0.0840367624999999,0.816085125,0.4281928125000001,28.22925,14.331581250000005,26.989613726175
2022-02-01 07:34:00+00:00,2022-02-01,2022-02-03,2022-02-10,1d,17850.0,400.0,ATM_PLUS_400,ok,2022-02-02 15:29:00+05:30,17791.6,1466.6687500000066,1249.215563441744,217.4531865582625,1164.9999999999975,1164.9999999999975,80328.33124999999,120.0,28.540656093125,0.08032833125,0.816085125,0.3668398125,28.22925,12.66825,26.751777196387497
2022-02-09 09:38:00+00:00,2022-02-09,2022-02-10,2022-02-17,baseline,17050.0,-400.0,ATM_MINUS_400,ok,2022-02-10 15:20:00+05:30,17600.5,96.61875000000268,-142.6421505346098,239.2609005346125,89.99999999999844,89.99999999999844,104351.60625,120.0,37.07612570062499,0.1043516062499999,0.6964618124999999,0.867363,23.189381250000004,29.03473125,28.292485915237496
2022-02-09 09:38:00+00:00,2022-02-09,2022-02-10,2022-02-17,60m,17050.0,-400.0,ATM_MINUS_400,ok,2022-02-10 13:39:00+05:30,17622.6,760.1875000000076,519.1353596621327,241.05214033787496,89.99999999999844,89.99999999999844,105922.4375,120.0,37.63424204375,0.1059224375,0.6964618124999999,0.8809719374999999,23.189381250000004,30.15193125,28.393229606625
2022-02-09 09:38:00+00:00,2022-02-09,2022-02-10,2022-02-17,120m,17050.0,-400.0,ATM_MINUS_400,ok,2022-02-10 13:02:00+05:30,17617.55,578.6062500000083,337.9855217716208,240.6207282283875,89.99999999999844,89.99999999999844,105555.39375,120.0,37.503831399375,0.1055553937499999,0.6964618124999999,0.8781899999999999,23.189381250000004,29.87761875,28.369689622762497
2022-02-09 09:38:00+00:00,2022-02-09,2022-02-10,2022-02-17,180m,17050.0,-400.0,ATM_MINUS_400,ok,2022-02-10 12:27:00+05:30,17577.4,1011.3812500000068,773.4608195352442,237.9204304647625,89.99999999999844,89.99999999999844,102444.33125,120.0,36.398470893125,0.1024443312499999,0.6964618124999999,0.8250324375,23.189381250000004,28.538475,28.1701647403875
2022-02-09 09:38:00+00:00,2022-02-09,2022-02-10,2022-02-17,1d,17050.0,-400.0,ATM_MINUS_400,ok,2022-02-09 15:28:00+05:30,17470.8,321.77500000000305,92.75359917967808,229.02140082032497,89.99999999999844,89.99999999999844,93288.6125,120.0,33.14544402125,0.0932886124999999,0.6964618124999999,0.6980407500000001,23.189381250000004,23.6158125,27.582971874075
2022-02-14 03:51:00+00:00,2022-02-14,2022-02-17,2022-02-24,baseline,16750.0,-250.0,ATM_MINUS_250,ok,2022-02-17 15:18:00+05:30,17282.85,213.7437500000132,-36.003706164774314,249.74745616478756,1962.5,1962.5,115501.24374999998,120.0,41.037591904375006,0.11550124375,0.7829274374999999,0.9463850625,27.925012500000005,29.93248125000001,29.0075567666625
2022-02-14 03:51:00+00:00,2022-02-14,2022-02-17,2022-02-24,60m,16750.0,-250.0,ATM_MINUS_250,ok,2022-02-17 11:41:00+05:30,17337.45,1861.6625000000092,1609.4054849481845,252.257015051825,1962.5,1962.5,117329.6125,120.0,41.68721132125,0.1173296124999999,0.7829274374999999,0.9490918125,27.925012500000005,31.670625,29.124817368075
2022-02-14 03:51:00+00:00,2022-02-14,2022-02-17,2022-02-24,120m,16750.0,-250.0,ATM_MINUS_250,ok,2022-02-17 11:41:00+05:30,17337.45,1861.6625000000092,1609.4054849481845,252.257015051825,1962.5,1962.5,117329.6125,120.0,41.68721132125,0.1173296124999999,0.7829274374999999,0.9490918125,27.925012500000005,31.670625,29.124817368075
2022-02-14 03:51:00+00:00,2022-02-14,2022-02-17,2022-02-24,180m,16750.0,-250.0,ATM_MINUS_250,ok,2022-02-17 11:41:00+05:30,17337.45,1861.6625000000092,1609.4054849481845,252.257015051825,1962.5,1962.5,117329.6125,120.0,41.68721132125,0.1173296124999999,0.7829274374999999,0.9490918125,27.925012500000005,31.670625,29.124817368075
2022-02-14 03:51:00+00:00,2022-02-14,2022-02-17,2022-02-24,1d,16750.0,-250.0,ATM_MINUS_250,ok,2022-02-16 14:54:00+05:30,17308.25,1449.393750000009,1197.4222482706216,251.9715017293875,1962.5,1962.5,117238.14375,120.0,41.654712474375,0.1172381437499999,0.7829274374999999,0.9539038125,27.925012500000005,31.41875625,29.1189511112625
2022-02-24 05:47:00+00:00,2022-02-24,2022-02-24,2022-03-03,baseline,16250.0,-350.0,ATM_MINUS_350,ok,2022-02-24 15:29:00+05:30,16217.75,-2280.043749999993,-2505.683592821956,225.63984282196253,57.500000000001705,57.500000000001705,91022.63124999998,120.0,32.340340883125,0.0910226312499999,0.7993183124999999,0.6002218125,26.5684125,17.802881250000002,27.4376454325875
2022-02-24 05:47:00+00:00,2022-02-24,2022-02-24,2022-03-03,60m,16250.0,-350.0,ATM_MINUS_350,ok,2022-02-24 14:30:00+05:30,16406.95,-977.4249999999938,-1207.3908464078938,229.9658464079,57.500000000001705,57.500000000001705,94971.85,120.0,33.743498305,0.0949718499999999,0.7993183124999999,0.6399208125,26.5684125,20.428800000000003,27.6909246279
2022-02-24 05:47:00+00:00,2022-02-24,2022-02-24,2022-03-03,120m,16250.0,-350.0,ATM_MINUS_350,ok,2022-02-24 13:31:00+05:30,16435.15,-1188.643749999993,-1419.8990986455303,231.25534864553748,57.500000000001705,57.500000000001705,96459.86875,120.0,34.272191366875,0.0964598687499999,0.7993183124999999,0.6654093749999999,26.5684125,21.0672,27.7863572224125
2022-02-24 05:47:00+00:00,2022-02-24,2022-02-24,2022-03-03,180m,16250.0,-350.0,ATM_MINUS_350,ok,2022-02-24 12:26:00+05:30,16555.0,-388.6187499999906,-625.8634544837531,237.2447044837625,57.500000000001705,57.500000000001705,102447.83125,120.0,36.399714443125,0.1024478312499999,0.7993183124999999,0.7432284374999999,26.5684125,24.461193750000003,28.170389209387498
2022-02-24 05:47:00+00:00,2022-02-24,2022-02-24,2022-03-03,1d,16250.0,-350.0,ATM_MINUS_350,ok,2022-02-22 09:39:00+05:30,16873.75,719.0625000000061,455.1589907588312,263.90350924117496,57.500000000001705,57.500000000001705,130372.3875,120.0,46.32130927875,0.1303723875,0.7993183124999999,1.1454815625,26.5684125,38.9773125,29.961302699925
2022-03-03 04:11:00+00:00,2022-03-03,2022-03-03,2022-03-10,baseline,16250.0,-400.0,ATM_MINUS_400,ok,2022-03-03 15:29:00+05:30,16508.75,1603.6812500000085,1370.0772456945458,233.6040043054625,1222.5000000000025,1222.5000000000025,97522.88125,120.0,34.649879708125006,0.09752288125,0.8131528124999999,0.6256351875,28.18935,21.37393125,27.8545324660875
2022-03-03 04:11:00+00:00,2022-03-03,2022-03-03,2022-03-10,60m,16250.0,-400.0,ATM_MINUS_400,ok,2022-03-03 14:30:00+05:30,16544.8,-156.4062499999892,-392.9351805817017,236.52893058171247,1222.5000000000025,1222.5000000000025,101562.25625,120.0,36.085069645625,0.1015622562499999,0.8131528124999999,0.7126271249999999,28.18935,22.513575000000007,28.113593742337496
2022-03-03 04:11:00+00:00,2022-03-03,2022-03-03,2022-03-10,120m,16250.0,-400.0,ATM_MINUS_400,ok,2022-03-03 13:30:00+05:30,16496.35,347.3062500000083,111.9233076382958,235.38294236171248,1222.5000000000025,1222.5000000000025,100076.00625,120.0,35.557005020625006,0.10007600625,0.8131528124999999,0.6827776875,28.18935,22.022306250000003,28.0182745848375
2022-03-03 04:11:00+00:00,2022-03-03,2022-03-03,2022-03-10,180m,16250.0,-400.0,ATM_MINUS_400,ok,2022-03-03 12:23:00+05:30,16582.0,386.1937500000053,146.6340600000428,239.5596899999625,1222.5000000000025,1222.5000000000025,104520.88125,120.0,37.136269108125006,0.10452088125,0.8131528124999999,0.7488675,28.18935,24.2641875,28.303342198087503
2022-03-03 04:11:00+00:00,2022-03-03,2022-03-03,2022-03-10,1d,16250.0,-400.0,ATM_MINUS_400,ok,2022-03-02 15:29:00+05:30,16628.75,1522.2375000000056,1268.4886044672055,253.7488955328,1222.5000000000025,1222.5000000000025,119100.45,120.0,42.316389885,0.11910045,0.8131528124999999,0.950520375,28.18935,32.12199375,29.2383882603
2022-03-10 04:14:00+00:00,2022-03-10,2022-03-10,2022-03-17,baseline,16200.0,-400.0,ATM_MINUS_400,ok,2022-03-10 15:29:00+05:30,16566.3,-2319.2499999999995,-2554.8636307280244,235.61363072802496,257.49999999999955,257.49999999999955,101705.1625,120.0,36.13584423625,0.1017051625,0.7728523125,0.7875138749999999,25.8901125,23.80284375,28.122758891775
2022-03-10 04:14:00+00:00,2022-03-10,2022-03-10,2022-03-17,60m,16200.0,-400.0,ATM_MINUS_400,ok,2022-03-10 14:31:00+05:30,16559.2,220.91875000000272,-14.922352617334807,235.84110261733755,257.49999999999955,257.49999999999955,100631.31875,120.0,35.754307551875,0.10063131875,0.7728523125,0.7333036874999999,25.8901125,24.536006250000003,28.0538889967125
2022-03-10 04:14:00+00:00,2022-03-10,2022-03-10,2022-03-17,120m,16200.0,-400.0,ATM_MINUS_400,ok,2022-03-10 13:31:00+05:30,16646.75,265.0062499999976,23.18986785026007,241.8163821497375,257.49999999999955,257.49999999999955,106996.16875,120.0,38.015738756875,0.10699616875,0.7728523125,0.828115125,25.8901125,27.740475,28.4620922866125
2022-03-10 04:14:00+00:00,2022-03-10,2022-03-10,2022-03-17,180m,16200.0,-400.0,ATM_MINUS_400,ok,2022-03-10 12:30:00+05:30,16690.7,272.27500000000333,28.497726093828305,243.77727390617505,257.49999999999955,257.49999999999955,109088.6375,120.0,38.759192903750005,0.1090886375,0.7728523125,0.8593931249999999,25.8901125,28.790343750000005,28.596290677425003
2022-03-10 04:14:00+00:00,2022-03-10,2022-03-10,2022-03-17,1d,16200.0,-400.0,ATM_MINUS_400,ok,2022-03-09 15:29:00+05:30,16370.05,58.281250000001705,-172.8556615522108,231.1369115522125,257.49999999999955,257.49999999999955,95686.75625,120.0,33.997504495625,0.09568675625,0.7728523125,0.6615748124999999,25.8901125,21.982406250000004,27.736774425337497
2022-03-15 07:11:00+00:00,2022-03-15,2022-03-17,2022-03-24,baseline,17100.0,300.0,ATM_PLUS_300,ok,2022-03-17 15:29:00+05:30,17299.4,1654.7125000000017,1429.8885823743765,224.823917625625,710.0000000000023,710.0000000000023,88110.3125,120.0,31.305594031250006,0.0881103125,0.8310474375,0.4657865624999999,28.27164375,16.61086875,27.250866781875
2022-03-15 07:11:00+00:00,2022-03-15,2022-03-17,2022-03-24,60m,17100.0,300.0,ATM_PLUS_300,ok,2022-03-17 14:31:00+05:30,17327.65,1506.7875000000015,1279.0696728174764,227.717827182525,710.0000000000023,710.0000000000023,91280.6625,120.0,32.432019386250005,0.0912806625,0.8310474375,0.5155606875000001,28.27164375,18.122081250000004,27.454194008775
2022-03-15 07:11:00+00:00,2022-03-15,2022-03-17,2022-03-24,120m,17100.0,300.0,ATM_PLUS_300,ok,2022-03-17 13:31:00+05:30,17290.3,1331.612500000003,1105.784599367178,225.827900632825,710.0000000000023,710.0000000000023,89351.1125,120.0,31.74645027125,0.0893511125,0.8310474375,0.4892450625,28.27164375,17.06971875,27.330444249075
2022-03-15 07:11:00+00:00,2022-03-15,2022-03-17,2022-03-24,180m,17100.0,300.0,ATM_PLUS_300,ok,2022-03-17 12:31:00+05:30,17308.8,1326.693750000003,1099.963196719466,226.7305532805375,710.0000000000023,710.0000000000023,90318.61875,120.0,32.090205241875005,0.09031861875,0.8310474375,0.5038314375,28.27164375,17.551012500000002,27.392494294912492
2022-03-15 07:11:00+00:00,2022-03-15,2022-03-17,2022-03-24,1d,17100.0,300.0,ATM_PLUS_300,ok,2022-03-16 15:29:00+05:30,16966.35,1134.6812500000028,903.5486414666652,231.13260853333756,710.0000000000023,710.0000000000023,95124.06875,120.0,33.797581626875,0.09512406875,0.8310474375,0.5787933749999999,28.27164375,19.85773125,27.700687025212503
2022-03-22 07:12:00+00:00,2022-03-22,2022-03-24,2022-03-31,baseline,17550.0,400.0,ATM_PLUS_400,ok,2022-03-24 15:29:00+05:30,17197.95,-396.8374999999981,-624.992891669023,228.155391669025,132.5000000000017,132.5000000000017,92735.41250000002,120.0,32.94889206125001,0.0927354125,0.7878898125,0.6090939375,26.264175,19.905112500000005,27.547492945275
2022-03-22 07:12:00+00:00,2022-03-22,2022-03-24,2022-03-31,60m,17550.0,400.0,ATM_PLUS_400,ok,2022-03-24 14:31:00+05:30,17229.75,1573.2000000000055,1345.9786349730057,227.221365027,132.5000000000017,132.5000000000017,90715.5,120.0,32.231217150000006,0.0907155,0.7878898125,0.5492446875,26.264175,19.880175000000005,27.417947877
2022-03-22 07:12:00+00:00,2022-03-22,2022-03-24,2022-03-31,120m,17550.0,400.0,ATM_PLUS_400,ok,2022-03-24 13:27:00+05:30,17208.95,1661.6250000000036,1431.9007795935786,229.72422040642505,132.5000000000017,132.5000000000017,93345.2625,120.0,33.165571766250004,0.0933452625,0.7878898125,0.5873647499999999,26.264175,21.23926875,27.586605065175
2022-03-22 07:12:00+00:00,2022-03-22,2022-03-24,2022-03-31,180m,17550.0,400.0,ATM_PLUS_400,ok,2022-03-24 12:27:00+05:30,17167.85,1130.0250000000062,896.2169757693812,233.80802423062505,132.5000000000017,132.5000000000017,97986.5625,120.0,34.81462565625001,0.0979865625,0.7878898125,0.6649582500000001,26.264175,23.29411875000001,27.884270199375003
2022-03-22 07:12:00+00:00,2022-03-22,2022-03-24,2022-03-31,1d,17550.0,400.0,ATM_PLUS_400,ok,2022-03-23 15:29:00+05:30,17223.6,899.6875000000017,667.7352242994017,231.9522757006,132.5000000000017,132.5000000000017,96122.15,120.0,34.152199895,0.09612215,0.7878898125,0.640447125,26.264175,22.24674375,27.7646979681
2022-04-05 07:35:00+00:00,2022-04-05,2022-04-07,2022-04-13,baseline,17750.0,-300.0,ATM_MINUS_300,ok,2022-04-07 15:29:00+05:30,17656.45,3215.156250000004,3013.1309087216664,202.02534127833752,314.9999999999999,314.9999999999999,62929.06875,120.0,22.358698126875,0.06292906875,0.6293945624999999,0.266314125,21.189393750000004,11.88271875,25.6358928952125
2022-04-05 07:35:00+00:00,2022-04-05,2022-04-07,2022-04-13,60m,17750.0,-300.0,ATM_MINUS_300,ok,2022-04-07 14:31:00+05:30,17665.9,1662.6937500000067,1462.3671820444945,200.32656795551247,314.9999999999999,314.9999999999999,61917.95625,120.0,21.999449855625,0.0619179562499999,0.6293945624999999,0.274434375,21.189393750000004,10.600931250000002,25.571046206137492
2022-04-05 07:35:00+00:00,2022-04-05,2022-04-07,2022-04-13,120m,17750.0,-300.0,ATM_MINUS_300,ok,2022-04-07 13:31:00+05:30,17715.4,2140.5625000000045,1942.0141151971543,198.54838480285,314.9999999999999,314.9999999999999,59769.275,120.0,21.2360234075,0.0597692749999999,0.6293945624999999,0.2350361249999999,21.189393750000004,9.765525000000002,25.43324268285
2022-04-05 07:35:00+00:00,2022-04-05,2022-04-07,2022-04-13,180m,17750.0,-300.0,ATM_MINUS_300,ok,2022-04-07 12:31:00+05:30,17772.7,2688.412500000005,2488.795220928905,199.6172790711,314.9999999999999,314.9999999999999,60627.9,120.0,21.54109287,0.0606279,0.6293945624999999,0.23969775,21.189393750000004,10.4687625,25.4883097386
2022-04-05 07:35:00+00:00,2022-04-05,2022-04-07,2022-04-13,1d,17750.0,-300.0,ATM_MINUS_300,ok,2022-04-06 15:29:00+05:30,17798.0,1311.168750000006,1106.6995258105935,204.4692241894125,314.9999999999999,314.9999999999999,66528.80625000001,120.0,23.637684860625004,0.06652880625,0.6293945624999999,0.34887,21.189393750000004,12.73059375,25.8667584600375
2022-04-11 05:56:00+00:00,2022-04-11,2022-04-13,2022-04-21,baseline,18050.0,350.0,ATM_PLUS_350,ok,2022-04-13 15:22:00+05:30,17475.45,1190.1937500000088,953.6135415751212,236.58020842488747,497.4999999999994,497.4999999999994,100918.89375,120.0,35.856482949375,0.10091889375,0.6466876874999999,0.8492428124999999,21.945,29.10954375,28.072332331762496
2022-04-11 05:56:00+00:00,2022-04-11,2022-04-13,2022-04-21,60m,18050.0,350.0,ATM_PLUS_350,ok,2022-04-13 14:16:00+05:30,17518.25,1719.2750000000046,1486.7727953916046,232.50220460839995,497.4999999999994,497.4999999999994,96285.1,120.0,34.21009603,0.0962851,0.6466876874999999,0.7717996875000002,21.945,27.057187500000005,27.775148603399995
2022-04-11 05:56:00+00:00,2022-04-11,2022-04-13,2022-04-21,120m,18050.0,350.0,ATM_PLUS_350,ok,2022-04-13 13:22:00+05:30,17502.6,1096.1500000000058,862.7792685939057,233.3707314061,497.4999999999994,497.4999999999994,97536.65,120.0,34.654771745000005,0.09753665,0.6466876874999999,0.7999198125,21.945,27.3714,27.8554155111
2022-04-11 05:56:00+00:00,2022-04-11,2022-04-13,2022-04-21,180m,18050.0,350.0,ATM_PLUS_350,ok,2022-04-13 10:42:00+05:30,17553.25,255.02500000000623,25.38101712165621,229.64398287835,497.4999999999994,497.4999999999994,93988.775,120.0,33.3942117575,0.093988775,0.6466876874999999,0.7593185625,21.945,25.176900000000003,27.62787609585
2022-04-11 05:56:00+00:00,2022-04-11,2022-04-13,2022-04-21,1d,18050.0,350.0,ATM_PLUS_350,ok,2022-04-12 15:25:00+05:30,17526.85,1220.187500000003,988.267616946603,231.9198830534,497.4999999999994,497.4999999999994,95921.35,120.0,34.080855655,0.09592135,0.6466876874999999,0.77382975,21.945,26.625768749999995,27.7518198609
2022-04-20 03:56:00+00:00,2022-04-20,2022-04-21,2022-04-28,baseline,16750.0,-350.0,ATM_MINUS_350,ok,2022-04-21 15:29:00+05:30,17400.1,1114.0937500000196,869.655258492957,244.4384915070625,347.5000000000023,347.5000000000023,109359.03125,120.0,38.855263803125,0.1093590312499999,0.62766525,0.9960088125,21.164456250000004,34.072106250000004,28.6136321101875
2022-04-20 03:56:00+00:00,2022-04-20,2022-04-21,2022-04-28,60m,16750.0,-350.0,ATM_MINUS_350,ok,2022-04-21 12:44:00+05:30,17361.6,1251.2687500000116,1009.4487282139992,241.8200217860125,347.5000000000023,347.5000000000023,106488.70625000002,120.0,37.835437330625,0.1064887062499999,0.62766525,0.9508963124999998,21.164456250000004,32.70553125,28.429546686637494
2022-04-20 03:56:00+00:00,2022-04-20,2022-04-21,2022-04-28,120m,16750.0,-350.0,ATM_MINUS_350,ok,2022-04-21 12:44:00+05:30,17361.6,1251.2687500000116,1009.4487282139992,241.8200217860125,347.5000000000023,347.5000000000023,106488.70625000002,120.0,37.835437330625,0.1064887062499999,0.62766525,0.9508963124999998,21.164456250000004,32.70553125,28.429546686637494
2022-04-20 03:56:00+00:00,2022-04-20,2022-04-21,2022-04-28,180m,16750.0,-350.0,ATM_MINUS_350,ok,2022-04-21 12:06:00+05:30,17339.55,1311.9687500000034,1072.252206856166,239.7165431438375,347.5000000000023,347.5000000000023,104208.56875000002,120.0,37.025304476875,0.1042085687499999,0.62766525,0.91578375,21.164456250000004,31.5958125,28.2833123482125
2022-04-20 03:56:00+00:00,2022-04-20,2022-04-21,2022-04-28,1d,16750.0,-350.0,ATM_MINUS_350,ok,2022-04-20 15:28:00+05:30,17142.3,828.5250000000073,603.6555228292573,224.86947717075,347.5000000000023,347.5000000000023,88587.37499999999,120.0,31.4750943375,0.088587375,0.62766525,0.6887175,21.164456250000004,23.543493750000003,27.28146270825
2022-04-28 09:43:00+00:00,2022-04-28,2022-04-28,2022-05-05,baseline,17100.0,-150.0,ATM_MINUS_150,ok,2022-04-28 15:29:00+05:30,17229.5,56.51250000000019,-131.32025004719978,187.8327500472,172.50000000000014,172.50000000000014,49394.55,120.0,17.549883615,0.0493945499999999,0.3642834375,0.375787125,12.2542875,12.47124375,24.767870069699995
2022-04-28 09:43:00+00:00,2022-04-28,2022-04-28,2022-05-05,60m,17100.0,-150.0,ATM_MINUS_150,ok,2022-04-28 14:31:00+05:30,17288.75,636.4062500000002,445.4475674577377,190.9586825422625,172.50000000000014,172.50000000000014,52435.58125000001,120.0,18.630362018125,0.0524355812499999,0.3642834375,0.4127041875,12.2542875,14.28170625,24.962903567887498
2022-04-28 09:43:00+00:00,2022-04-28,2022-04-28,2022-05-05,120m,17100.0,-150.0,ATM_MINUS_150,ok,2022-04-28 13:31:00+05:30,17243.95,1122.0125000000016,933.8525598458266,188.15994015417505,172.50000000000014,172.50000000000014,49191.8875,120.0,17.47787762875,0.0491918875,0.3642834375,0.3567646875,12.2542875,12.9026625,24.754872512925
2022-04-28 09:43:00+00:00,2022-04-28,2022-04-28,2022-05-05,180m,17100.0,-150.0,ATM_MINUS_150,ok,2022-04-28 12:31:00+05:30,17185.95,1122.987500000003,937.0627625379028,185.9247374621,172.50000000000014,172.50000000000014,46801.9,120.0,16.628715070000002,0.0468019,0.3642834375,0.32090025,12.2542875,11.708156250000002,24.6015930546
2022-04-28 09:43:00+00:00,2022-04-28,2022-04-28,2022-05-05,1d,17100.0,-150.0,ATM_MINUS_150,ok,2022-04-27 15:29:00+05:30,17038.2,470.2562500000028,280.81832100829024,189.4379289917125,172.50000000000014,172.50000000000014,50896.006250000006,120.0,18.083351020625,0.0508960062499999,0.3642834375,0.3921028125,12.2542875,13.428843750000002,24.8641644648375
2022-05-04 07:33:00+00:00,2022-05-04,2022-05-05,2022-05-12,baseline,16650.0,-250.0,ATM_MINUS_250,ok,2022-05-05 15:29:00+05:30,16671.6,78.2187499999992,-119.27575679066328,197.49450679066248,1042.4999999999982,1042.4999999999982,59711.93125,120.0,21.215649173125,0.0597119312499999,0.5883421875,0.3061635,20.5534875,9.3415875,25.4295649987875
2022-05-04 07:33:00+00:00,2022-05-04,2022-05-05,2022-05-12,60m,16650.0,-250.0,ATM_MINUS_250,ok,2022-05-05 14:31:00+05:30,16706.2,604.425000000002,404.321573379602,200.1034266204,1042.4999999999982,1042.4999999999982,62228.09999999999,120.0,22.10964393,0.0622280999999999,0.5883421875,0.3360129374999999,20.5534875,10.862775,25.5909369654
2022-05-04 07:33:00+00:00,2022-05-04,2022-05-05,2022-05-12,120m,16650.0,-250.0,ATM_MINUS_250,ok,2022-05-05 13:31:00+05:30,16844.7,1302.5124999999982,1093.8731057132982,208.6393942867,1042.4999999999982,1042.4999999999982,70991.3,120.0,25.22320889,0.0709913,0.5883421875,0.456989625,20.5534875,15.59341875,26.1529560342
2022-05-04 07:33:00+00:00,2022-05-04,2022-05-05,2022-05-12,180m,16650.0,-250.0,ATM_MINUS_250,ok,2022-05-05 12:31:00+05:30,16862.85,1373.5124999999996,1163.3421517071747,210.17034829282497,1042.4999999999982,1042.4999999999982,72591.1125,120.0,25.79162227125,0.0725911125,0.5883421875,0.4799218124999999,20.5534875,16.428825,26.255558409075
2022-05-04 07:33:00+00:00,2022-05-04,2022-05-05,2022-05-12,1d,16650.0,-250.0,ATM_MINUS_250,ok,2022-05-04 15:29:00+05:30,16692.75,398.4312500000016,187.76570623451408,210.6655437654875,1042.4999999999982,1042.4999999999982,73626.04375,120.0,26.159333344375,0.07362604375,0.5883421875,0.5100720000000001,20.5534875,16.458750000000006,26.3219326898625
2022-05-12 07:00:00+00:00,2022-05-12,2022-05-12,2022-05-19,baseline,15500.0,-350.0,ATM_MINUS_350,ok,2022-05-12 15:29:00+05:30,15821.75,1135.850000000005,913.5729933997548,222.27700660025005,540.0000000000006,540.0000000000006,85656.62499999999,120.0,30.4337988625,0.0856566249999999,0.6514996874999999,0.6163119375,22.146993750000004,21.24924375,27.093501987750003
2022-05-12 07:00:00+00:00,2022-05-12,2022-05-12,2022-05-19,60m,15500.0,-350.0,ATM_MINUS_350,ok,2022-05-12 14:31:00+05:30,15775.75,631.6500000000048,411.7865446014047,219.8634553986,540.0000000000006,540.0000000000006,83337.90000000001,120.0,29.60995587,0.0833378999999999,0.6514996874999999,0.5890940625,22.146993750000004,19.83778125,26.9447928786
2022-05-12 07:00:00+00:00,2022-05-12,2022-05-12,2022-05-19,120m,15500.0,-350.0,ATM_MINUS_350,ok,2022-05-12 13:31:00+05:30,15871.15,234.7250000000045,8.720276384104523,226.0047236159,540.0000000000006,540.0000000000006,90108.85,120.0,32.01567440499999,0.0901088499999999,0.6514996874999999,0.6966121874999999,22.146993750000004,23.02479375,27.3790409859
2022-05-12 07:00:00+00:00,2022-05-12,2022-05-12,2022-05-19,180m,15500.0,-350.0,ATM_MINUS_350,ok,2022-05-12 12:31:00+05:30,15820.3,81.16250000000704,-142.35937742699295,223.521877427,540.0000000000006,540.0000000000006,87534.25,120.0,31.100919025000003,0.08753425,0.6514996874999999,0.660296625,22.146993750000004,21.6607125,27.2139215895
2022-05-12 07:00:00+00:00,2022-05-12,2022-05-12,2022-05-19,1d,15500.0,-350.0,ATM_MINUS_350,ok,2022-05-11 15:25:00+05:30,16185.5,15.837500000005278,-235.83729783614476,251.67479783615,540.0000000000006,540.0000000000006,117664.225,120.0,41.8060991425,0.1176642249999999,0.6514996874999999,1.113226125,22.146993750000004,36.6930375,29.146277406149995
2022-05-16 09:55:00+00:00,2022-05-16,2022-05-19,2022-05-26,baseline,16250.0,400.0,ATM_PLUS_400,ok,2022-05-19 15:29:00+05:30,15829.05,-1686.24375,-1920.1026279121877,233.8588779121875,34.99999999999943,34.99999999999943,99501.09375,120.0,35.352738609375,0.0995010937499999,0.7517998124999998,0.76601025,24.96991875,23.93750625,27.9814031465625
2022-05-16 09:55:00+00:00,2022-05-16,2022-05-19,2022-05-26,60m,16250.0,400.0,ATM_PLUS_400,ok,2022-05-19 14:31:00+05:30,15814.75,-1668.3499999999954,-1902.0701846006957,233.7201846007,34.99999999999943,34.99999999999943,99343.55,120.0,35.296763315,0.09934355,0.7517998124999998,0.7633786875,24.96991875,23.867681250000004,27.971299235699995
2022-05-16 09:55:00+00:00,2022-05-16,2022-05-19,2022-05-26,120m,16250.0,400.0,ATM_PLUS_400,ok,2022-05-19 13:31:00+05:30,15848.25,-1739.3062499999928,-1970.5437035647803,231.2374535647875,34.99999999999943,34.99999999999943,96726.24375,120.0,34.366834404375005,0.09672624375,0.7517998124999998,0.7251834374999999,24.96991875,22.523550000000004,27.8034409166625
2022-05-16 09:55:00+00:00,2022-05-16,2022-05-19,2022-05-26,180m,16250.0,400.0,ATM_PLUS_400,ok,2022-05-19 12:27:00+05:30,15867.65,-958.4687499999972,-1187.8988589589098,229.43010895891248,34.99999999999943,34.99999999999943,94389.30625,120.0,33.536520510625,0.09438930625,0.7517998124999998,0.6784168125,24.96991875,21.7455,27.6535637670375
2022-05-16 09:55:00+00:00,2022-05-16,2022-05-19,2022-05-26,1d,16250.0,400.0,ATM_PLUS_400,ok,2022-05-18 15:29:00+05:30,16256.45,-963.793749999995,-1176.5051876831576,212.7114376831625,34.99999999999943,34.99999999999943,76519.43125000001,120.0,27.18735392312501,0.07651943125,0.7517998124999998,0.4104485624999999,24.96991875,12.807900000000002,26.5074972037875
2022-05-23 08:30:00+00:00,2022-05-23,2022-05-26,2022-06-02,baseline,15900.0,-400.0,ATM_MINUS_400,ok,2022-05-26 15:29:00+05:30,16201.9,1439.462499999997,1210.907219814447,228.55528018555,759.9999999999973,759.9999999999973,92210.825,120.0,32.7625061225,0.092210825,0.8227768125,0.5387936249999999,28.04720625,18.7779375,27.51384905055
2022-05-23 08:30:00+00:00,2022-05-23,2022-05-26,2022-06-02,60m,15900.0,-400.0,ATM_MINUS_400,ok,2022-05-26 14:31:00+05:30,16111.4,745.1249999999981,520.894450809523,224.230549190475,759.9999999999973,759.9999999999973,87947.5875,120.0,31.24777783875,0.0879475875,0.8227768125,0.4852601249999999,28.04720625,16.29915,27.240430576725
2022-05-23 08:30:00+00:00,2022-05-23,2022-05-26,2022-06-02,120m,15900.0,-400.0,ATM_MINUS_400,ok,2022-05-26 13:31:00+05:30,16142.7,954.9437499999976,727.7378263930101,227.20592360698743,759.9999999999973,759.9999999999973,91019.54375,120.0,32.339243894375,0.0910195437499999,0.8227768125,0.5281921875,28.04720625,17.940037500000003,27.437447418862497
2022-05-23 08:30:00+00:00,2022-05-23,2022-05-26,2022-06-02,180m,15900.0,-400.0,ATM_MINUS_400,ok,2022-05-26 12:31:00+05:30,15936.5,1179.418749999995,961.2623225950076,218.15642740498748,759.9999999999973,759.9999999999973,81229.04375,120.0,28.860679244375007,0.08122904375,0.8227768125,0.3779675625,28.04720625,13.157024999999996,26.8095434918625
2022-05-23 08:30:00+00:00,2022-05-23,2022-05-26,2022-06-02,1d,15900.0,-400.0,ATM_MINUS_400,ok,2022-05-25 15:29:00+05:30,16033.9,262.4875000000003,35.63216829915032,226.85533170085,759.9999999999973,759.9999999999973,91003.775,120.0,32.3336412575,0.091003775,0.8227768125,0.5383425000000001,28.04720625,17.585925000000003,27.43643610585
2022-05-31 09:40:00+00:00,2022-05-31,2022-06-02,2022-06-09,baseline,16200.0,-400.0,ATM_MINUS_400,ok,2022-06-02 15:29:00+05:30,16638.8,262.80625000000623,31.392890772718715,231.41335922728751,389.9999999999984,389.9999999999984,95876.24375,120.0,34.064829404375004,0.09587624375,0.72450675,0.7096948125,24.418800000000005,23.650725,27.748927016662503
2022-05-31 09:40:00+00:00,2022-05-31,2022-06-02,2022-06-09,60m,16200.0,-400.0,ATM_MINUS_400,ok,2022-06-02 14:31:00+05:30,16619.1,-790.7187499999953,-1021.071710749458,230.3529607494625,389.9999999999984,389.9999999999984,95288.88125,120.0,33.856139508125,0.0952888812499999,0.72450675,0.71668725,24.418800000000005,22.83028125,27.711257110087505
2022-05-31 09:40:00+00:00,2022-05-31,2022-06-02,2022-06-09,120m,16200.0,-400.0,ATM_MINUS_400,ok,2022-06-02 13:31:00+05:30,16561.0,-511.4999999999938,-737.6029093967188,226.10290939672495,389.9999999999984,389.9999999999984,90600.7125,120.0,32.19043315125,0.0906007124999999,0.72450675,0.6421764375,24.418800000000005,20.62580625,27.410586095475
2022-05-31 09:40:00+00:00,2022-05-31,2022-06-02,2022-06-09,180m,16200.0,-400.0,ATM_MINUS_400,ok,2022-06-02 12:31:00+05:30,16572.25,-704.974999999991,-932.284771612866,227.309771612875,389.9999999999984,389.9999999999984,91991.1875,120.0,32.68446891875,0.0919911875,0.72450675,0.6659356875,24.418800000000005,21.224306250000005,27.499762819125
2022-05-31 09:40:00+00:00,2022-05-31,2022-06-02,2022-06-09,1d,16200.0,-400.0,ATM_MINUS_400,ok,2022-06-01 15:29:00+05:30,16543.95,-238.3187499999913,-464.2986092735538,225.9798592735625,389.9999999999984,389.9999999999984,90327.53125,120.0,32.093371853125,0.09032753125,0.72450675,0.6339809999999999,24.418800000000005,20.62580625,27.3930658891875
2022-06-06 08:15:00+00:00,2022-06-06,2022-06-09,2022-06-16,baseline,16550.0,-50.0,ATM_MINUS_50,ok,2022-06-09 15:29:00+05:30,16481.4,302.61250000000075,109.45998644490078,193.1525135551,215.00000000000057,215.00000000000057,54953.9,120.0,19.52512067,0.0549539,0.53383125,0.2859380625,17.9200875,9.70816875,25.1244134226
2022-06-06 08:15:00+00:00,2022-06-06,2022-06-09,2022-06-16,60m,16550.0,-50.0,ATM_MINUS_50,ok,2022-06-09 14:31:00+05:30,16420.8,218.7124999999995,22.270357511024457,196.442142488975,215.00000000000057,215.00000000000057,58514.08750000001,120.0,20.790055288750004,0.0585140875,0.53383125,0.3405993749999999,17.9200875,11.4463125,25.352742487725
2022-06-06 08:15:00+00:00,2022-06-06,2022-06-09,2022-06-16,120m,16550.0,-50.0,ATM_MINUS_50,ok,2022-06-09 13:31:00+05:30,16370.85,-438.9687500000008,-638.9029862815133,199.9342362815125,215.00000000000057,215.00000000000057,62588.20625000001,120.0,22.237589680625003,0.06258820625,0.53383125,0.411576375,17.9200875,13.15453125,25.614032019637506
2022-06-06 08:15:00+00:00,2022-06-06,2022-06-09,2022-06-16,180m,16550.0,-50.0,ATM_MINUS_50,ok,2022-06-09 12:31:00+05:30,16381.45,-430.6249999999977,-630.2475564858728,199.622556485875,215.00000000000057,215.00000000000057,62250.6875,120.0,22.11766926875,0.0622506875,0.53383125,0.4063884375,17.9200875,12.989943750000004,25.592385592125
2022-06-06 08:15:00+00:00,2022-06-06,2022-06-09,2022-06-16,1d,16550.0,-50.0,ATM_MINUS_50,ok,2022-06-08 15:29:00+05:30,16340.95,370.5187500000022,166.26032995068974,204.2584200493125,215.00000000000057,215.00000000000057,66791.15625,120.0,23.730897815625003,0.06679115625,0.53383125,0.4624783125,17.9200875,15.660750000000002,25.8835840149375
2022-06-16 04:14:00+00:00,2022-06-16,2022-06-16,2022-06-23,baseline,15450.0,-350.0,ATM_MINUS_350,ok,2022-06-16 15:29:00+05:30,15348.35,-1290.9312499999917,-1494.930300570404,203.9990505704125,502.4999999999999,502.4999999999999,67375.30625000001,120.0,23.938446310625,0.0673753062499999,0.6164623124999999,0.4135312499999999,20.947500000000005,12.0946875,25.9210478910375
2022-06-16 04:14:00+00:00,2022-06-16,2022-06-16,2022-06-23,60m,15450.0,-350.0,ATM_MINUS_350,ok,2022-06-16 14:31:00+05:30,15403.1,-197.58124999999325,-400.8545447027557,203.27329470276248,502.4999999999999,502.4999999999999,66032.58125,120.0,23.461376118125003,0.06603258125,0.6164623124999999,0.376990125,20.947500000000005,11.970000000000002,25.8349335658875
2022-06-16 04:14:00+00:00,2022-06-16,2022-06-16,2022-06-23,120m,15450.0,-350.0,ATM_MINUS_350,ok,2022-06-16 13:31:00+05:30,15376.95,145.1062500000063,-61.068574085506185,206.17482408551248,502.4999999999999,502.4999999999999,68956.70625,120.0,24.500317730625003,0.06895670625,0.6164623124999999,0.4157116875,20.947500000000005,13.60340625,26.022469398637497
2022-06-16 04:14:00+00:00,2022-06-16,2022-06-16,2022-06-23,180m,15450.0,-350.0,ATM_MINUS_350,ok,2022-06-16 12:31:00+05:30,15571.9,35.06875000000775,-171.06699465235474,206.1357446523625,502.4999999999999,502.4999999999999,68971.98125,120.0,24.505744938125,0.06897198125,0.6164623124999999,0.4175913749999999,20.947500000000005,13.556025,26.0234490454875
2022-06-16 04:14:00+00:00,2022-06-16,2022-06-16,2022-06-23,1d,15450.0,-350.0,ATM_MINUS_350,ok,2022-06-15 15:29:00+05:30,15688.9,817.8500000000099,598.345678559635,219.504321440375,502.4999999999999,502.4999999999999,82857.4375,120.0,29.43924754375,0.0828574374999999,0.6164623124999999,0.6141314999999998,20.947500000000005,20.890143750000004,26.913978896625
2022-06-20 07:48:00+00:00,2022-06-20,2022-06-23,2022-06-30,baseline,15150.0,-150.0,ATM_MINUS_150,ok,2022-06-23 15:29:00+05:30,15577.55,2105.7875000000035,1879.2772436755536,226.51025632445,234.99999999999943,234.99999999999943,89679.175,120.0,31.8630108775,0.089679175,0.6383418750000001,0.6752589375,21.406350000000003,24.48613125,27.35148420945
2022-06-20 07:48:00+00:00,2022-06-20,2022-06-23,2022-06-30,60m,15150.0,-150.0,ATM_MINUS_150,ok,2022-06-23 14:29:00+05:30,15516.9,-326.0374999999996,-546.4443018597747,220.40680185977504,234.99999999999943,234.99999999999943,84415.28749999999,120.0,29.992751648750005,0.0844152875,0.6383418750000001,0.632778,21.406350000000003,20.638275,27.013890048525003
2022-06-20 07:48:00+00:00,2022-06-20,2022-06-23,2022-06-30,120m,15150.0,-150.0,ATM_MINUS_150,ok,2022-06-23 13:31:00+05:30,15442.95,-273.9437500000008,-488.9151336565883,214.97138365658748,234.99999999999943,234.99999999999943,78577.69375000002,120.0,27.918654589375,0.07857769375,0.6383418750000001,0.5444326875000001,21.406350000000003,17.745524999999997,26.639501810962496
2022-06-20 07:48:00+00:00,2022-06-20,2022-06-23,2022-06-30,180m,15150.0,-150.0,ATM_MINUS_150,ok,2022-06-23 12:31:00+05:30,15470.15,41.58125000000226,-177.08769810146023,218.6689481014625,234.99999999999943,234.99999999999943,82366.88125,120.0,29.264952908125004,0.08236688125,0.6383418750000001,0.5965376250000001,21.406350000000003,19.79788125,26.8825175620875
2022-06-20 07:48:00+00:00,2022-06-20,2022-06-23,2022-06-30,1d,15150.0,-150.0,ATM_MINUS_150,ok,2022-06-22 15:29:00+05:30,15401.1,-80.86249999999708,-297.58044578729715,216.71794578730007,234.99999999999943,234.99999999999943,80344.7,120.0,28.546471910000005,0.0803447,0.6383418750000001,0.5680415625,21.406350000000003,18.725568750000004,26.752826989800003
2022-06-28 09:59:00+00:00,2022-06-28,2022-06-30,2022-07-07,baseline,15500.0,-350.0,ATM_MINUS_350,ok,2022-06-30 15:29:00+05:30,15734.2,-3489.6624999999945,-3704.286144042144,214.62364404215,405.00000000000256,405.00000000000256,79873.225,120.0,28.378956842500003,0.079873225,0.664056,0.5863873125,22.4287875,15.76299375,26.72258941215
2022-06-28 09:59:00+00:00,2022-06-28,2022-06-30,2022-07-07,60m,15500.0,-350.0,ATM_MINUS_350,ok,2022-06-30 14:31:00+05:30,15834.4,-897.5624999999951,-1116.393203661145,218.83070366115,405.00000000000256,405.00000000000256,83026.72499999999,120.0,29.4993953925,0.0830267249999999,0.664056,0.5948083125,22.4287875,18.63579375,26.92483598115
2022-06-28 09:59:00+00:00,2022-06-28,2022-06-30,2022-07-07,120m,15500.0,-350.0,ATM_MINUS_350,ok,2022-06-30 13:31:00+05:30,15811.2,-760.1124999999918,-978.0928258821668,217.98032588217495,405.00000000000256,405.00000000000256,82046.3875,120.0,29.15108147875,0.0820463875,0.664056,0.5780414999999999,22.4287875,18.214350000000003,26.861963015925
2022-06-28 09:59:00+00:00,2022-06-28,2022-06-30,2022-07-07,180m,15500.0,-350.0,ATM_MINUS_350,ok,2022-06-30 12:31:00+05:30,15740.35,-412.4499999999962,-625.8601855586962,213.4101855587,405.00000000000256,405.00000000000256,76980.55,120.0,27.351189415,0.0769805499999999,0.664056,0.496839,22.4287875,15.8552625,26.5370705937
2022-06-28 09:59:00+00:00,2022-06-28,2022-06-30,2022-07-07,1d,15500.0,-350.0,ATM_MINUS_350,ok,2022-06-29 15:29:00+05:30,15783.7,-494.1687499999972,-712.8597406944347,218.6909906944375,405.00000000000256,405.00000000000256,82668.21875,120.0,29.372018121875,0.08266821875,0.664056,0.5833798124999999,22.4287875,18.6582375,26.9018435413125
2022-07-04 08:49:00+00:00,2022-07-04,2022-07-07,2022-07-14,baseline,16200.0,400.0,ATM_PLUS_400,ok,2022-07-07 15:29:00+05:30,16139.0,1309.2312500000037,1104.038004148091,205.1932458519125,302.50000000000057,302.50000000000057,67303.80625000001,120.0,23.913042360625003,0.06730380625,0.72751425,0.262404375,24.43126875,9.87525,25.916462310037502
2022-07-04 08:49:00+00:00,2022-07-04,2022-07-07,2022-07-14,60m,16200.0,400.0,ATM_PLUS_400,ok,2022-07-07 14:31:00+05:30,16103.2,304.73750000000166,97.41222426330164,207.3252757367,302.50000000000057,302.50000000000057,70103.8,120.0,24.907880140000003,0.0701038,0.72751425,0.3194716875,24.43126875,10.773,26.0960371092
2022-07-04 08:49:00+00:00,2022-07-04,2022-07-07,2022-07-14,120m,16200.0,400.0,ATM_PLUS_400,ok,2022-07-07 13:31:00+05:30,16124.15,-229.99999999999687,-436.9689586221719,206.96895862217505,302.50000000000057,302.50000000000057,70000.1375,120.0,24.87104885375,0.0700001374999999,0.72751425,0.3259378125,24.43126875,10.4538,26.089388818425
2022-07-04 08:49:00+00:00,2022-07-04,2022-07-07,2022-07-14,180m,16200.0,400.0,ATM_PLUS_400,ok,2022-07-07 12:31:00+05:30,16102.8,-182.35624999999655,-391.16527361020906,208.8090236102125,302.50000000000057,302.50000000000057,71942.50624999999,120.0,25.561172470625,0.0719425062499999,0.72751425,0.3543586875,24.43126875,11.448806250000002,26.213960695837496
2022-07-04 08:49:00+00:00,2022-07-04,2022-07-07,2022-07-14,1d,16200.0,400.0,ATM_PLUS_400,ok,2022-07-06 15:29:00+05:30,16008.05,-24.28124999999568,-239.4994189128332,215.21816891283748,302.50000000000057,302.50000000000057,78712.06875,120.0,27.966398026875,0.07871206875,0.72751425,0.4535309999999999,24.43126875,14.912625000000004,26.6481198172125
2022-07-12 08:06:00+00:00,2022-07-12,2022-07-14,2022-07-21,baseline,15900.0,-200.0,ATM_MINUS_200,ok,2022-07-14 15:30:00+05:30,15946.8,-95.2874999999949,-283.7204903149449,188.43299031495,339.99999999999915,339.99999999999915,50114.925,120.0,17.805832852500004,0.050114925,0.495786375,0.2573668125,16.782937500000003,8.22688125,24.81407059995
2022-07-12 08:06:00+00:00,2022-07-12,2022-07-14,2022-07-21,60m,15900.0,-200.0,ATM_MINUS_200,ok,2022-07-14 14:31:00+05:30,15880.2,-94.66874999999676,-283.80594864723423,189.13719864723748,339.99999999999915,339.99999999999915,50867.41874999999,120.0,18.073193881875003,0.05086741875,0.495786375,0.2686449374999999,16.782937500000003,8.6034375,24.862331034112497
2022-07-12 08:06:00+00:00,2022-07-12,2022-07-14,2022-07-21,120m,15900.0,-200.0,ATM_MINUS_200,ok,2022-07-14 13:31:00+05:30,15937.95,150.70625000000604,-40.279923775981445,190.98617377598748,339.99999999999915,339.99999999999915,52716.79375,120.0,18.730276819375,0.05271679375,0.495786375,0.2927049375,16.782937500000003,9.6508125,24.9809388503625
2022-07-12 08:06:00+00:00,2022-07-12,2022-07-14,2022-07-21,180m,15900.0,-200.0,ATM_MINUS_200,ok,2022-07-14 12:31:00+05:30,15968.7,121.79375000000618,-70.64241388810632,192.4361638881125,339.99999999999915,339.99999999999915,54281.85625,120.0,19.286343525625,0.0542818562499999,0.495786375,0.3166145625,16.782937500000003,10.4188875,25.08131256873749
2022-07-12 08:06:00+00:00,2022-07-12,2022-07-14,2022-07-21,1d,15900.0,-200.0,ATM_MINUS_200,ok,2022-07-13 15:29:00+05:30,15975.75,441.6062500000038,243.3329989253663,198.2732510746375,339.99999999999915,339.99999999999915,60356.01875,120.0,21.444493461875,0.0603560187499999,0.495786375,0.4029298125,16.782937500000003,13.615875,25.4708729065125
2022-07-20 08:58:00+00:00,2022-07-20,2022-07-21,2022-07-28,baseline,16100.0,-400.0,ATM_MINUS_400,ok,2022-07-21 15:29:00+05:30,16609.8,471.7687500000046,237.99547364599212,233.77327635401247,59.9999999999973,59.9999999999973,98290.70625,120.0,34.922687930625,0.0982907062499999,0.6761611875,0.791122875,22.48614375,26.895093750000008,27.903776154637494
2022-07-20 08:58:00+00:00,2022-07-20,2022-07-21,2022-07-28,60m,16100.0,-400.0,ATM_MINUS_400,ok,2022-07-21 14:31:00+05:30,16590.95,-585.8999999999974,-817.3550655518223,231.45506555182504,59.9999999999973,59.9999999999973,96360.8625,120.0,34.23701444625,0.0963608625,0.6761611875,0.77804025,22.48614375,25.4013375,27.780007555575
2022-07-20 08:58:00+00:00,2022-07-20,2022-07-21,2022-07-28,120m,16100.0,-400.0,ATM_MINUS_400,ok,2022-07-21 13:31:00+05:30,16546.6,376.5500000000037,149.28882917392866,227.261170826075,59.9999999999973,59.9999999999973,91378.4875,120.0,32.46677660875,0.0913784875,0.6761611875,0.688867875,22.48614375,23.391375000000004,27.460467917325
2022-07-20 08:58:00+00:00,2022-07-20,2022-07-21,2022-07-28,180m,16100.0,-400.0,ATM_MINUS_400,ok,2022-07-21 12:31:00+05:30,16569.1,136.65625000000273,-93.2556621333348,229.91191213333752,59.9999999999973,59.9999999999973,94336.56875,120.0,33.517782876875,0.0943365687499999,0.6761611875,0.7368375,22.48614375,24.75046875,27.6501815002125
2022-07-20 08:58:00+00:00,2022-07-20,2022-07-21,2022-07-28,1d,16100.0,-400.0,ATM_MINUS_400,ok,2022-07-20 15:29:00+05:30,16495.8,-211.1749999999965,-435.4304027191465,224.25540271915,59.9999999999973,59.9999999999973,88469.975,120.0,31.433382117500003,0.088469975,0.6761611875,0.6540560625,22.48614375,21.643256250000004,27.27393337665
2022-07-25 09:05:00+00:00,2022-07-25,2022-07-28,2022-08-04,baseline,16350.0,-350.0,ATM_MINUS_350,ok,2022-07-28 15:29:00+05:30,16922.05,-186.95624999998995,-423.67622946925246,236.71997946926248,332.500000000001,332.500000000001,101782.33125,120.0,36.163262293124994,0.1017823312499999,0.629169,0.9003703125000001,21.19936875,29.598318750000008,28.1277080323875
2022-07-25 09:05:00+00:00,2022-07-25,2022-07-28,2022-08-04,60m,16350.0,-350.0,ATM_MINUS_350,ok,2022-07-28 14:28:00+05:30,16923.8,516.9000000000042,280.3477660504542,236.55223394955,332.500000000001,332.500000000001,101238.075,120.0,35.96988804749999,0.1012380749999999,0.629169,0.8816486250000001,21.19936875,29.67811875,28.092802702049998
2022-07-25 09:05:00+00:00,2022-07-25,2022-07-28,2022-08-04,120m,16350.0,-350.0,ATM_MINUS_350,ok,2022-07-28 13:27:00+05:30,16918.6,823.4687500000009,586.4201001565884,237.0486498434125,332.500000000001,332.500000000001,101609.80625,120.0,36.101964160625,0.1016098062499999,0.629169,0.8826260625000001,21.19936875,30.01726875,28.1166433140375
2022-07-25 09:05:00+00:00,2022-07-25,2022-07-28,2022-08-04,180m,16350.0,-350.0,ATM_MINUS_350,ok,2022-07-28 12:16:00+05:30,16890.2,988.7875000000053,754.5846087249802,234.20289127502505,332.500000000001,332.500000000001,98481.9125,120.0,34.99062351125001,0.0984819125,0.629169,0.833227875,21.19936875,28.53598125,27.916038976275004
2022-07-25 09:05:00+00:00,2022-07-25,2022-07-28,2022-08-04,1d,16350.0,-350.0,ATM_MINUS_350,ok,2022-07-27 15:29:00+05:30,16642.45,306.1250000000044,88.09307935335437,218.03192064665,332.500000000001,332.500000000001,81548.72499999999,120.0,28.9742619925,0.0815487249999999,0.629169,0.58947,21.19936875,19.72805625,26.83004592915
2022-08-01 03:53:00+00:00,2022-08-01,2022-08-04,2022-08-11,baseline,17600.0,400.0,ATM_PLUS_400,ok,2022-08-04 15:29:00+05:30,17364.0,-554.7624999999954,-767.0984115410204,212.335911541025,1179.9999999999982,1179.9999999999982,75905.9125,120.0,26.969370711250004,0.0759059125,0.6621763125000001,0.4847338124999999,23.139506250000004,14.53606875,26.468149792275
2022-08-01 03:53:00+00:00,2022-08-01,2022-08-04,2022-08-11,60m,17600.0,400.0,ATM_PLUS_400,ok,2022-08-04 14:31:00+05:30,17305.9,406.37500000000273,188.3882353618527,217.98676463815,1179.9999999999982,1179.9999999999982,81448.475,120.0,28.9386431675,0.0814484749999999,0.6621763125000001,0.5534551875,23.139506250000004,17.78791875,26.82361649565
2022-08-01 03:53:00+00:00,2022-08-01,2022-08-04,2022-08-11,120m,17600.0,400.0,ATM_PLUS_400,ok,2022-08-04 13:31:00+05:30,17325.1,1139.5750000000048,922.4316960489048,217.14330395110005,1179.9999999999982,1179.9999999999982,80166.65,120.0,28.483210745000004,0.08016665,0.6621763125000001,0.5232298125,23.139506250000004,17.513606250000002,26.7414079311
2022-08-01 03:53:00+00:00,2022-08-01,2022-08-04,2022-08-11,180m,17600.0,400.0,ATM_PLUS_400,ok,2022-08-04 12:31:00+05:30,17281.85,715.3437500000081,494.0157094938455,221.32804050616252,1179.9999999999982,1179.9999999999982,84860.18125000001,120.0,30.150822398125005,0.08486018125,0.6621763125000001,0.5999962499999999,23.139506250000004,19.648256250000003,27.042422864287506
2022-08-01 03:53:00+00:00,2022-08-01,2022-08-04,2022-08-11,1d,17600.0,400.0,ATM_PLUS_400,ok,2022-08-03 15:29:00+05:30,17392.9,1059.7187500000075,847.344917466045,212.3738325339625,1179.9999999999982,1179.9999999999982,75109.38125,120.0,26.686363158125005,0.07510938125,0.6621763125000001,0.4485686249999999,23.139506250000004,14.945043750000004,26.417065057087505
2022-08-08 03:59:00+00:00,2022-08-08,2022-08-11,2022-08-18,baseline,17750.0,350.0,ATM_PLUS_350,ok,2022-08-11 15:29:00+05:30,17640.75,1191.718750000004,993.1255428316166,198.5932071683875,1140.0000000000034,1140.0000000000034,60309.14375,120.0,21.427838774375,0.0603091437499999,0.6193194375,0.2674419375,21.67816875,9.0722625,25.467866625262506
2022-08-08 03:59:00+00:00,2022-08-08,2022-08-11,2022-08-18,60m,17750.0,350.0,ATM_PLUS_350,ok,2022-08-11 14:31:00+05:30,17663.1,1547.2187500000032,1348.6410423292907,198.5777076707125,1140.0000000000034,1140.0000000000034,60108.25625,120.0,21.356463445625,0.06010825625,0.6193194375,0.259096125,21.67816875,9.14956875,25.4549829063375
2022-08-08 03:59:00+00:00,2022-08-08,2022-08-11,2022-08-18,120m,17750.0,350.0,ATM_PLUS_350,ok,2022-08-11 13:31:00+05:30,17642.3,1760.531250000004,1559.3483143054914,201.18293569451248,1140.0000000000034,1140.0000000000034,62782.70625,120.0,22.306695530625003,0.06278270625,0.6193194375,0.2960131875,21.67816875,10.59345,25.6265060826375
2022-08-08 03:59:00+00:00,2022-08-08,2022-08-11,2022-08-18,180m,17750.0,350.0,ATM_PLUS_350,ok,2022-08-11 12:31:00+05:30,17674.15,1650.6187500000024,1451.3924611207149,199.2262888792875,1140.0000000000034,1140.0000000000034,60747.99375,120.0,21.583762179375,0.06074799375,0.6193194375,0.2671411875,21.67816875,9.521137500000002,25.4960118311625
2022-08-08 03:59:00+00:00,2022-08-08,2022-08-11,2022-08-18,1d,17750.0,350.0,ATM_PLUS_350,ok,2022-08-10 15:29:00+05:30,17523.15,959.0937500000024,748.4054845396149,210.6882654603875,1140.0000000000034,1140.0000000000034,73359.64374999999,120.0,26.064681424375003,0.07335964375,0.6193194375,0.4666888125,21.67816875,15.4812,26.3048473922625
2022-08-18 06:03:00+00:00,2022-08-18,2022-08-18,2022-08-25,baseline,17550.0,-300.0,ATM_MINUS_300,ok,2022-08-18 15:29:00+05:30,17964.45,1979.8,1760.4644840882252,219.335515911775,27.50000000000128,27.50000000000128,82074.53749999999,120.0,29.16108317375,0.0820745374999999,0.5584175625000001,0.6430035000000001,18.5485125,23.47865625,26.863768388025
2022-08-18 06:03:00+00:00,2022-08-18,2022-08-18,2022-08-25,60m,17550.0,-300.0,ATM_MINUS_300,ok,2022-08-18 14:31:00+05:30,17922.4,253.1000000000006,37.70351702325061,215.39648297675,27.50000000000128,27.50000000000128,78758.87499999999,120.0,27.9830282875,0.0787588749999999,0.5584175625000001,0.6191690624999999,18.5485125,20.957475,26.65112168925
2022-08-18 06:03:00+00:00,2022-08-18,2022-08-18,2022-08-25,120m,17550.0,-300.0,ATM_MINUS_300,ok,2022-08-18 13:31:00+05:30,17904.4,307.2124999999978,93.32867831999783,213.88382168,27.50000000000128,27.50000000000128,77113.75,120.0,27.398515375,0.07711375,0.5584175625000001,0.5936805,18.5485125,20.16196875,26.5456132425
2022-08-18 06:03:00+00:00,2022-08-18,2022-08-18,2022-08-25,180m,17550.0,-300.0,ATM_MINUS_300,ok,2022-08-18 12:28:00+05:30,17881.3,167.1625000000031,-44.80157720482188,211.96407720482495,27.50000000000128,27.50000000000128,75134.1125,120.0,26.695150171250003,0.0751341125,0.5584175625000001,0.5660866874999999,18.5485125,19.102125,26.418651171075
2022-08-18 06:03:00+00:00,2022-08-18,2022-08-18,2022-08-25,1d,17550.0,-300.0,ATM_MINUS_300,ok,2022-08-17 15:29:00+05:30,17929.05,1025.012500000003,806.2173345670531,218.79516543295,27.50000000000128,27.50000000000128,81991.92500000002,120.0,29.131730952500003,0.081991925,0.5584175625000001,0.656086125,18.5485125,22.959956250000005,26.85847011795
2022-08-25 09:26:00+00:00,2022-08-25,2022-08-25,2022-09-01,baseline,17350.0,-250.0,ATM_MINUS_250,ok,2022-08-25 15:29:00+05:30,17505.75,-179.5937499999951,-376.1453210102577,196.5515710102625,482.4999999999996,482.4999999999996,58837.58125,120.0,20.904992618125,0.0588375812499999,0.4757113124999999,0.4095463124999999,16.25925,13.069743750000002,25.3734894358875
2022-08-25 09:26:00+00:00,2022-08-25,2022-08-25,2022-09-01,60m,17350.0,-250.0,ATM_MINUS_250,ok,2022-08-25 14:31:00+05:30,17657.8,1676.862500000006,1469.670066399756,207.19243360025,482.4999999999996,482.4999999999996,69250.37499999999,120.0,24.604658237500008,0.069250375,0.4757113124999999,0.537891375,16.25925,19.20436875,26.041303550250003
2022-08-25 09:26:00+00:00,2022-08-25,2022-08-25,2022-09-01,120m,17350.0,-250.0,ATM_MINUS_250,ok,2022-08-25 13:31:00+05:30,17702.25,1774.5937500000075,1563.6989597863949,210.8947902136125,482.4999999999996,482.4999999999996,73157.60625,120.0,25.992897500625,0.0731576062499999,0.4757113124999999,0.5950338749999999,16.25925,21.206850000000003,26.29188991923749
2022-08-25 09:26:00+00:00,2022-08-25,2022-08-25,2022-09-01,180m,17350.0,-250.0,ATM_MINUS_250,ok,2022-08-25 12:29:00+05:30,17695.8,1696.3562500000037,1486.158698857091,210.1975511429125,482.4999999999996,482.4999999999996,72452.80625000001,120.0,25.742482060625004,0.07245280625,0.4757113124999999,0.5856354375,16.25925,20.81533125,26.2466882760375
2022-08-25 09:26:00+00:00,2022-08-25,2022-08-25,2022-09-01,1d,17350.0,-250.0,ATM_MINUS_250,ok,2022-08-24 15:29:00+05:30,17607.55,2228.0750000000053,2022.9410563560805,205.133943643925,482.4999999999996,482.4999999999996,66764.0125,120.0,23.72125364125,0.0667640125,0.4757113124999999,0.4923277499999999,16.25925,18.23679375,25.881843177675
2022-09-01 03:51:00+00:00,2022-09-01,2022-09-01,2022-09-08,baseline,17150.0,-400.0,ATM_MINUS_400,ok,2022-09-01 15:28:00+05:30,17555.25,2592.8937500000065,2364.130200042419,228.7635499575875,1369.9999999999995,1369.9999999999995,91835.44375,120.0,32.629133164375006,0.09183544375,0.673228875,0.6654093749999999,23.695612500000003,23.518556250000003,27.489774349462497
2022-09-01 03:51:00+00:00,2022-09-01,2022-09-01,2022-09-08,60m,17150.0,-400.0,ATM_MINUS_400,ok,2022-09-01 14:31:00+05:30,17543.6,178.95000000000536,-49.18864221014465,228.13864221015,1369.9999999999995,1369.9999999999995,92418.975,120.0,32.8364618175,0.092418975,0.673228875,0.7103715,23.695612500000003,22.60335,27.52719854265
2022-09-01 03:51:00+00:00,2022-09-01,2022-09-01,2022-09-08,120m,17150.0,-400.0,ATM_MINUS_400,ok,2022-09-01 13:30:00+05:30,17574.6,1024.2000000000069,793.8760747371068,230.3239252629,1369.9999999999995,1369.9999999999995,94316.85,120.0,33.510776805000006,0.09431685,0.673228875,0.726160875,23.695612500000003,23.9749125,27.6489168579
2022-09-01 03:51:00+00:00,2022-09-01,2022-09-01,2022-09-08,180m,17150.0,-400.0,ATM_MINUS_400,ok,2022-09-01 12:01:00+05:30,17606.65,942.0437500000036,708.1463871459409,233.8973628540625,1369.9999999999995,1369.9999999999995,98179.53125,120.0,34.883187453125004,0.09817953125,0.673228875,0.7853334375000001,23.695612500000003,25.865175,27.8966460571875
2022-09-01 03:51:00+00:00,2022-09-01,2022-09-01,2022-09-08,1d,17150.0,-400.0,ATM_MINUS_400,ok,2022-08-30 15:25:00+05:30,17772.25,1811.587500000006,1563.068303988081,248.519196011925,1369.9999999999995,1369.9999999999995,113359.7625,120.0,40.27672361625,0.1133597624999999,0.673228875,0.9999937499999998,23.695612500000003,33.8900625,28.870215008175
2022-09-07 05:24:00+00:00,2022-09-07,2022-09-08,2022-09-15,baseline,17450.0,-100.0,ATM_MINUS_100,ok,2022-09-08 15:29:00+05:30,17800.1,843.575000000006,635.5546741017059,208.0203258983,45.00000000000029,45.00000000000029,70567.45,120.0,25.072614984999998,0.0705674499999999,0.4590196874999999,0.5868384374999999,15.26923125,20.43628125,26.1257728383
2022-09-07 05:24:00+00:00,2022-09-07,2022-09-08,2022-09-15,60m,17450.0,-100.0,ATM_MINUS_100,ok,2022-09-08 14:30:00+05:30,17770.5,338.51250000000306,132.5834188858531,205.92908111415,45.00000000000029,45.00000000000029,68593.72499999999,120.0,24.3713504925,0.068593725,0.4590196874999999,0.5648085,15.26923125,19.196887500000003,25.99918995915
2022-09-07 05:24:00+00:00,2022-09-07,2022-09-08,2022-09-15,120m,17450.0,-100.0,ATM_MINUS_100,ok,2022-09-08 13:30:00+05:30,17738.85,-271.443749999996,-474.2557743141334,202.81202431413743,45.00000000000029,45.00000000000029,65577.76874999999,120.0,23.299781236874995,0.0655777687499999,0.4590196874999999,0.5287185,15.26923125,17.383931250000003,25.805764621012496
2022-09-07 05:24:00+00:00,2022-09-07,2022-09-08,2022-09-15,180m,17450.0,-100.0,ATM_MINUS_100,ok,2022-09-08 12:25:00+05:30,17734.9,112.85625000000437,-90.4031809789081,203.2594309789125,45.00000000000029,45.00000000000029,65856.80625,120.0,23.398923260625,0.06585680625,0.4590196874999999,0.5271395624999999,15.26923125,17.7156,25.823660412037498
2022-09-07 05:24:00+00:00,2022-09-07,2022-09-08,2022-09-15,1d,17450.0,-100.0,ATM_MINUS_100,ok,2022-09-07 15:29:00+05:30,17629.5,214.93750000000844,15.213826738958431,199.72367326105,45.00000000000029,45.00000000000029,62024.075,120.0,22.0371538475,0.062024075,0.4590196874999999,0.4681173749999999,15.26923125,15.850275000000002,25.577852026050003
2022-09-12 04:07:00+00:00,2022-09-12,2022-09-15,2022-09-22,baseline,17550.0,-400.0,ATM_MINUS_400,ok,2022-09-15 15:28:00+05:30,17866.4,-159.21249999999816,-380.8878156053231,221.67531560532495,192.4999999999997,192.4999999999997,85684.8625,120.0,30.443831646250004,0.0856848625,0.7121008125,0.5755603125000001,23.810325,18.9525,27.095312971575
2022-09-12 04:07:00+00:00,2022-09-12,2022-09-15,2022-09-22,60m,17550.0,-400.0,ATM_MINUS_400,ok,2022-09-15 14:28:00+05:30,17928.9,-184.33124999999643,-410.716015358884,226.3847653588875,192.4999999999997,192.4999999999997,90732.39375,120.0,32.237219499375,0.09073239375,0.7121008125,0.6516500625,23.810325,21.463706250000005,27.41903134076249
2022-09-12 04:07:00+00:00,2022-09-12,2022-09-15,2022-09-22,120m,17550.0,-400.0,ATM_MINUS_400,ok,2022-09-15 13:31:00+05:30,17907.05,497.14375000000535,270.9819655639178,226.16178443608752,192.4999999999997,192.4999999999997,90140.69375,120.0,32.026988489375,0.0901406937499999,0.7121008125,0.6325524374999999,23.810325,21.50859375,27.3810832529625
2022-09-12 04:07:00+00:00,2022-09-12,2022-09-15,2022-09-22,180m,17550.0,-400.0,ATM_MINUS_400,ok,2022-09-15 11:47:00+05:30,17923.55,135.28750000000187,-92.32961394397316,227.61711394397503,192.4999999999997,192.4999999999997,91884.0875,120.0,32.64641628875,0.0918840874999999,0.7121008125,0.6641311875,23.810325,22.1993625,27.492894067725
2022-09-12 04:07:00+00:00,2022-09-12,2022-09-15,2022-09-22,1d,17550.0,-400.0,ATM_MINUS_400,ok,2022-09-14 15:27:00+05:30,17983.8,416.2687500000075,182.33517572382,233.93357427618756,192.4999999999997,192.4999999999997,98490.84375,120.0,34.993796784375,0.09849084375,0.7121008125,0.7590178124999999,23.810325,25.643231250000003,27.9166117730625
2022-09-21 04:36:00+00:00,2022-09-21,2022-09-22,2022-09-29,baseline,17400.0,-350.0,ATM_MINUS_350,ok,2022-09-22 15:29:00+05:30,17635.95,956.431250000005,741.0063260279675,215.4249239720375,214.99999999999844,214.99999999999844,78424.61875000001,120.0,27.864267041875003,0.07842461875,0.6911235,0.4708993125,23.137012500000004,16.5535125,26.6296844989125
2022-09-21 04:36:00+00:00,2022-09-21,2022-09-22,2022-09-29,60m,17400.0,-350.0,ATM_MINUS_350,ok,2022-09-22 14:31:00+05:30,17691.9,942.3500000000024,722.5985015827525,219.75149841725005,214.99999999999844,214.99999999999844,83057.12500000001,120.0,29.51019651250001,0.083057125,0.6911235,0.540598125,23.137012500000004,18.862725,26.92678565475
2022-09-21 04:36:00+00:00,2022-09-21,2022-09-22,2022-09-29,120m,17400.0,-350.0,ATM_MINUS_350,ok,2022-09-22 13:31:00+05:30,17660.3,682.9812500000003,464.5265626329377,218.4546873670625,214.99999999999844,214.99999999999844,81805.28125,120.0,29.065416428125,0.08180528125,0.6911235,0.525711,23.137012500000004,18.10711875,26.846499907687495
2022-09-21 04:36:00+00:00,2022-09-21,2022-09-22,2022-09-29,180m,17400.0,-350.0,ATM_MINUS_350,ok,2022-09-22 12:31:00+05:30,17548.25,179.45625000000405,-32.59093374625846,212.0471837462625,214.99999999999844,214.99999999999844,75216.58125,120.0,26.724451318125,0.07521658125,0.6911235,0.434433375,23.137012500000004,14.56100625,26.423940221887506
2022-09-21 04:36:00+00:00,2022-09-21,2022-09-22,2022-09-29,1d,17400.0,-350.0,ATM_MINUS_350,ok,2022-09-21 15:29:00+05:30,17718.6,376.21874999999886,147.89836667163632,228.3203833283625,214.99999999999844,214.99999999999844,92510.98125,120.0,32.869151638125004,0.09251098125,0.6911235,0.6908979375000001,23.137012500000004,23.3065875,27.5330992714875
2022-09-26 04:48:00+00:00,2022-09-26,2022-09-29,2022-10-06,baseline,17450.0,400.0,ATM_PLUS_400,ok,2022-09-29 15:29:00+05:30,16843.6,956.7499999999995,704.9624912812495,251.78750871875,237.4999999999972,237.4999999999972,117296.87500000004,120.0,41.6755796875,0.117296875,0.8039047500000001,0.941197125,26.90008125,32.22673125,29.12271778125
2022-09-26 04:48:00+00:00,2022-09-26,2022-09-29,2022-10-06,60m,17450.0,400.0,ATM_PLUS_400,ok,2022-09-29 13:47:00+05:30,16823.75,-1198.562499999997,-1451.297507363997,252.735007364,237.4999999999972,237.4999999999972,119427.25,120.0,42.432501925,0.11942725,0.8039047500000001,1.0054824375,26.90008125,32.214262500000004,29.2593472515
2022-09-26 04:48:00+00:00,2022-09-26,2022-09-29,2022-10-06,120m,17450.0,400.0,ATM_PLUS_400,ok,2022-09-29 13:22:00+05:30,16790.85,442.5625000000082,187.5854712833332,254.977028716675,237.4999999999972,237.4999999999972,120973.1375,120.0,42.98175575375001,0.1209731375,0.8039047500000001,1.004053875,26.90008125,33.80776875,29.358491200425
2022-09-26 04:48:00+00:00,2022-09-26,2022-09-29,2022-10-06,180m,17450.0,400.0,ATM_PLUS_400,ok,2022-09-29 12:29:00+05:30,16899.55,-329.56250000000296,-575.607686166753,246.04518616675,237.4999999999972,237.4999999999972,111825.125,120.0,39.7314669125,0.111825125,0.8039047500000001,0.8784155625,26.90008125,28.8477,28.77179256675
2022-09-26 04:48:00+00:00,2022-09-26,2022-09-29,2022-10-06,1d,17450.0,400.0,ATM_PLUS_400,ok,2022-09-28 15:29:00+05:30,16826.15,-227.2437500000024,-479.0187089417649,251.7749589417625,237.4999999999972,237.4999999999972,117897.33125,120.0,41.888921793125,0.11789733125,0.8039047500000001,0.967963875,26.90008125,31.9349625,29.1612274423875
2022-10-04 03:51:00+00:00,2022-10-04,2022-10-06,2022-10-13,baseline,16900.0,-300.0,ATM_MINUS_300,ok,2022-10-06 15:29:00+05:30,17316.3,-1131.3187499999965,-1352.3775374929835,221.05878749298748,22.49999999999943,22.49999999999943,85529.79375000001,120.0,30.388735719375,0.08552979375,0.5876655,0.7122511875,19.51359375,22.68564375,27.0853677923625
2022-10-04 03:51:00+00:00,2022-10-04,2022-10-06,2022-10-13,60m,16900.0,-300.0,ATM_MINUS_300,ok,2022-10-06 14:31:00+05:30,17337.3,-899.5749999999944,-1121.0286082757193,221.45360827572495,22.49999999999943,22.49999999999943,85831.71250000001,120.0,30.496007451250005,0.0858317125,0.5876655,0.7133038125,19.51359375,22.952475000000003,27.104731049475
2022-10-04 03:51:00+00:00,2022-10-04,2022-10-06,2022-10-13,120m,16900.0,-300.0,ATM_MINUS_300,ok,2022-10-06 13:28:00+05:30,17404.7,-789.5749999999964,-1016.6942699525964,227.11926995260004,22.49999999999943,22.49999999999943,91831.4,120.0,32.62769642000001,0.0918314,0.5876655,0.801649125,19.51359375,26.007318750000003,27.4895150076
2022-10-04 03:51:00+00:00,2022-10-04,2022-10-06,2022-10-13,180m,16900.0,-300.0,ATM_MINUS_300,ok,2022-10-06 12:31:00+05:30,17364.45,-640.637499999993,-864.4845006881931,223.84700068820007,22.49999999999943,22.49999999999943,88256.04999999999,120.0,31.357374565000004,0.08825605,0.5876655,0.7457848125,19.51359375,24.294112500000004,27.260213510700005
2022-10-04 03:51:00+00:00,2022-10-04,2022-10-06,2022-10-13,1d,16900.0,-300.0,ATM_MINUS_300,ok,2022-10-04 15:29:00+05:30,17279.6,133.18125000000336,-88.67494848295917,221.85619848296253,22.49999999999943,22.49999999999943,85726.63125,120.0,30.45867208312501,0.08572663125,0.5876655,0.69623625,19.51359375,23.4163125,27.0979917685875
2022-10-10 09:00:00+00:00,2022-10-10,2022-10-13,2022-10-20,baseline,17550.0,350.0,ATM_PLUS_350,ok,2022-10-13 15:17:00+05:30,17025.85,1228.7937500000112,993.5419273855988,235.2518226144125,747.4999999999994,747.4999999999994,99478.80625,120.0,35.344819860625,0.09947880625,0.660447,0.8133031875,22.65073125,27.703068750000007,27.9799737600375
2022-10-10 09:00:00+00:00,2022-10-10,2022-10-13,2022-10-20,60m,17550.0,350.0,ATM_PLUS_350,ok,2022-10-13 14:15:00+05:30,17030.35,-724.6874999999875,-959.3636081403624,234.676108140375,747.4999999999994,747.4999999999994,99876.1875,120.0,35.48600941875,0.0998761874999999,0.660447,0.848566125,22.65073125,26.925018750000003,28.005459409125
2022-10-10 09:00:00+00:00,2022-10-10,2022-10-13,2022-10-20,120m,17550.0,350.0,ATM_PLUS_350,ok,2022-10-13 12:50:00+05:30,17020.85,-361.21875000000045,-597.578668379138,236.3599183791375,747.4999999999994,747.4999999999994,101487.76875,120.0,36.058604236875006,0.10148776875,0.660447,0.8672878125,22.65073125,27.91254375,28.108816561012496
2022-10-10 09:00:00+00:00,2022-10-10,2022-10-13,2022-10-20,180m,17550.0,350.0,ATM_PLUS_350,ok,2022-10-13 11:35:00+05:30,17001.65,-160.4562499999986,-398.4986194117111,238.0423694117125,747.4999999999994,747.4999999999994,103182.25625,120.0,36.660655645625006,0.10318225625,0.660447,0.8896936874999999,22.65073125,28.86016875,28.2174908223375
2022-10-10 09:00:00+00:00,2022-10-10,2022-10-13,2022-10-20,1d,17550.0,350.0,ATM_PLUS_350,ok,2022-10-12 15:26:00+05:30,17129.7,310.0000000000051,82.19098483590514,227.8090151641,747.4999999999994,747.4999999999994,91998.65,120.0,32.687120345,0.0919986499999999,0.660447,0.71488275,22.65073125,23.50359375,27.5002414191
2022-10-17 09:53:00+00:00,2022-10-17,2022-10-20,2022-10-27,baseline,17050.0,-250.0,ATM_MINUS_250,ok,2022-10-20 15:27:00+05:30,17571.15,-360.7000000000031,-590.318070343128,229.618070343125,452.4999999999992,452.4999999999992,94280.3125,120.0,33.49779503125,0.0942803124999999,0.616988625,0.8026265625,20.91508125,26.044725,27.646573561875
2022-10-17 09:53:00+00:00,2022-10-17,2022-10-20,2022-10-27,60m,17050.0,-250.0,ATM_MINUS_250,ok,2022-10-20 14:31:00+05:30,17513.4,-807.8374999999975,-1032.4269764747226,224.58947647472505,452.4999999999992,452.4999999999992,89136.4625,120.0,31.67018512625,0.0891364624999999,0.616988625,0.732175875,20.91508125,23.24923125,27.316677885975
2022-10-17 09:53:00+00:00,2022-10-17,2022-10-20,2022-10-27,120m,17050.0,-250.0,ATM_MINUS_250,ok,2022-10-20 13:30:00+05:30,17510.9,-971.349999999996,-1195.303975548746,223.95397554875,452.4999999999992,452.4999999999992,88541.875,120.0,31.4589281875,0.0885418749999999,0.616988625,0.7257097499999999,20.91508125,22.87018125,27.27854461125
2022-10-17 09:53:00+00:00,2022-10-17,2022-10-20,2022-10-27,180m,17050.0,-250.0,ATM_MINUS_250,ok,2022-10-20 12:24:00+05:30,17501.15,-538.2062499999975,-762.128414574485,223.92216457448748,452.4999999999992,452.4999999999992,88283.29375,120.0,31.367054269375,0.0882832937499999,0.616988625,0.715333875,20.91508125,22.9574625,27.2619607613625
2022-10-17 09:53:00+00:00,2022-10-17,2022-10-20,2022-10-27,1d,17050.0,-250.0,ATM_MINUS_250,ok,2022-10-19 15:26:00+05:30,17527.5,-449.6624999999941,-676.9785725861941,227.3160725862,452.4999999999992,452.4999999999992,91865.55,120.0,32.639829915,0.09186555,0.616988625,0.7677395624999999,20.91508125,24.7928625,27.4917051837
2022-10-25 04:50:00+00:00,2022-10-25,2022-10-27,2022-11-03,baseline,17450.0,-250.0,ATM_MINUS_250,ok,2022-10-27 15:29:00+05:30,17758.5,1335.6062500000064,1127.173046823569,208.4332031764375,110.00000000000084,110.00000000000084,70753.71874999999,120.0,25.138796271874995,0.0707537187499999,0.54165075,0.4996209374999999,18.0747,17.9699625,26.137718998312497
2022-10-25 04:50:00+00:00,2022-10-25,2022-10-27,2022-11-03,60m,17450.0,-250.0,ATM_MINUS_250,ok,2022-10-27 14:31:00+05:30,17675.7,635.7875000000054,432.4370316405053,203.3504683595,110.00000000000084,110.00000000000084,65683.0,120.0,23.337169900000003,0.0656829999999999,0.54165075,0.4340574375,18.0747,15.084693750000003,25.812513522
2022-10-25 04:50:00+00:00,2022-10-25,2022-10-27,2022-11-03,120m,17450.0,-250.0,ATM_MINUS_250,ok,2022-10-27 13:30:00+05:30,17700.05,951.3187500000062,745.2084809029186,206.1102690970875,110.00000000000084,110.00000000000084,68469.69375,120.0,24.327282189375,0.0684696937499999,0.54165075,0.4711248749999999,18.0747,16.63580625,25.9912353389625
2022-10-25 04:50:00+00:00,2022-10-25,2022-10-27,2022-11-03,180m,17450.0,-250.0,ATM_MINUS_250,ok,2022-10-27 12:31:00+05:30,17686.1,961.2875000000016,756.0961546735517,205.19134532645,110.00000000000084,110.00000000000084,67482.17499999999,120.0,23.976416777499995,0.0674821749999999,0.54165075,0.4561625625,18.0747,16.147031249999998,25.92790181145
2022-10-25 04:50:00+00:00,2022-10-25,2022-10-27,2022-11-03,1d,17450.0,-250.0,ATM_MINUS_250,ok,2022-10-25 15:29:00+05:30,17642.65,312.02500000000555,107.42297993580551,204.6020200642,110.00000000000084,110.00000000000084,67188.79999999999,120.0,23.87218064,0.0671887999999999,0.54165075,0.461500875,18.0747,15.6757125,25.9090864992
2022-12-15 09:52:00+00:00,2022-12-15,2022-12-15,2022-12-22,baseline,18800.0,400.0,ATM_PLUS_400,ok,2022-12-15 15:29:00+05:30,18395.1,-137.10624999999936,-353.32699645218685,216.22074645218748,112.50000000000284,112.50000000000284,79842.34375000001,120.0,28.367984734375,0.07984234375,0.6017255624999999,0.5979661875,20.0697,19.78291875,26.720608874062496
2022-12-15 09:52:00+00:00,2022-12-15,2022-12-15,2022-12-22,60m,18800.0,400.0,ATM_PLUS_400,ok,2022-12-15 14:31:00+05:30,18484.85,485.4187500000052,275.4548861067426,209.96386389326253,112.50000000000284,112.50000000000284,72830.83125,120.0,25.876794343125,0.07283083125,0.6017255624999999,0.483455625,20.0697,16.588425000000004,26.270932531387498
2022-12-15 09:52:00+00:00,2022-12-15,2022-12-15,2022-12-22,120m,18800.0,400.0,ATM_PLUS_400,ok,2022-12-15 13:31:00+05:30,18518.95,758.3437500000031,551.2134629867655,207.13028701323756,112.50000000000284,112.50000000000284,69660.16875,120.0,24.750257956875,0.0696601687499999,0.6017255624999999,0.4318018125,20.0697,15.139556250000002,26.0675852626125
2022-12-15 09:52:00+00:00,2022-12-15,2022-12-15,2022-12-22,180m,18800.0,400.0,ATM_PLUS_400,ok,2022-12-15 12:31:00+05:30,18528.85,818.9500000000066,612.9527301691566,205.9972698308501,112.50000000000284,112.50000000000284,68417.525,120.0,24.3087466325,0.0684175249999999,0.6017255624999999,0.4122530624999999,20.0697,14.548537500000004,25.98788954835
2022-12-15 09:52:00+00:00,2022-12-15,2022-12-15,2022-12-22,1d,18800.0,400.0,ATM_PLUS_400,ok,2022-12-14 15:29:00+05:30,18643.0,1808.800000000004,1609.7522673066037,199.0477326934,112.50000000000284,112.50000000000284,60475.1,120.0,21.48680303,0.0604751,0.6017255624999999,0.2782689375,20.0697,11.072250000000002,25.4785100634
2022-12-20 07:02:00+00:00,2022-12-20,2022-12-22,2022-12-29,baseline,17850.0,-400.0,ATM_MINUS_400,ok,2022-12-22 15:29:00+05:30,18113.85,2214.90625,1998.3032975300623,216.6029524699375,922.5,922.5,79031.46875,120.0,28.079880846875,0.07903146875,0.6755596875000001,0.47668875,23.326537500000004,17.296650000000003,26.6686042168125
2022-12-20 07:02:00+00:00,2022-12-20,2022-12-22,2022-12-29,60m,17850.0,-400.0,ATM_MINUS_400,ok,2022-12-22 14:31:00+05:30,18158.2,2840.0437500000007,2619.448803714038,220.5949462859625,922.5,922.5,82974.88125,120.0,29.480975308125004,0.08297488125,0.6755596875000001,0.526462875,23.326537500000004,19.580925000000004,26.9215110340875
2022-12-20 07:02:00+00:00,2022-12-20,2022-12-22,2022-12-29,120m,17850.0,-400.0,ATM_MINUS_400,ok,2022-12-22 13:31:00+05:30,18115.35,2697.2937500000003,2479.480445276288,217.8133047237125,922.5,922.5,80075.25625,120.0,28.450738545625,0.0800752562499999,0.6755596875000001,0.48510975,23.326537500000004,18.0597375,26.7355464843375
2022-12-20 07:02:00+00:00,2022-12-20,2022-12-22,2022-12-29,180m,17850.0,-400.0,ATM_MINUS_400,ok,2022-12-22 12:30:00+05:30,18107.65,2913.4437500000045,2695.956414962067,217.4873350379375,922.5,922.5,79614.71875,120.0,28.287109571875,0.07961471875,0.6755596875000001,0.4749594374999999,23.326537500000004,17.937543750000003,26.706010372312495
2022-12-20 07:02:00+00:00,2022-12-20,2022-12-22,2022-12-29,1d,17850.0,-400.0,ATM_MINUS_400,ok,2022-12-21 15:26:00+05:30,18192.35,2750.2187500000027,2522.24921351809,227.9695364819125,922.5,922.5,90905.05625,120.0,32.298566485625,0.09090505625,0.6755596875000001,0.6467628750000001,23.326537500000004,23.5011,27.4301048775375
2023-01-19 09:47:00+00:00,2023-01-19,2023-01-19,2023-01-25,baseline,17750.0,-350.0,ATM_MINUS_350,ok,2023-01-19 15:29:00+05:30,18084.15,-617.2749999999967,-828.6499881565467,211.37498815655,7.49999999999833,7.49999999999833,74911.07500000001,120.0,26.61590494750001,0.074911075,0.5641318125,0.5687934375,18.718087500000003,18.4288125,26.40434688405
2023-01-19 09:47:00+00:00,2023-01-19,2023-01-19,2023-01-25,60m,17750.0,-350.0,ATM_MINUS_350,ok,2023-01-19 14:32:00+05:30,18099.7,325.1187500000018,113.2491490460643,211.8696009539375,7.49999999999833,7.49999999999833,74951.21875,120.0,26.630168021875,0.0749512187499999,0.5641318125,0.5552596875,18.718087500000003,18.92008125,26.406921463312496
2023-01-19 09:47:00+00:00,2023-01-19,2023-01-19,2023-01-25,120m,17750.0,-350.0,ATM_MINUS_350,ok,2023-01-19 13:30:00+05:30,18124.25,670.6375000000035,455.9889473585284,214.64855264147505,7.49999999999833,7.49999999999833,77742.83750000001,120.0,27.622030163750004,0.0777428375,0.5641318125,0.5919511875,18.718087500000003,20.488650000000003,26.585959140225
2023-01-19 09:47:00+00:00,2023-01-19,2023-01-19,2023-01-25,180m,17750.0,-350.0,ATM_MINUS_350,ok,2023-01-19 12:25:00+05:30,18130.85,384.9000000000015,170.11341051930145,214.7865894807,7.49999999999833,7.49999999999833,78038.55,120.0,27.727096815000003,0.07803855,0.5641318125,0.6006729375000001,18.718087500000003,20.4936375,26.6049243657
2023-01-19 09:47:00+00:00,2023-01-19,2023-01-19,2023-01-25,1d,17750.0,-350.0,ATM_MINUS_350,ok,2023-01-18 15:27:00+05:30,18164.15,1481.8500000000065,1261.6510201186566,220.19897988135,7.49999999999833,7.49999999999833,83255.77500000001,120.0,29.580776857500005,0.083255775,0.5641318125,0.6624770624999999,18.718087500000003,23.650725,26.93952587385
2023-01-25 09:59:00+00:00,2023-01-25,2023-01-25,2023-02-02,baseline,17550.0,-350.0,ATM_MINUS_350,ok,2023-01-25 15:29:00+05:30,17910.05,-178.14999999999372,-386.3226240899937,208.17262409000003,2569.9999999999995,2569.9999999999995,71260.00000000001,120.0,25.318678,0.0712599999999999,0.4971397499999999,0.5744325,19.052250000000004,16.488675,26.17018884
2023-01-25 09:59:00+00:00,2023-01-25,2023-01-25,2023-02-02,60m,17550.0,-350.0,ATM_MINUS_350,ok,2023-01-25 14:17:00+05:30,17926.45,3813.450000000006,3596.4660333958564,216.98396660415003,2569.9999999999995,2569.9999999999995,78609.97499999999,120.0,27.930124117500004,0.078609975,0.4971397499999999,0.624808125,19.052250000000004,22.159462500000004,26.64157213665
2023-01-25 09:59:00+00:00,2023-01-25,2023-01-25,2023-02-02,120m,17550.0,-350.0,ATM_MINUS_350,ok,2023-01-25 13:31:00+05:30,17919.05,4156.693750000004,3941.6932590645415,215.00049093546252,2569.9999999999995,2569.9999999999995,76311.63125,120.0,27.113522583125004,0.07631163125,0.4971397499999999,0.5851843125000001,19.052250000000004,21.1819125,26.494170158587504
2023-01-25 09:59:00+00:00,2023-01-25,2023-01-25,2023-02-02,180m,17550.0,-350.0,ATM_MINUS_350,ok,2023-01-25 12:25:00+05:30,17899.2,3666.631250000006,3451.843907620393,214.78734237961257,2569.9999999999995,2569.9999999999995,76337.85625000001,120.0,27.12284032562501,0.07633785625,0.4971397499999999,0.592928625,19.052250000000004,20.94999375,26.495852072737502
2023-01-25 09:59:00+00:00,2023-01-25,2023-01-25,2023-02-02,1d,17550.0,-350.0,ATM_MINUS_350,ok,2023-01-24 14:29:00+05:30,18102.45,3484.000000000007,3252.4139899362067,231.5860100638,2569.9999999999995,2569.9999999999995,94390.7,120.0,33.53701571,0.0943907,0.4971397499999999,0.86646075,19.052250000000004,29.8851,27.6536531538
2023-02-20 04:25:00+00:00,2023-02-20,2023-02-23,2023-03-02,baseline,18350.0,350.0,ATM_PLUS_350,ok,2023-02-23 15:29:00+05:30,17523.8,4075.6562500000086,3817.276974992521,258.3792750074875,2044.9999999999989,2044.9999999999989,122726.54375,120.0,43.604740994375,0.1227265437499999,0.5818760625,1.19788725,21.339018750000005,42.062081250000006,29.470944156862497
2023-02-20 04:25:00+00:00,2023-02-20,2023-02-23,2023-03-02,60m,18350.0,350.0,ATM_PLUS_350,ok,2023-02-23 14:28:00+05:30,17551.7,2888.018750000004,2632.9675377009407,255.0512122990625,2044.9999999999989,2044.9999999999989,119784.53125,120.0,42.559443953125005,0.11978453125,0.5818760625,1.171571625,21.339018750000005,39.99725625000001,29.282261127187496
2023-02-20 04:25:00+00:00,2023-02-20,2023-02-23,2023-03-02,120m,18350.0,350.0,ATM_PLUS_350,ok,2023-02-23 13:26:00+05:30,17563.95,2677.0187500000134,2423.566064305176,253.4526856948375,2044.9999999999989,2044.9999999999989,118185.06875,120.0,41.991154926875005,0.11818506875,0.5818760625,1.1507446874999998,21.339018750000005,39.09202500000001,29.179681199212496
2023-02-20 04:25:00+00:00,2023-02-20,2023-02-23,2023-03-02,180m,18350.0,350.0,ATM_PLUS_350,ok,2023-02-23 12:23:00+05:30,17551.6,2980.975000000012,2726.0496369438124,254.9253630562,2044.9999999999989,2044.9999999999989,119601.8,120.0,42.494519540000006,0.1196018,0.5818760625,1.1674363125,21.339018750000005,39.95236875000001,29.2705418412
2023-02-20 04:25:00+00:00,2023-02-20,2023-02-23,2023-03-02,1d,18350.0,350.0,ATM_PLUS_350,ok,2023-02-22 14:29:00+05:30,17573.9,3268.1062500000053,3014.775180422818,253.33106957718752,2044.9999999999989,2044.9999999999989,117748.59375,120.0,41.83607535937501,0.11774859375,0.5818760625,1.13533125,21.339018750000005,39.169331250000006,29.151688311562506
2023-03-09 04:14:00+00:00,2023-03-09,2023-03-09,2023-03-16,baseline,17400.0,-300.0,ATM_MINUS_300,ok,2023-03-09 15:29:00+05:30,17582.0,642.3312500000019,446.1032471844394,196.2280028155625,202.50000000000003,202.50000000000003,58065.53125,120.0,20.630683253125,0.0580655312499999,0.5119516875,0.3493963124999999,17.181937499999997,12.17199375,25.323974781187506
2023-03-09 04:14:00+00:00,2023-03-09,2023-03-09,2023-03-16,60m,17400.0,-300.0,ATM_MINUS_300,ok,2023-03-09 14:31:00+05:30,17612.1,211.7875000000005,14.62842026310048,197.15907973690005,202.50000000000003,202.50000000000003,59284.1,120.0,21.06364073,0.0592841,0.5119516875,0.374133,17.181937499999997,12.56600625,25.4021264694
2023-03-09 04:14:00+00:00,2023-03-09,2023-03-09,2023-03-16,120m,17400.0,-300.0,ATM_MINUS_300,ok,2023-03-09 13:31:00+05:30,17657.85,53.13750000000024,-147.18158691464976,200.31908691465,202.50000000000003,202.50000000000003,62744.475,120.0,22.2931119675,0.062744475,0.5119516875,0.4284183749999999,17.181937499999997,14.21686875,25.62405415965
2023-03-09 04:14:00+00:00,2023-03-09,2023-03-09,2023-03-16,180m,17400.0,-300.0,ATM_MINUS_300,ok,2023-03-09 12:31:00+05:30,17665.25,59.63125000000442,-141.0674810290081,200.6987310290125,202.50000000000003,202.50000000000003,63146.95625,120.0,22.436113555625,0.06314695625,0.5119516875,0.4343581875,17.181937499999997,14.421356250000002,25.6498668921375
2023-03-09 04:14:00+00:00,2023-03-09,2023-03-09,2023-03-16,1d,17400.0,-300.0,ATM_MINUS_300,ok,2023-03-08 15:29:00+05:30,17751.5,274.06250000000176,64.62860799367678,209.43389200632495,202.50000000000003,202.50000000000003,72373.86249999999,120.0,25.71443334625,0.0723738624999999,0.5119516875,0.5695453125000001,17.181937499999997,19.142025,26.241625297575
2023-03-13 04:05:00+00:00,2023-03-13,2023-03-16,2023-03-23,baseline,17850.0,400.0,ATM_PLUS_400,ok,2023-03-16 14:44:00+05:30,17030.5,346.61875000000464,90.39947734796716,256.2192726520375,305.00000000000114,305.00000000000114,122350.86875,120.0,43.471263666875,0.12235086875,0.6100713750000001,1.219992375,20.538525000000003,40.81021875,29.446850616412497
2023-03-13 04:05:00+00:00,2023-03-13,2023-03-16,2023-03-23,60m,17850.0,400.0,ATM_PLUS_400,ok,2023-03-16 14:07:00+05:30,17001.85,1198.0375000000038,939.1318513858538,258.90564861415,305.00000000000114,305.00000000000114,124781.225,120.0,44.3347692425,0.1247812249999999,0.6100713750000001,1.2436764375,20.538525000000003,42.45110625,29.60271908415
2023-03-13 04:05:00+00:00,2023-03-13,2023-03-16,2023-03-23,120m,17850.0,400.0,ATM_PLUS_400,ok,2023-03-16 11:33:00+05:30,17004.2,1262.050000000005,1002.74396090138,259.306039098625,305.00000000000114,305.00000000000114,125176.0625,120.0,44.47505500625,0.1251760625,0.6100713750000001,1.2486388125,20.538525000000003,42.68053125,29.628041592375
2023-03-13 04:05:00+00:00,2023-03-13,2023-03-16,2023-03-23,180m,17850.0,400.0,ATM_PLUS_400,ok,2023-03-16 11:33:00+05:30,17004.2,1262.050000000005,1002.74396090138,259.306039098625,305.00000000000114,305.00000000000114,125176.0625,120.0,44.47505500625,0.1251760625,0.6100713750000001,1.2486388125,20.538525000000003,42.68053125,29.628041592375
2023-03-13 04:05:00+00:00,2023-03-13,2023-03-16,2023-03-23,1d,17850.0,400.0,ATM_PLUS_400,ok,2023-03-13 15:25:00+05:30,17189.35,-625.2437499999928,-868.5948419474553,243.3510919474625,305.00000000000114,305.00000000000114,109098.38125,120.0,38.762654858125,0.10909838125,0.6100713750000001,1.035783,20.538525000000003,33.698043750000004,28.5969155830875
2023-03-23 09:38:00+00:00,,2023-03-23,,baseline,,,,unavailable,,,,,,,,,,,,,,,,
2023-03-23 09:38:00+00:00,2023-03-23,2023-03-23,2023-03-29,60m,17100.0,50.0,ATM_PLUS_50,ok,2023-03-23 14:31:00+05:30,17106.7,1081.5875000000003,913.8674680252508,167.72003197474993,45.00000000000029,45.00000000000029,27362.125,120.0,9.721763012500002,0.027362125,0.2017280624999999,0.19248,6.735618749999999,7.486237500000001,23.35484252475
2023-03-23 09:38:00+00:00,2023-03-23,2023-03-23,2023-03-29,120m,17100.0,50.0,ATM_PLUS_50,ok,2023-03-23 13:31:00+05:30,17188.0,1080.0937500000018,909.0092362183892,171.0845137816125,45.00000000000029,45.00000000000029,30959.60625,120.0,10.999948100625002,0.03095960625,0.2017280624999999,0.246464625,6.735618749999999,9.284231250000005,23.585563387237503
2023-03-23 09:38:00+00:00,2023-03-23,2023-03-23,2023-03-29,180m,17100.0,50.0,ATM_PLUS_50,ok,2023-03-23 12:31:00+05:30,17166.6,1208.487500000001,1037.675431074226,170.812068925775,45.00000000000029,45.00000000000029,30601.7875,120.0,10.87281509875,0.0306017874999999,0.2017280624999999,0.2391714375,6.735618749999999,9.169518750000002,23.562615039525
2023-03-23 09:38:00+00:00,2023-03-23,2023-03-23,2023-03-29,1d,17100.0,50.0,ATM_PLUS_50,ok,2023-03-22 15:29:00+05:30,17142.55,1360.5750000000007,1184.8580378932506,175.71696210675,45.00000000000029,45.00000000000029,35766.375,120.0,12.707793037499998,0.0357663749999999,0.2017280624999999,0.3143589375,6.735618749999999,11.827856250000002,23.89384069425
2023-04-06 04:33:00+00:00,2023-04-06,2023-04-06,2023-04-13,baseline,17150.0,-400.0,ATM_MINUS_400,ok,2023-04-06 15:28:00+05:30,17598.85,452.01875000000433,227.70283055966684,224.3159194403375,420.0000000000022,420.0000000000022,88190.81874999999,120.0,31.334197901875,0.0881908187499999,0.6318005624999999,0.6842814374999999,21.37393125,22.9474875,27.2560299697125
2023-04-06 04:33:00+00:00,2023-04-06,2023-04-06,2023-04-13,60m,17150.0,-400.0,ATM_MINUS_400,ok,2023-04-06 14:31:00+05:30,17585.6,222.0000000000059,-1.2764858225941111,223.2764858226,420.0000000000022,420.0000000000022,87198.90000000001,120.0,30.981769170000003,0.0871989,0.6318005624999999,0.6728529375000001,21.37393125,22.336518750000003,27.192414252600003
2023-04-06 04:33:00+00:00,2023-04-06,2023-04-06,2023-04-13,120m,17150.0,-400.0,ATM_MINUS_400,ok,2023-04-06 13:31:00+05:30,17617.25,791.668750000007,565.1870783614945,226.48167163851247,420.0000000000022,420.0000000000022,90329.95625,120.0,32.094233455625,0.09032995625,0.6318005624999999,0.7112737499999999,21.37393125,24.186881250000003,27.393221414137496
2023-04-06 04:33:00+00:00,2023-04-06,2023-04-06,2023-04-13,180m,17150.0,-400.0,ATM_MINUS_400,ok,2023-04-06 12:30:00+05:30,17614.9,695.2875000000078,469.27095197070776,226.0165480293,420.0000000000022,420.0000000000022,89882.7,120.0,31.93532331,0.0898827,0.6318005624999999,0.7060106249999999,21.37393125,23.915062500000005,27.3645370818
2023-04-06 04:33:00+00:00,2023-04-06,2023-04-06,2023-04-13,1d,17150.0,-400.0,ATM_MINUS_400,ok,2023-04-05 15:29:00+05:30,17561.0,508.49375000000487,286.5733311739174,221.92041882608748,420.0000000000022,420.0000000000022,85600.69374999999,120.0,30.413926489375005,0.08560069375,0.6318005624999999,0.6445824375,21.37393125,21.6806625,27.089914892962497
2023-04-13 03:53:00+00:00,2023-04-13,2023-04-13,2023-04-20,baseline,18150.0,350.0,ATM_PLUS_350,ok,2023-04-13 15:24:00+05:30,17835.05,1668.025,1463.142662318475,204.88233768152503,362.5,362.5,66785.41249999999,120.0,23.728857061250004,0.0667854125,0.5266132499999999,0.4501475625,17.82781875,16.3989,25.883215645275
2023-04-13 03:53:00+00:00,2023-04-13,2023-04-13,2023-04-20,60m,18150.0,350.0,ATM_PLUS_350,ok,2023-04-13 14:25:00+05:30,17801.7,1035.2125000000028,827.7123835153528,207.50011648465,362.5,362.5,69911.975,120.0,24.8397247175,0.0699119749999999,0.5266132499999999,0.5065381874999999,17.82781875,17.645774999999997,26.08373460465
2023-04-13 03:53:00+00:00,2023-04-13,2023-04-13,2023-04-20,120m,18150.0,350.0,ATM_PLUS_350,ok,2023-04-13 13:31:00+05:30,17770.7,945.3437500000008,735.1298352108381,210.2139147891625,362.5,362.5,72859.68125000001,120.0,25.887044748125,0.0728596812499999,0.5266132499999999,0.5521018125,17.82781875,19.07469375,26.272782797287498
2023-04-13 03:53:00+00:00,2023-04-13,2023-04-13,2023-04-20,180m,18150.0,350.0,ATM_PLUS_350,ok,2023-04-13 12:20:00+05:30,17740.6,1037.1187500000046,823.7829803343421,213.33576966566247,362.5,362.5,76149.43125,120.0,27.055892923125,0.07614943125,0.5266132499999999,0.6000714375,17.82781875,20.76545625,26.483767623787497
2023-04-13 03:53:00+00:00,2023-04-13,2023-04-13,2023-04-20,1d,18150.0,350.0,ATM_PLUS_350,ok,2023-04-12 15:29:00+05:30,17817.9,1165.6750000000015,958.2849685089016,207.3900314911,362.5,362.5,69726.65,120.0,24.773878745000005,0.06972665,0.5266132499999999,0.501801375,17.82781875,17.618343750000005,26.0718489711
2023-05-25 04:13:00+00:00,2023-05-25,2023-05-25,2023-06-01,baseline,17850.0,-400.0,ATM_MINUS_400,ok,2023-05-25 15:24:00+05:30,18326.8,1204.6937500000054,975.4028825821928,229.2908674178125,154.99999999999997,154.99999999999997,93118.90625,120.0,33.085147390625,0.09311890625,0.65834175,0.7203714375,21.989887500000005,25.1719125,27.572087933437498
2023-05-25 04:13:00+00:00,2023-05-25,2023-05-25,2023-06-01,60m,17850.0,-400.0,ATM_MINUS_400,ok,2023-05-25 14:21:00+05:30,18246.6,793.4875000000044,570.4917589633544,222.99574103665,154.99999999999997,154.99999999999997,86602.47500000002,120.0,30.769859367500004,0.086602475,0.65834175,0.6287930625,21.989887500000005,21.70809375,27.15416313165
2023-05-25 04:13:00+00:00,2023-05-25,2023-05-25,2023-06-01,120m,17850.0,-400.0,ATM_MINUS_400,ok,2023-05-25 13:31:00+05:30,18211.4,901.6187500000048,682.5487264041424,219.0700235958625,154.99999999999997,154.99999999999997,82349.73125,120.0,29.258859513125,0.0823497312499999,0.65834175,0.5633799375,21.989887500000005,19.635787500000003,26.8814176639875
2023-05-25 04:13:00+00:00,2023-05-25,2023-05-25,2023-06-01,180m,17850.0,-400.0,ATM_MINUS_400,ok,2023-05-25 12:28:00+05:30,18248.0,986.3937500000064,763.4569076347188,222.93684236528756,154.99999999999997,154.99999999999997,86439.49375,120.0,30.711952129375,0.0864394937499999,0.65834175,0.62345475,21.989887500000005,21.723056250000003,27.143710492162494
2023-05-25 04:13:00+00:00,2023-05-25,2023-05-25,2023-06-01,1d,17850.0,-400.0,ATM_MINUS_400,ok,2023-05-24 15:03:00+05:30,18270.85,770.4625000000082,544.4751478695832,225.987352130425,154.99999999999997,154.99999999999997,89812.5125,120.0,31.91038569125,0.0898125125,0.65834175,0.677289,21.989887500000005,23.301600000000004,27.360035676675
2023-07-06 08:48:00+00:00,2023-07-06,2023-07-06,2023-07-13,baseline,19850.0,350.0,ATM_PLUS_350,ok,2023-07-06 15:29:00+05:30,19485.4,-283.42499999999404,-495.3914216205691,211.96642162057503,427.5000000000034,427.5000000000034,75370.23750000002,120.0,26.77904538375,0.0753702375,0.5701468124999999,0.564658125,19.3365375,18.20686875,26.433794811825003
2023-07-06 08:48:00+00:00,2023-07-06,2023-07-06,2023-07-13,60m,19850.0,350.0,ATM_PLUS_350,ok,2023-07-06 14:22:00+05:30,19475.0,326.71875000000625,113.57619449899371,213.1425555010125,427.5000000000034,427.5000000000034,76311.20625,120.0,27.113371580625003,0.07631120625,0.5701468124999999,0.5696205000000001,19.3365375,18.982425,26.494142901637503
2023-07-06 08:48:00+00:00,2023-07-06,2023-07-06,2023-07-13,120m,19850.0,350.0,ATM_PLUS_350,ok,2023-07-06 13:10:00+05:30,19464.9,330.5062500000048,115.03732745734226,215.4689225426625,427.5000000000034,427.5000000000034,78796.18125,120.0,27.996283198125003,0.07879618125,0.5701468124999999,0.6068383125,19.3365375,20.22680625,26.6535142882875
2023-07-06 08:48:00+00:00,2023-07-06,2023-07-06,2023-07-13,180m,19850.0,350.0,ATM_PLUS_350,ok,2023-07-06 12:19:00+05:30,19455.5,689.0312500000078,472.8373786629453,216.1938713370625,427.5000000000034,427.5000000000034,79385.28125,120.0,28.205590428125003,0.07938528125,0.5701468124999999,0.6102969375,19.3365375,20.70061875,26.6912956276875
2023-07-06 08:48:00+00:00,2023-07-06,2023-07-06,2023-07-13,1d,19850.0,350.0,ATM_PLUS_350,ok,2023-07-05 15:27:00+05:30,19414.75,837.1000000000066,617.3057588813316,219.79424111867505,427.5000000000034,427.5000000000034,83157.38750000001,120.0,29.545819778750005,0.0831573875,0.5701468124999999,0.6646574999999999,19.3365375,22.660706250000004,26.933215889925
2023-07-18 03:50:00+00:00,2023-07-18,2023-07-20,2023-07-27,baseline,20150.0,350.0,ATM_PLUS_350,ok,2023-07-20 15:29:00+05:30,19969.95,-528.4749999999974,-729.1167161614474,200.64171616145,212.5,212.5,63390.925,120.0,22.5227956525,0.063390925,0.615785625,0.343005375,20.635781250000004,10.79544375,25.66551358395
2023-07-18 03:50:00+00:00,2023-07-18,2023-07-20,2023-07-27,60m,20150.0,350.0,ATM_PLUS_350,ok,2023-07-20 14:31:00+05:30,19967.4,-830.5749999999961,-1031.856663796946,201.28166379695,212.5,212.5,64231.675,120.0,22.82151412750001,0.064231675,0.615785625,0.3601481249999999,20.635781250000004,11.06476875,25.71943424445
2023-07-18 03:50:00+00:00,2023-07-18,2023-07-20,2023-07-27,120m,20150.0,350.0,ATM_PLUS_350,ok,2023-07-20 13:31:00+05:30,19917.5,-185.4499999999973,-390.7379819487724,205.28798194877504,212.5,212.5,68180.0375,120.0,24.22436732375,0.0681800375,0.615785625,0.4096966875,20.635781250000004,13.361512500000003,25.972658525025004
2023-07-18 03:50:00+00:00,2023-07-18,2023-07-20,2023-07-27,180m,20150.0,350.0,ATM_PLUS_350,ok,2023-07-20 12:31:00+05:30,19877.2,377.5374999999997,169.35390973717466,208.18359026282505,212.5,212.5,70983.6125,120.0,25.220477521250004,0.0709836125,0.615785625,0.4433054999999999,20.635781250000004,15.044793749999998,26.152463004075
2023-07-18 03:50:00+00:00,2023-07-18,2023-07-20,2023-07-27,1d,20150.0,350.0,ATM_PLUS_350,ok,2023-07-19 15:29:00+05:30,19847.85,992.625000000004,782.3064144123789,210.318585587625,212.5,212.5,72947.0625,120.0,25.91809130625,0.0729470624999999,0.615785625,0.4635309375,20.635781250000004,16.3340625,26.278386906375
2023-08-10 04:04:00+00:00,2023-08-10,2023-08-10,2023-08-17,baseline,19250.0,-350.0,ATM_MINUS_350,ok,2023-08-10 15:29:00+05:30,19549.2,2281.218750000006,2074.429172360969,206.78957763903747,830.0000000000001,830.0000000000001,68506.36875,120.0,24.340312816875,0.0685063687499999,0.5284929374999999,0.4648843125,18.35649375,17.037300000000002,25.9935874534125
2023-08-10 04:04:00+00:00,2023-08-10,2023-08-10,2023-08-17,60m,19250.0,-350.0,ATM_MINUS_350,ok,2023-08-10 14:31:00+05:30,19545.25,1697.093750000001,1490.9135068137384,206.1802431862625,830.0000000000001,830.0000000000001,68157.83124999999,120.0,24.216477443125,0.06815783125,0.5284929374999999,0.468418125,18.35649375,16.57096875,25.9712343493875
2023-08-10 04:04:00+00:00,2023-08-10,2023-08-10,2023-08-17,120m,19250.0,-350.0,ATM_MINUS_350,ok,2023-08-10 13:31:00+05:30,19539.7,2117.1437500000043,1910.7794734494416,206.3642765505625,830.0000000000001,830.0000000000001,68136.78124999999,120.0,24.208998378125,0.0681367812499999,0.5284929374999999,0.4618016249999999,18.35649375,16.77046875,25.969884328687492
2023-08-10 04:04:00+00:00,2023-08-10,2023-08-10,2023-08-17,180m,19250.0,-350.0,ATM_MINUS_350,ok,2023-08-10 12:31:00+05:30,19557.9,1359.7062500000038,1152.7955168552662,206.9107331447375,830.0000000000001,830.0000000000001,69113.66875,120.0,24.556086506874998,0.0691136687499999,0.5284929374999999,0.4878164999999999,18.35649375,16.880193750000004,26.032536031612494
2023-08-10 04:04:00+00:00,2023-08-10,2023-08-10,2023-08-17,1d,19250.0,-350.0,ATM_MINUS_350,ok,2023-08-09 15:28:00+05:30,19631.2,1654.2812500000057,1439.5858888545429,214.6953611454625,830.0000000000001,830.0000000000001,77282.88125,120.0,27.458607708125,0.0772828812499999,0.5284929374999999,0.6059360625,18.35649375,21.1120875,26.556460306087494
2023-08-17 04:11:00+00:00,2023-08-17,2023-08-17,2023-08-24,baseline,19150.0,-250.0,ATM_MINUS_250,ok,2023-08-17 15:29:00+05:30,19346.2,186.056250000005,-4.816025915507453,190.8722759155125,64.9999999999995,64.9999999999995,52576.70625,120.0,18.680503730625,0.0525767062499999,0.4150349999999999,0.37082475,13.830337500000002,12.55104375,24.971954478637496
2023-08-17 04:11:00+00:00,2023-08-17,2023-08-17,2023-08-24,60m,19150.0,-250.0,ATM_MINUS_250,ok,2023-08-17 14:30:00+05:30,19359.85,436.50625000000696,245.68146860074444,190.8247813992625,64.9999999999995,64.9999999999995,52396.08125,120.0,18.616327668125,0.0523960812499999,0.4150349999999999,0.364358625,13.830337500000002,12.58595625,24.9603702748875
2023-08-17 04:11:00+00:00,2023-08-17,2023-08-17,2023-08-24,120m,19150.0,-250.0,ATM_MINUS_250,ok,2023-08-17 13:30:00+05:30,19336.05,806.9375000000055,617.0307152394805,189.906784760525,64.9999999999995,64.9999999999995,51222.6625,120.0,18.19941198625,0.0512226624999999,0.4150349999999999,0.341200875,13.830337500000002,12.1844625,24.885114236775
2023-08-17 04:11:00+00:00,2023-08-17,2023-08-17,2023-08-24,180m,19150.0,-250.0,ATM_MINUS_250,ok,2023-08-17 12:31:00+05:30,19360.4,802.3125000000052,610.6774054644802,191.635094535525,64.9999999999995,64.9999999999995,53072.66249999999,120.0,18.85671698625,0.0530726625,0.4150349999999999,0.36902025,13.830337500000002,13.107150000000004,25.003762136775
2023-08-17 04:11:00+00:00,2023-08-17,2023-08-17,2023-08-24,1d,19150.0,-250.0,ATM_MINUS_250,ok,2023-08-16 15:29:00+05:30,19446.95,321.17500000000734,123.73394323995733,197.44105676005003,64.9999999999995,64.9999999999995,59528.825,120.0,21.1505915225,0.0595288249999999,0.4150349999999999,0.4730797499999999,13.830337500000002,16.094662500000002,25.41782166255
2023-08-22 09:30:00+00:00,2023-08-22,2023-08-24,2023-08-31,baseline,19750.0,350.0,ATM_PLUS_350,ok,2023-08-24 15:29:00+05:30,19380.4,802.5000000000091,590.355552699159,212.14444730085,635.0000000000023,635.0000000000023,74997.525,120.0,26.6466206325,0.074997525,0.5674400624999999,0.5454853124999999,19.45374375,18.44626875,26.40989126835
2023-08-22 09:30:00+00:00,2023-08-22,2023-08-24,2023-08-31,60m,19750.0,350.0,ATM_PLUS_350,ok,2023-08-24 14:30:00+05:30,19436.0,1475.5062500000065,1266.968105365469,208.53814463453747,635.0000000000023,635.0000000000023,70793.36875000001,120.0,25.152883916875005,0.07079336875,0.5674400624999999,0.4723278749999999,19.45374375,16.68069375,26.140261911412495
2023-08-22 09:30:00+00:00,2023-08-22,2023-08-24,2023-08-31,120m,19750.0,350.0,ATM_PLUS_350,ok,2023-08-24 13:31:00+05:30,19431.75,1863.550000000004,1655.0280172434036,208.5219827566,635.0000000000023,635.0000000000023,70574.90000000001,120.0,25.075261970000003,0.0705749,0.5674400624999999,0.4632301875,19.45374375,16.76548125,26.1262506366
2023-08-22 09:30:00+00:00,2023-08-22,2023-08-24,2023-08-31,180m,19750.0,350.0,ATM_PLUS_350,ok,2023-08-24 12:31:00+05:30,19442.55,2007.1625000000097,1799.9228947128097,207.2396052872,635.0000000000023,635.0000000000023,69129.54999999999,120.0,24.561729115,0.06912955,0.5674400624999999,0.43939575,19.45374375,16.114612500000003,26.0335545597
2023-08-22 09:30:00+00:00,2023-08-22,2023-08-24,2023-08-31,1d,19750.0,350.0,ATM_PLUS_350,ok,2023-08-23 15:29:00+05:30,19442.3,334.16875000000346,125.68103087606592,208.48771912393752,635.0000000000023,635.0000000000023,71331.21875,120.0,25.343982021875,0.07133121875,0.5674400624999999,0.4975156875,19.45374375,16.37895,26.174756383312506
2023-09-07 07:55:00+00:00,2023-09-07,2023-09-07,2023-09-14,baseline,19950.0,300.0,ATM_PLUS_300,ok,2023-09-07 15:29:00+05:30,19723.25,-184.17499999999905,-377.761391141324,193.58639114132495,167.50000000000114,167.50000000000114,55670.1125,120.0,19.77959097125,0.0556701125,0.4687940625,0.36902025,15.7156125,12.02735625,25.170346995075
2023-09-07 07:55:00+00:00,2023-09-07,2023-09-07,2023-09-14,60m,19950.0,300.0,ATM_PLUS_300,ok,2023-09-07 14:31:00+05:30,19694.85,-166.5812499999987,-362.0119107169112,195.4306607169125,167.50000000000114,167.50000000000114,57632.55625,120.0,20.476847235625,0.05763255625,0.4687940625,0.3981929999999999,15.7156125,13.017375,25.2962063625375
2023-09-07 07:55:00+00:00,2023-09-07,2023-09-07,2023-09-14,120m,19950.0,300.0,ATM_PLUS_300,ok,2023-09-07 13:31:00+05:30,19630.65,121.65000000000248,-79.25873500619753,200.9087350062,167.50000000000114,167.50000000000114,63339.3,120.0,22.50445329,0.0633393,0.4687940625,0.4794706875,15.7156125,16.014862500000003,25.6622026662
2023-09-07 07:55:00+00:00,2023-09-07,2023-09-07,2023-09-14,180m,19950.0,300.0,ATM_PLUS_300,ok,2023-09-07 12:29:00+05:30,19603.0,617.3562500000003,413.6662307065128,203.69001929348747,167.50000000000114,167.50000000000114,66055.54375,120.0,23.469534694375,0.06605554375,0.4687940625,0.5127787500000001,15.7156125,17.620837499999997,25.8364062428625
2023-09-07 07:55:00+00:00,2023-09-07,2023-09-07,2023-09-14,1d,19950.0,300.0,ATM_PLUS_300,ok,2023-09-06 15:29:00+05:30,19617.2,917.7062500000004,714.002223292013,203.70402670798748,167.50000000000114,167.50000000000114,65914.79375,120.0,23.419526219375,0.0659147937499999,0.4687940625,0.50616225,15.7156125,17.700637500000003,25.8273793823625
2023-09-14 04:15:00+00:00,2023-09-14,2023-09-14,2023-09-21,baseline,20550.0,400.0,ATM_PLUS_400,ok,2023-09-14 15:28:00+05:30,20111.9,3499.837500000007,3276.040639445782,223.79686055422505,339.9999999999977,339.9999999999977,86055.71250000001,120.0,30.575594651250004,0.0860557125,0.6596199375,0.5787181875,22.21681875,22.560956250000004,27.119097065475003
2023-09-14 04:15:00+00:00,2023-09-14,2023-09-14,2023-09-21,60m,20550.0,400.0,ATM_PLUS_400,ok,2023-09-14 13:57:00+05:30,20066.6,2455.768750000007,2226.2762710584443,229.49247894156247,339.9999999999977,339.9999999999977,92685.78125,120.0,32.931258078125005,0.09268578125,0.6596199375,0.69383025,22.21681875,25.353956250000003,27.5443098946875
2023-09-14 04:15:00+00:00,2023-09-14,2023-09-14,2023-09-21,120m,20550.0,400.0,ATM_PLUS_400,ok,2023-09-14 13:01:00+05:30,20074.4,2255.818750000006,2026.4414877714432,229.37726222856253,339.9999999999977,339.9999999999977,92666.28125,120.0,32.924329728125,0.09266628125,0.6596199375,0.696537,22.21681875,25.24423125,27.543059281687498
2023-09-14 04:15:00+00:00,2023-09-14,2023-09-14,2023-09-21,180m,20550.0,400.0,ATM_PLUS_400,ok,2023-09-14 12:31:00+05:30,20062.4,3083.925000000008,2852.504027857208,231.4209721428,339.9999999999977,339.9999999999977,94421.7,120.0,33.54803001,0.0944217,0.6596199375,0.7104466875,22.21681875,26.535993750000003,27.6556413078
2023-09-14 04:15:00+00:00,2023-09-14,2023-09-14,2023-09-21,1d,20550.0,400.0,ATM_PLUS_400,ok,2023-09-12 15:29:00+05:30,19985.85,2283.1750000000056,2048.1181779250555,235.05682207495,339.9999999999977,339.9999999999977,98723.675,120.0,35.0765217275,0.098723675,0.6596199375,0.7869875624999999,22.21681875,28.28660625,27.93154417245
2023-10-04 09:16:00+00:00,2023-10-04,2023-10-05,2023-10-12,baseline,19050.0,-350.0,ATM_MINUS_350,ok,2023-10-05 15:16:00+05:30,19547.6,31.60000000000469,-195.4759682078953,227.0759682079,80.0000000000006,80.0000000000006,91359.35,120.0,32.459977055,0.09135935,0.6113495624999999,0.7585666875,20.35648125,25.338993750000004,27.4592405529
2023-10-04 09:16:00+00:00,2023-10-04,2023-10-05,2023-10-12,60m,19050.0,-350.0,ATM_MINUS_350,ok,2023-10-05 12:36:00+05:30,19540.75,-248.6687499999987,-474.7745736694112,226.1058236694125,80.0000000000006,80.0000000000006,90467.55625,120.0,32.143122735625006,0.09046755625,0.6113495624999999,0.7493938124999999,20.35648125,24.7529625,27.4020462525375
2023-10-04 09:16:00+00:00,2023-10-04,2023-10-05,2023-10-12,120m,19050.0,-350.0,ATM_MINUS_350,ok,2023-10-05 12:36:00+05:30,19540.75,-248.6687499999987,-474.7745736694112,226.1058236694125,80.0000000000006,80.0000000000006,90467.55625,120.0,32.143122735625006,0.09046755625,0.6113495624999999,0.7493938124999999,20.35648125,24.7529625,27.4020462525375
2023-10-04 09:16:00+00:00,2023-10-04,2023-10-05,2023-10-12,180m,19050.0,-350.0,ATM_MINUS_350,ok,2023-10-05 10:55:00+05:30,19557.6,38.55625000000722,-190.5973876518303,229.15363765183756,80.0000000000006,80.0000000000006,93576.81875,120.0,33.247843701875006,0.09357681875,0.6113495624999999,0.791724375,20.35648125,26.45120625,27.6014556937125
2023-10-04 09:16:00+00:00,2023-10-04,2023-10-05,2023-10-12,1d,19050.0,-350.0,ATM_MINUS_350,ok,2023-10-04 15:29:00+05:30,19446.15,51.51875000000388,-167.17838025310863,218.6971302531125,80.0000000000006,80.0000000000006,82391.85625,120.0,29.273826525625,0.0823918562499999,0.6113495624999999,0.6237555,20.35648125,20.86520625,26.8841193087375
2023-10-16 03:59:00+00:00,2023-10-16,2023-10-19,2023-10-26,baseline,20100.0,400.0,ATM_PLUS_400,ok,2023-10-19 15:29:00+05:30,19611.9,-57.71874999999227,-281.6904188611797,223.9716688611875,217.50000000000117,217.50000000000117,88087.09375,120.0,31.297344409375008,0.08808709375,0.5988684375,0.7233037499999999,20.079675,23.935012500000003,27.2493776705625
2023-10-16 03:59:00+00:00,2023-10-16,2023-10-19,2023-10-26,60m,20100.0,400.0,ATM_PLUS_400,ok,2023-10-19 14:32:00+05:30,19634.4,-325.1812499999943,-548.0743654566318,222.89311545663756,217.50000000000117,217.50000000000117,87072.76875,120.0,30.936954736875,0.08707276875,0.5988684375,0.7121008125,20.079675,23.294118750000003,27.184324951012503
2023-10-16 03:59:00+00:00,2023-10-16,2023-10-19,2023-10-26,120m,20100.0,400.0,ATM_PLUS_400,ok,2023-10-19 13:32:00+05:30,19646.55,-790.9249999999986,-1012.9361806413737,222.01118064137495,217.50000000000117,217.50000000000117,86371.4375,120.0,30.68777174375,0.0863714375,0.5988684375,0.7085670000000001,20.079675,22.71058125,27.139345772625
2023-10-16 03:59:00+00:00,2023-10-16,2023-10-19,2023-10-26,180m,20100.0,400.0,ATM_PLUS_400,ok,2023-10-19 12:31:00+05:30,19650.75,-847.3937499999948,-1068.9918112412574,221.5980612412625,217.50000000000117,217.50000000000117,85959.08125,120.0,30.541261568125,0.08595908125,0.5988684375,0.7032286875,20.079675,22.476168750000003,27.1128997168875
2023-10-16 03:59:00+00:00,2023-10-16,2023-10-19,2023-10-26,1d,20100.0,400.0,ATM_PLUS_400,ok,2023-10-18 15:29:00+05:30,19668.45,55.33750000000737,-164.73889137246763,220.076391372475,217.50000000000117,217.50000000000117,83864.3375,120.0,29.796999113750005,0.0838643375,0.5988684375,0.6582665624999999,20.079675,21.880162500000004,26.978555421225
2024-01-11 09:39:00+00:00,2024-01-11,2024-01-11,2024-01-18,baseline,21950.0,300.0,ATM_PLUS_300,ok,2024-01-11 15:29:00+05:30,21669.4,881.8625000000054,676.9246385317554,204.93786146825,105.00000000000114,105.00000000000114,67252.375,120.0,23.894768837500003,0.067252375,0.5081923125,0.487365375,16.959993750000002,17.107125000000003,25.91316381825
2024-01-11 09:39:00+00:00,2024-01-11,2024-01-11,2024-01-18,60m,21950.0,300.0,ATM_PLUS_300,ok,2024-01-11 14:31:00+05:30,21653.35,1142.3000000000088,937.4001353263588,204.89986467365,105.00000000000114,105.00000000000114,67076.72499999999,120.0,23.8323603925,0.0670767249999999,0.5081923125,0.4808240624999999,16.959993750000002,17.149518750000002,25.90189868115
2024-01-11 09:39:00+00:00,2024-01-11,2024-01-11,2024-01-18,120m,21950.0,300.0,ATM_PLUS_300,ok,2024-01-11 13:32:00+05:30,21657.55,1001.243750000006,796.9521774942436,204.2915725057625,105.00000000000114,105.00000000000114,66499.58124999999,120.0,23.627301218125,0.06649958125,0.5081923125,0.47428275,16.959993750000002,16.79041875,25.864884143887505
2024-01-11 09:39:00+00:00,2024-01-11,2024-01-11,2024-01-18,180m,21950.0,300.0,ATM_PLUS_300,ok,2024-01-11 12:23:00+05:30,21665.15,1118.7625000000053,914.4212214392304,204.341278560775,105.00000000000114,105.00000000000114,66491.78749999999,120.0,23.62453209875,0.0664917875,0.5081923125,0.4724030625,16.959993750000002,16.845281250000003,25.864384299525
2024-01-11 09:39:00+00:00,2024-01-11,2024-01-11,2024-01-18,1d,21950.0,300.0,ATM_PLUS_300,ok,2024-01-10 15:29:00+05:30,21625.4,1287.2937500000037,1083.256992020966,204.0367579790375,105.00000000000114,105.00000000000114,66078.86875,120.0,23.477822066875,0.0660788687499999,0.5081923125,0.4636813124999999,16.959993750000002,16.723087500000002,25.8379021684125
2024-01-16 07:23:00+00:00,2024-01-16,2024-01-18,2024-01-25,baseline,21650.0,-400.0,ATM_MINUS_400,ok,2024-01-18 15:29:00+05:30,21479.15,4786.893750000003,4573.534776400165,213.35897359983755,607.4999999999995,607.4999999999995,74230.06874999999,120.0,26.373943426875,0.0742300687499999,0.710521875,0.33112575,24.17191875,15.3365625,26.360671229212503
2024-01-16 07:23:00+00:00,2024-01-16,2024-01-18,2024-01-25,60m,21650.0,-400.0,ATM_MINUS_400,ok,2024-01-18 14:32:00+05:30,21425.3,1843.4937500000049,1628.412403413192,215.0813465868125,607.4999999999995,607.4999999999995,77597.40624999999,120.0,27.570358440625,0.07759740625,0.710521875,0.4257868125,24.17191875,15.54853125,26.576632052437496
2024-01-16 07:23:00+00:00,2024-01-16,2024-01-18,2024-01-25,120m,21650.0,-400.0,ATM_MINUS_400,ok,2024-01-18 13:32:00+05:30,21446.2,1722.587500000003,1508.160845642778,214.426654357225,607.4999999999995,607.4999999999995,76960.2125,120.0,27.34396350125,0.0769602124999999,0.710521875,0.4180425,24.17191875,15.16948125,26.535766268475
2024-01-16 07:23:00+00:00,2024-01-16,2024-01-18,2024-01-25,180m,21650.0,-400.0,ATM_MINUS_400,ok,2024-01-18 12:32:00+05:30,21514.45,2584.3500000000063,2372.037739290456,212.31226070955,607.4999999999995,607.4999999999995,74253.07499999998,120.0,26.382117547499995,0.0742530749999999,0.710521875,0.3645089999999999,24.17191875,14.24679375,26.36214671205
2024-01-16 07:23:00+00:00,2024-01-16,2024-01-18,2024-01-25,1d,21650.0,-400.0,ATM_MINUS_400,ok,2024-01-17 15:29:00+05:30,21577.25,1141.9749999999997,927.5994049959744,214.375595004025,607.4999999999995,607.4999999999995,77206.66249999999,120.0,27.43152718625,0.0772066624999999,0.710521875,0.4304484375,24.17191875,15.0024,26.551572092775
2024-02-01 09:34:00+00:00,2024-02-01,2024-02-01,2024-02-08,baseline,21400.0,-300.0,ATM_MINUS_300,ok,2024-02-01 15:29:00+05:30,21689.65,-400.6249999999988,-609.6163178636987,208.9913178637,52.49999999999986,52.49999999999986,72250.55000000002,120.0,25.670620415,0.07225055,0.5417259375,0.5480416875,18.0198375,17.905125,26.2337167737
2024-02-01 09:34:00+00:00,2024-02-01,2024-02-01,2024-02-08,60m,21400.0,-300.0,ATM_MINUS_300,ok,2024-02-01 14:32:00+05:30,21719.8,1155.4687500000018,943.3293310816144,212.1394189183875,52.49999999999986,52.49999999999986,74809.14375,120.0,26.579688774375,0.07480914375,0.5417259375,0.5630791875,18.0198375,19.96246875,26.3978096252625
2024-02-01 09:34:00+00:00,2024-02-01,2024-02-01,2024-02-08,120m,21400.0,-300.0,ATM_MINUS_300,ok,2024-02-01 13:32:00+05:30,21687.8,912.6812500000042,701.4868691557917,211.19438084421245,52.49999999999986,52.49999999999986,73924.75624999999,120.0,26.265465895625,0.07392475625,0.5417259375,0.5534551875,18.0198375,19.39888125,26.341090317337496
2024-02-01 09:34:00+00:00,2024-02-01,2024-02-01,2024-02-08,180m,21400.0,-300.0,ATM_MINUS_300,ok,2024-02-01 12:32:00+05:30,21705.45,1927.3500000000013,1712.735649010201,214.6143509898,52.49999999999986,52.49999999999986,77054.7,120.0,27.37753491,0.0770546999999999,0.5417259375,0.5851843125000001,18.0198375,21.471187500000003,26.5418261298
2024-02-01 09:34:00+00:00,2024-02-01,2024-02-01,2024-02-08,1d,21400.0,-300.0,ATM_MINUS_300,ok,2024-01-31 15:29:00+05:30,21709.65,848.7812500000005,628.675018072388,220.1062319276125,52.49999999999986,52.49999999999986,83484.85625000001,120.0,29.66216942562501,0.08348485625,0.5417259375,0.6978151874999999,18.0198375,24.14698125,26.9542177707375
2024-02-07 03:54:00+00:00,2024-02-07,2024-02-08,2024-02-15,baseline,22300.0,300.0,ATM_PLUS_300,ok,2024-02-08 15:29:00+05:30,21759.7,3527.0125000000007,3294.6620640800256,232.350435919975,57.49999999999886,57.49999999999886,95185.5875,120.0,33.81943923874999,0.0951855874999999,0.5702219999999998,0.8046566249999999,18.96995625,30.38634375,27.704632468725
2024-02-07 03:54:00+00:00,2024-02-07,2024-02-08,2024-02-15,60m,22300.0,300.0,ATM_PLUS_300,ok,2024-02-08 14:31:00+05:30,21698.0,3777.706250000011,3542.688110731924,235.01813926808748,57.49999999999886,57.49999999999886,97907.44375,120.0,34.786514764375,0.0979074437499999,0.5702219999999998,0.8417240625,18.96995625,31.872618750000004,27.879195997462496
2024-02-07 03:54:00+00:00,2024-02-07,2024-02-08,2024-02-15,120m,22300.0,300.0,ATM_PLUS_300,ok,2024-02-08 13:31:00+05:30,21799.9,3331.024999999997,3104.012234484672,227.012765515325,57.49999999999886,57.49999999999886,89581.11249999999,120.0,31.82816927125,0.0895811124999999,0.5702219999999998,0.7235293125,18.96995625,27.4861125,27.345195069075004
2024-02-07 03:54:00+00:00,2024-02-07,2024-02-08,2024-02-15,180m,22300.0,300.0,ATM_PLUS_300,ok,2024-02-08 12:31:00+05:30,21776.1,3525.775000000004,3296.70383705168,229.07116294832505,57.49999999999886,57.49999999999886,91680.6125,120.0,32.57412162125,0.0916806124999999,0.5702219999999998,0.7521005624999999,18.96995625,28.633237500000003,27.479844402075003
2024-02-07 03:54:00+00:00,2024-02-07,2024-02-08,2024-02-15,1d,22300.0,300.0,ATM_PLUS_300,ok,2024-02-07 15:30:00+05:30,21948.75,-756.0124999999971,-970.5898463150972,214.5773463151,57.49999999999886,57.49999999999886,78406.39999999998,120.0,27.85779392,0.0784063999999999,0.5702219999999998,0.6172141875,18.96995625,19.855237500000005,26.6285160576
2024-02-14 09:30:00+00:00,2024-02-14,2024-02-15,2024-02-22,baseline,21450.0,-400.0,ATM_MINUS_400,ok,2024-02-15 15:29:00+05:30,21927.05,3972.575000000004,3732.736554359553,239.83844564045,109.99999999999766,109.99999999999766,102959.425,120.0,36.5814837025,0.1029594249999999,0.7551080625,0.7296946875,25.154456250000003,28.31154375000001,28.20319976295
2024-02-14 09:30:00+00:00,2024-02-14,2024-02-15,2024-02-22,60m,21450.0,-400.0,ATM_MINUS_400,ok,2024-02-15 14:31:00+05:30,21894.3,2946.737500000005,2708.9516744145053,237.7858255855,109.99999999999766,109.99999999999766,101297.0,120.0,35.990824100000005,0.101297,0.7551080625,0.720145875,25.154456250000003,26.9674125,28.096581797999995
2024-02-14 09:30:00+00:00,2024-02-14,2024-02-15,2024-02-22,120m,21450.0,-400.0,ATM_MINUS_400,ok,2024-02-15 13:16:00+05:30,21856.5,1912.137500000004,1678.742417033179,233.39508296682504,109.99999999999766,109.99999999999766,97139.6125,120.0,34.51370432125,0.0971396125,0.7551080625,0.6733040625,25.154456250000003,24.37141875,27.829951908075
2024-02-14 09:30:00+00:00,2024-02-14,2024-02-15,2024-02-22,180m,21450.0,-400.0,ATM_MINUS_400,ok,2024-02-15 12:25:00+05:30,21865.2,1286.543750000003,1052.2930246577655,234.2507253422375,109.99999999999766,109.99999999999766,98378.66874999998,120.0,34.953941006875,0.09837866875,0.7551080625,0.7012738125,25.154456250000003,24.67815,27.9094175416125
2024-02-14 09:30:00+00:00,2024-02-14,2024-02-15,2024-02-22,1d,21450.0,-400.0,ATM_MINUS_400,ok,2024-02-14 15:29:00+05:30,21848.7,403.8562500000062,169.02597859046867,234.83027140953752,109.99999999999766,109.99999999999766,99455.86875,120.0,35.336670166875,0.09945586875,0.7551080625,0.730672125,25.154456250000003,24.775406250000003,27.978502686412497
2024-03-07 09:43:00+00:00,2024-03-07,2024-03-07,2024-03-14,baseline,22150.0,-350.0,ATM_MINUS_350,ok,2024-03-07 15:29:00+05:30,22483.5,-878.8812499999996,-1089.795555348862,210.91430534886248,132.49999999999778,132.49999999999778,74554.23124999998,120.0,26.489118363125,0.0745542312499999,0.5648836875,0.566613,18.8677125,17.9699625,26.381461066987494
2024-03-07 09:43:00+00:00,2024-03-07,2024-03-07,2024-03-14,60m,22150.0,-350.0,ATM_MINUS_350,ok,2024-03-07 14:31:00+05:30,22514.35,1146.6000000000035,932.0818584639036,214.5181415361,132.49999999999778,132.49999999999778,77356.65,120.0,27.484817745,0.0773566499999999,0.5648836875,0.5782670624999999,18.8677125,20.3839125,26.5611913911
2024-03-07 09:43:00+00:00,2024-03-07,2024-03-07,2024-03-14,120m,22150.0,-350.0,ATM_MINUS_350,ok,2024-03-07 13:31:00+05:30,22506.35,1593.2687500000015,1378.223988831939,215.0447611680625,132.49999999999778,132.49999999999778,77688.03125,120.0,27.602557503125,0.07768803125,0.5648836875,0.57653775,18.8677125,20.7729375,26.582444196187502
2024-03-07 09:43:00+00:00,2024-03-07,2024-03-07,2024-03-14,180m,22150.0,-350.0,ATM_MINUS_350,ok,2024-03-07 12:32:00+05:30,22480.65,1298.6250000000005,1084.7911786666505,213.83382133335,132.49999999999778,132.49999999999778,76546.275,120.0,27.1968915075,0.076546275,0.5648836875,0.5638310624999999,18.8677125,20.0547375,26.50921880085
2024-03-07 09:43:00+00:00,2024-03-07,2024-03-07,2024-03-14,1d,22150.0,-350.0,ATM_MINUS_350,ok,2024-03-06 15:29:00+05:30,22482.85,1571.1437500000015,1353.443697478164,217.7000525218375,132.49999999999778,132.49999999999778,80538.06875,120.0,28.615175826875003,0.08053806875,0.5648836875,0.6196201875,18.8677125,22.186893750000003,26.7652285012125
2024-03-28 09:21:00+00:00,2024-03-28,2024-03-28,2024-04-04,baseline,22250.0,-200.0,ATM_MINUS_200,ok,2024-03-28 15:29:00+05:30,22343.1,1507.706250000001,1318.6843035137636,189.02194648623757,12.49999999999858,12.49999999999858,49913.41875,120.0,17.734237681875,0.04991341875,0.471425625,0.2546600624999999,15.64828125,10.06228125,24.801147198112503
2024-03-28 09:21:00+00:00,2024-03-28,2024-03-28,2024-04-04,60m,22250.0,-200.0,ATM_MINUS_200,ok,2024-03-28 14:31:00+05:30,22488.4,27.300000000002456,-175.19084088884753,202.49084088885,12.49999999999858,12.49999999999858,65079.525,120.0,23.1227552325,0.065079525,0.471425625,0.5043577499999999,15.64828125,16.905131250000004,25.77381025635
2024-03-28 09:21:00+00:00,2024-03-28,2024-03-28,2024-04-04,120m,22250.0,-200.0,ATM_MINUS_200,ok,2024-03-28 13:31:00+05:30,22418.35,1196.7937500000005,1000.097012476613,196.6967375233875,12.49999999999858,12.49999999999858,58279.14375,120.0,20.706579774375,0.05827914375,0.471425625,0.384809625,15.64828125,14.0896875,25.337674605262503
2024-03-28 09:21:00+00:00,2024-03-28,2024-03-28,2024-04-04,180m,22250.0,-200.0,ATM_MINUS_200,ok,2024-03-28 12:31:00+05:30,22351.2,2314.4187500000007,2121.9064901880383,192.5122598119625,12.49999999999858,12.49999999999858,53226.381250000006,120.0,18.911333258125,0.05322638125,0.471425625,0.2922538125,15.64828125,12.122118750000002,25.0136207350875
2024-03-28 09:21:00+00:00,2024-03-28,2024-03-28,2024-04-04,1d,22250.0,-200.0,ATM_MINUS_200,ok,2024-03-27 15:29:00+05:30,22145.45,3903.6437500000006,3711.9453061802633,191.69844381973752,12.49999999999858,12.49999999999858,51532.41875,120.0,18.309468381875003,0.05153241875,0.471425625,0.243006,15.64828125,12.06975,24.904980144112503
2024-05-16 09:31:00+00:00,2024-05-16,2024-05-16,2024-05-23,baseline,22750.0,350.0,ATM_PLUS_350,ok,2024-05-16 15:29:00+05:30,22392.35,924.3000000000038,747.3811144902413,176.91888550976248,97.50000000000084,97.50000000000084,37277.45625,120.0,13.244680205625002,0.03727745625,0.28289296875,0.2624043749999999,9.479990625,9.6208875,23.990752379137497
2024-05-16 09:31:00+00:00,2024-05-16,2024-05-16,2024-05-23,60m,22750.0,350.0,ATM_PLUS_350,ok,2024-05-16 14:00:00+05:30,22121.1,1868.053125000003,1678.519329560722,189.53379543928128,97.50000000000084,97.50000000000084,50273.765625,120.0,17.8622689265625,0.050273765625,0.28289296875,0.4431927187499999,9.479990625,16.59091875,24.824257684593757
2024-05-16 09:31:00+00:00,2024-05-16,2024-05-16,2024-05-23,120m,22750.0,350.0,ATM_PLUS_350,ok,2024-05-16 13:32:00+05:30,22082.7,2035.5312499999995,1844.5052921052743,191.025957894725,97.50000000000084,97.50000000000084,51782.0875,120.0,18.39817568875,0.0517820875,0.28289296875,0.463305375,9.479990625,17.428818749999998,24.920992399725
2024-05-16 09:31:00+00:00,2024-05-16,2024-05-16,2024-05-23,180m,22750.0,350.0,ATM_PLUS_350,ok,2024-05-16 12:31:00+05:30,22178.1,2128.5812500000047,1941.4578872685424,187.1233627314625,97.50000000000084,97.50000000000084,47561.88125,120.0,16.898736408125,0.0475618812499999,0.28289296875,0.39860653125,9.479990625,15.365240625000002,24.650333692087496
2024-05-16 09:31:00+00:00,2024-05-16,2024-05-16,2024-05-23,1d,22750.0,350.0,ATM_PLUS_350,ok,2024-05-15 15:29:00+05:30,22210.4,876.3187500000015,690.824099886864,185.49465011313748,97.50000000000084,97.50000000000084,46470.01875,120.0,16.510797661875,0.0464700187499999,0.28289296875,0.4010125312499999,9.479990625,14.193178125,24.580308182512496
2024-06-04 04:54:00+00:00,2024-06-04,2024-06-06,2024-06-13,baseline,22450.0,-350.0,ATM_MINUS_350,ok,2024-06-06 15:29:00+05:30,22849.05,1720.106250000003,1513.1712341858656,206.93501581413747,187.4999999999972,187.4999999999972,68952.76874999999,120.0,24.498918736875,0.0689527687499999,0.6680785312499999,0.34041140625,22.345246875,12.991190625000002,26.022216871012496
2024-06-04 04:54:00+00:00,2024-06-04,2024-06-06,2024-06-13,60m,22450.0,-350.0,ATM_MINUS_350,ok,2024-06-06 14:31:00+05:30,22695.65,1547.575000000004,1345.3887062788915,202.1862937211125,187.4999999999972,187.4999999999972,63965.73125,120.0,22.727024313125,0.0639657312499999,0.6680785312499999,0.2681938124999999,22.345246875,10.41140625,25.7023782079875
2024-06-04 04:54:00+00:00,2024-06-04,2024-06-06,2024-06-13,120m,22450.0,-350.0,ATM_MINUS_350,ok,2024-06-06 13:31:00+05:30,22762.65,1334.675000000005,1129.6355119289674,205.0394880710375,187.4999999999972,187.4999999999972,67126.24374999998,120.0,23.849954404375,0.06712624375,0.6680785312499999,0.3187949999999999,22.345246875,11.8852125,25.905074516662506
2024-06-04 04:54:00+00:00,2024-06-04,2024-06-06,2024-06-13,180m,22450.0,-350.0,ATM_MINUS_350,ok,2024-06-06 12:31:00+05:30,22775.9,968.6281250000036,762.9058890155474,205.72223598445623,187.4999999999972,187.4999999999972,68045.903125,120.0,24.1767093803125,0.0680459031249999,0.6680785312499999,0.33808059375,22.345246875,12.16201875,25.96405595101875
2024-06-04 04:54:00+00:00,2024-06-04,2024-06-06,2024-06-13,1d,22450.0,-350.0,ATM_MINUS_350,ok,2024-06-05 15:29:00+05:30,22573.0,1208.9406250000052,1003.2193279634488,205.72129703655628,187.4999999999972,187.4999999999972,67920.30312499999,120.0,24.1320837003125,0.0679203031249999,0.6680785312499999,0.33259190625,22.345246875,12.219375,25.95600072061875
2024-06-10 03:54:00+00:00,2024-06-10,2024-06-13,2024-06-20,baseline,23700.0,300.0,ATM_PLUS_300,ok,2024-06-13 15:29:00+05:30,23399.35,209.14062500000057,25.491574629806763,183.6490503701938,676.2500000000017,676.2500000000017,44842.946875,120.0,15.9326990246875,0.0448429468749999,0.4074034687499999,0.262103625,14.18694375,8.339099999999998,24.47595755488125
2024-06-10 03:54:00+00:00,2024-06-10,2024-06-13,2024-06-20,60m,23700.0,300.0,ATM_PLUS_300,ok,2024-06-13 14:31:00+05:30,23390.55,420.9156250000049,236.89308484412365,184.02254015588127,676.2500000000017,676.2500000000017,45132.415625,120.0,16.0355472715625,0.045132415625,0.4074034687499999,0.2632690312499999,14.18694375,8.589721875000004,24.494522343693752
2024-06-10 03:54:00+00:00,2024-06-10,2024-06-13,2024-06-20,120m,23700.0,300.0,ATM_PLUS_300,ok,2024-06-13 13:31:00+05:30,23412.15,637.665625000004,454.19326768989765,183.47235731010628,676.2500000000017,676.2500000000017,44431.878125,120.0,15.7866462978125,0.0444318781249999,0.4074034687499999,0.2495097187499999,14.18694375,8.347828125,24.44959407166875
2024-06-10 03:54:00+00:00,2024-06-10,2024-06-13,2024-06-20,180m,23700.0,300.0,ATM_PLUS_300,ok,2024-06-13 12:31:00+05:30,23411.65,622.6468750000009,439.1747509498697,183.47212405013124,676.2500000000017,676.2500000000017,44439.415625,120.0,15.7893243715625,0.0444394156249999,0.4074034687499999,0.2498480625,14.18694375,8.3440875,24.450077481693747
2024-06-10 03:54:00+00:00,2024-06-10,2024-06-13,2024-06-20,1d,23700.0,300.0,ATM_PLUS_300,ok,2024-06-12 15:29:00+05:30,23305.65,884.5531250000008,696.9907121080321,187.56241289196876,676.2500000000017,676.2500000000017,48676.23437499999,120.0,17.294666073437497,0.0486762343749999,0.4074034687499999,0.30947175,14.18694375,10.59345,24.72180161540625
2024-06-19 08:52:00+00:00,2024-06-19,2024-06-20,2024-06-27,baseline,23950.0,350.0,ATM_PLUS_350,ok,2024-06-20 15:29:00+05:30,23579.15,733.4125000000029,554.3828152195155,179.02968478048743,83.74999999999915,83.74999999999915,39632.91874999999,120.0,14.081576031875,0.0396329187499999,0.3002236875,0.2832689062499999,10.041084375,10.142081250000002,24.141817611112494
2024-06-19 08:52:00+00:00,2024-06-19,2024-06-20,2024-06-27,60m,23950.0,350.0,ATM_PLUS_350,ok,2024-06-20 14:31:00+05:30,23571.7,226.765625000003,47.83197989773427,178.93364510226874,83.74999999999915,83.74999999999915,39792.934375,120.0,14.1384295834375,0.039792934375,0.3002236875,0.29326884375,10.041084375,9.968765625,24.152080053206248
2024-06-19 08:52:00+00:00,2024-06-19,2024-06-20,2024-06-27,120m,23950.0,350.0,ATM_PLUS_350,ok,2024-06-20 13:31:00+05:30,23611.65,162.98437500000205,-14.52703597550422,177.5114109755063,83.74999999999915,83.74999999999915,38305.603125,120.0,13.609980790312502,0.038305603125,0.3002236875,0.2719155937499999,10.041084375,9.193209375,24.056691550818748
2024-06-19 08:52:00+00:00,2024-06-19,2024-06-20,2024-06-27,180m,23950.0,350.0,ATM_PLUS_350,ok,2024-06-20 12:31:00+05:30,23537.1,368.0999999999997,187.2588526414122,180.84114735858756,83.74999999999915,83.74999999999915,41758.81874999999,120.0,14.836908301875,0.0417588187499999,0.3002236875,0.32063709375,10.041084375,11.022375,24.2781600817125
2024-06-19 08:52:00+00:00,2024-06-19,2024-06-20,2024-06-27,1d,23950.0,350.0,ATM_PLUS_350,ok,2024-06-19 15:29:00+05:30,23521.4,6.559375000003342,-176.0868704788654,182.64624547886876,83.74999999999915,83.74999999999915,43875.95937499999,120.0,15.589128365937505,0.043875959375,0.3002236875,0.3578173125,10.041084375,11.900175,24.41394077855625
2024-06-26 09:59:00+00:00,2024-06-26,2024-06-27,2024-07-04,baseline,24050.0,200.0,ATM_PLUS_200,ok,2024-06-27 15:30:00+05:30,24036.85,108.3406250000003,-55.91511888440599,164.2557438844063,114.99999999999916,114.99999999999916,24163.328125,120.0,8.5852304828125,0.0241633281249999,0.23755490625,0.12326990625,7.993715625,4.142118750000001,23.149690885968752
2024-06-26 09:59:00+00:00,2024-06-26,2024-06-27,2024-07-04,60m,24050.0,200.0,ATM_PLUS_200,ok,2024-06-27 14:31:00+05:30,23928.75,614.971875000002,447.3402540156208,167.63162098438124,114.99999999999916,114.99999999999916,27509.540625,120.0,9.7741397840625,0.027509540625,0.23755490625,0.165863625,7.993715625,6.068540625000001,23.36429687844375
2024-06-26 09:59:00+00:00,2024-06-26,2024-06-27,2024-07-04,120m,24050.0,200.0,ATM_PLUS_200,ok,2024-06-27 13:31:00+05:30,23952.0,438.42500000000086,270.7675092868884,167.6574907131125,114.99999999999916,114.99999999999916,27628.73125,120.0,9.816488213125,0.0276287312499999,0.23755490625,0.1702996875,7.993715625,6.039862500000001,23.371941049987495
2024-06-26 09:59:00+00:00,2024-06-26,2024-06-27,2024-07-04,180m,24050.0,200.0,ATM_PLUS_200,ok,2024-06-27 12:31:00+05:30,23989.45,48.98125000000064,-118.28013847751184,167.2613884775125,114.99999999999916,114.99999999999916,27407.20625,120.0,9.737780380625,0.02740720625,0.23755490625,0.1728184687499999,7.993715625,5.734378125000001,23.357733765637494
2024-06-26 09:59:00+00:00,2024-06-26,2024-06-27,2024-07-04,1d,24050.0,200.0,ATM_PLUS_200,ok,2024-06-26 15:29:00+05:30,23840.25,-79.56249999999869,-250.8940992374987,171.3315992375,114.99999999999916,114.99999999999916,31825.0,120.0,11.3074225,0.031825,0.23755490625,0.24101353125,7.993715625,7.879003125,23.64106455
2024-07-01 05:59:00+00:00,2024-07-01,2024-07-04,2024-07-11,baseline,23850.0,-250.0,ATM_MINUS_250,ok,2024-07-04 15:29:00+05:30,24304.65,440.4406250000013,255.29550137728253,185.1451236227188,22.500000000000146,22.500000000000146,46322.359375,120.0,16.4583342859375,0.046322359375,0.33168965625,0.3565391249999999,11.023621875000002,12.357778125,24.57083819615625
2024-07-01 05:59:00+00:00,2024-07-01,2024-07-04,2024-07-11,60m,23850.0,-250.0,ATM_MINUS_250,ok,2024-07-04 14:32:00+05:30,24348.85,232.4843749999993,46.33348004360559,186.15089495639373,22.500000000000146,22.500000000000146,47505.371875,120.0,16.878658627187498,0.0475053718749999,0.33168965625,0.37740365625,11.023621875000002,12.845306249999998,24.646709519831244
2024-07-01 05:59:00+00:00,2024-07-01,2024-07-04,2024-07-11,120m,23850.0,-250.0,ATM_MINUS_250,ok,2024-07-04 13:32:00+05:30,24332.9,275.6968750000005,89.79172006096923,185.9051549390313,22.500000000000146,22.500000000000146,47220.26562500001,120.0,16.777360376562502,0.047220265625,0.33168965625,0.372478875,11.023621875000002,12.724359375,24.62842451559375
2024-07-01 05:59:00+00:00,2024-07-01,2024-07-04,2024-07-11,180m,23850.0,-250.0,ATM_MINUS_250,ok,2024-07-04 12:27:00+05:30,24343.4,320.2781250000004,133.25934004250664,187.01878495749372,22.500000000000146,22.500000000000146,48387.646875,120.0,17.1921309346875,0.0483876468749999,0.33168965625,0.3893208749999999,11.023621875000002,13.330340625,24.70329334468125
2024-07-01 05:59:00+00:00,2024-07-01,2024-07-04,2024-07-11,1d,23850.0,-250.0,ATM_MINUS_250,ok,2024-07-03 15:29:00+05:30,24290.8,585.2312500000004,399.47018534471295,185.76106465528747,22.500000000000146,22.500000000000146,46905.74375,120.0,16.665610754375003,0.04690574375,0.33168965625,0.36311803125,11.023621875000002,12.721865625,24.60825296966249
2024-07-15 04:10:00+00:00,2024-07-15,2024-07-18,2024-07-25,baseline,24950.0,400.0,ATM_PLUS_400,ok,2024-07-18 15:29:00+05:30,24779.35,365.3656250000026,186.77667141317136,178.58895358683122,306.2499999999986,306.2499999999986,39352.590625,120.0,13.9819754490625,0.0393525906249999,0.3635691562499999,0.2212392187499999,12.3640125,7.494965625000001,24.123839047143747
2024-07-15 04:10:00+00:00,2024-07-15,2024-07-18,2024-07-25,60m,24950.0,400.0,ATM_PLUS_400,ok,2024-07-18 14:32:00+05:30,24781.75,180.25000000000236,1.2394169538023334,179.0105830462,306.2499999999986,306.2499999999986,39899.3,120.0,14.17622129,0.0398993,0.3635691562499999,0.23221659375,12.3640125,7.675762500000001,24.1589017062
2024-07-15 04:10:00+00:00,2024-07-15,2024-07-18,2024-07-25,120m,24950.0,400.0,ATM_PLUS_400,ok,2024-07-18 13:32:00+05:30,24736.4,-7.759374999996282,-188.27294889181505,180.51357389181877,306.2499999999986,306.2499999999986,41603.509375,120.0,14.781726880937502,0.041603509375,0.3635691562499999,0.260599875,12.3640125,8.433862500000002,24.26819947025625
2024-07-15 04:10:00+00:00,2024-07-15,2024-07-18,2024-07-25,180m,24950.0,400.0,ATM_PLUS_400,ok,2024-07-18 12:32:00+05:30,24613.15,490.5906250000015,306.4128497500703,184.17777524993124,306.2499999999986,306.2499999999986,45262.240625000006,120.0,16.081674094062503,0.045262240625,0.3635691562499999,0.30800559375,12.3640125,10.512403125,24.502848540243747
2024-07-15 04:10:00+00:00,2024-07-15,2024-07-18,2024-07-25,1d,24950.0,400.0,ATM_PLUS_400,ok,2024-07-16 15:29:00+05:30,24601.1,454.90937500000257,270.49391754084627,184.41545745915627,306.2499999999986,306.2499999999986,45534.828125,120.0,16.1785244328125,0.0455348281249999,0.3635691562499999,0.3126296249999999,12.3640125,10.63085625,24.52033066696875
2024-07-23 07:04:00+00:00,2024-07-23,2024-07-25,2024-08-01,baseline,23950.0,-350.0,ATM_MINUS_350,ok,2024-07-25 15:29:00+05:30,24416.6,391.1593750000048,203.5006886686736,187.65868633133124,323.75000000000114,323.75000000000114,49034.965625,120.0,17.422123286562503,0.049034965625,0.3640202812499999,0.3656368124999999,12.39643125,12.31663125,24.74480848539375
2024-07-23 07:04:00+00:00,2024-07-23,2024-07-25,2024-08-01,60m,23950.0,-350.0,ATM_MINUS_350,ok,2024-07-25 14:32:00+05:30,24413.3,629.7843750000045,441.4960281040733,188.28834689593128,323.75000000000114,323.75000000000114,49584.365625000006,120.0,17.6173251065625,0.0495843656249999,0.3640202812499999,0.3702984375,12.39643125,12.71064375,24.78004370499375
2024-07-23 07:04:00+00:00,2024-07-23,2024-07-25,2024-08-01,120m,23950.0,-350.0,ATM_MINUS_350,ok,2024-07-25 13:29:00+05:30,24392.25,526.765625000005,339.2683280913988,187.49729690860624,323.75000000000114,323.75000000000114,48792.128125,120.0,17.335843122812502,0.048792128125,0.3640202812499999,0.35996015625,12.39643125,12.263015625,24.72923434516875
2024-07-23 07:04:00+00:00,2024-07-23,2024-07-25,2024-08-01,180m,23950.0,-350.0,ATM_MINUS_350,ok,2024-07-25 12:32:00+05:30,24373.8,705.6781250000047,518.6229908377359,187.0551341622688,323.75000000000114,323.75000000000114,48226.684375,120.0,17.134940958437504,0.048226684375,0.3640202812499999,0.3487948125,12.39643125,12.06975,24.69297017570625
2024-07-23 07:04:00+00:00,2024-07-23,2024-07-25,2024-08-01,1d,23950.0,-350.0,ATM_MINUS_350,ok,2024-07-24 15:27:00+05:30,24439.95,1223.4406250000052,1033.4275223523614,190.01310264764373,323.75000000000114,323.75000000000114,51120.371875,120.0,18.1630681271875,0.0511203718749999,0.3640202812499999,0.3844336874999999,12.39643125,13.775475,24.87855392983125
2024-07-29 04:03:00+00:00,2024-07-29,2024-08-01,2024-08-08,baseline,24550.0,-350.0,ATM_MINUS_350,ok,2024-08-01 15:29:00+05:30,25006.0,-457.2562499999972,-643.4448971761847,186.18864717618752,4.999999999999716,4.999999999999716,47903.34374999999,120.0,17.020058034375,0.04790334375,0.35454665625,0.37086234375,11.764265625,11.958778125,24.672233048062505
2024-07-29 04:03:00+00:00,2024-07-29,2024-08-01,2024-08-08,60m,24550.0,-350.0,ATM_MINUS_350,ok,2024-08-01 14:32:00+05:30,24960.2,-488.1874999999981,-672.8388085354106,184.65130853541248,4.999999999999716,4.999999999999716,46275.93125,120.0,16.441838373125,0.04627593125,0.35454665625,0.346915125,11.764265625,11.12960625,24.567860574787492
2024-07-29 04:03:00+00:00,2024-07-29,2024-08-01,2024-08-08,120m,24550.0,-350.0,ATM_MINUS_350,ok,2024-08-01 13:31:00+05:30,24981.5,-434.1593749999982,-619.6681225981295,185.50874759813124,4.999999999999716,4.999999999999716,47164.540625,120.0,16.7575612840625,0.047164540625,0.35454665625,0.35943384375,11.764265625,11.600925000000002,24.624850648443747
2024-07-29 04:03:00+00:00,2024-07-29,2024-08-01,2024-08-08,180m,24550.0,-350.0,ATM_MINUS_350,ok,2024-08-01 12:31:00+05:30,24977.8,-233.659374999996,-419.0778105811272,185.41843558113123,4.999999999999716,4.999999999999716,46964.040625,120.0,16.6863236340625,0.0469640406249999,0.35454665625,0.35341884375,11.764265625,11.600925000000002,24.61199178144375
2024-07-29 04:03:00+00:00,2024-07-29,2024-08-01,2024-08-08,1d,24550.0,-350.0,ATM_MINUS_350,ok,2024-07-31 15:29:00+05:30,24979.3,-63.49062499999771,-249.86348122396643,186.3728562239687,4.999999999999716,4.999999999999716,47896.10937499999,120.0,17.0174876609375,0.0478961093749999,0.35454665625,0.3648473437499999,11.764265625,12.15204375,24.671769078656247
2024-08-05 05:26:00+00:00,2024-08-05,2024-08-08,2024-08-14,baseline,23700.0,-400.0,ATM_MINUS_400,ok,2024-08-08 15:29:00+05:30,24098.7,-418.6374999999992,-613.7804643933741,195.142964393375,12.50000000000142,12.50000000000142,57455.6875,120.0,20.41400576875,0.0574556875,0.49980890625,0.36830596875,16.589671875,11.928853125000002,25.284863062125
2024-08-05 05:26:00+00:00,2024-08-05,2024-08-08,2024-08-14,60m,23700.0,-400.0,ATM_MINUS_400,ok,2024-08-08 14:32:00+05:30,24167.6,308.53437499999785,111.51451562502912,197.01985937496872,12.50000000000142,12.50000000000142,59085.109375,120.0,20.992939360937505,0.059085109375,0.49980890625,0.38183971875,16.589671875,13.10715,25.38936440465625
2024-08-05 05:26:00+00:00,2024-08-05,2024-08-08,2024-08-14,120m,23700.0,-400.0,ATM_MINUS_400,ok,2024-08-08 13:32:00+05:30,24126.95,306.0781250000016,110.01124930835786,196.06687569164373,12.50000000000142,12.50000000000142,58067.62187500001,120.0,20.6314260521875,0.0580676218749999,0.49980890625,0.36661425,16.589671875,12.597178125000005,25.32410886133125
2024-08-05 05:26:00+00:00,2024-08-05,2024-08-08,2024-08-14,180m,23700.0,-400.0,ATM_MINUS_400,ok,2024-08-08 12:32:00+05:30,24319.2,-60.35624999999758,-263.7986750123226,203.442425012325,12.50000000000142,12.50000000000142,66142.23749999999,120.0,23.500336983750003,0.0661422375,0.49980890625,0.49323,16.589671875,16.451268750000004,25.841966259825
2024-08-05 05:26:00+00:00,2024-08-05,2024-08-08,2024-08-14,1d,23700.0,-400.0,ATM_MINUS_400,ok,2024-08-07 15:29:00+05:30,24316.05,132.9718749999996,-71.65714369314409,204.6290186931437,12.50000000000142,12.50000000000142,67310.496875,120.0,23.915419539687505,0.067310496875,0.49980890625,0.50785396875,16.589671875,17.1320625,25.916891406581247
2024-08-12 03:50:00+00:00,2024-08-12,2024-08-14,2024-08-22,baseline,24650.0,350.0,ATM_PLUS_350,ok,2024-08-14 15:29:00+05:30,24143.7,709.0437500000036,521.8431693018035,187.2005806982,198.7499999999997,198.7499999999997,48380.425,120.0,17.1895650025,0.0483804249999999,0.3355618125,0.3795089062499999,11.327859375,13.216875000000002,24.70283017695
2024-08-12 03:50:00+00:00,2024-08-12,2024-08-14,2024-08-22,60m,24650.0,350.0,ATM_PLUS_350,ok,2024-08-14 14:26:00+05:30,24157.4,725.1937500000025,538.4156712705775,186.778078729425,198.7499999999997,198.7499999999997,47920.3875,120.0,17.02611367875,0.0479203875,0.3355618125,0.37236609375,11.327859375,12.994931250000002,24.673326131925
2024-08-12 03:50:00+00:00,2024-08-12,2024-08-14,2024-08-22,120m,24650.0,350.0,ATM_PLUS_350,ok,2024-08-14 13:29:00+05:30,24159.65,697.512500000002,510.6799634007396,186.83253659926245,198.7499999999997,198.7499999999997,47992.95625,120.0,17.051897355624998,0.0479929562499999,0.3355618125,0.37386984375,11.327859375,13.017375,24.67798025613749
2024-08-12 03:50:00+00:00,2024-08-12,2024-08-14,2024-08-22,180m,24650.0,350.0,ATM_PLUS_350,ok,2024-08-14 12:25:00+05:30,24158.2,657.8843750000019,470.74239622869567,187.14197877130624,198.7499999999997,198.7499999999997,48344.303125,120.0,17.1767309003125,0.0483443031249999,0.3355618125,0.37973446875,11.327859375,13.173234375000002,24.700513536618747
2024-08-12 03:50:00+00:00,2024-08-12,2024-08-14,2024-08-22,1d,24650.0,350.0,ATM_PLUS_350,ok,2024-08-13 15:28:00+05:30,24134.7,195.46875000000057,7.178389878450588,188.29036012155,198.7499999999997,198.7499999999997,49811.7,120.0,17.69809701,0.0498117,0.3355618125,0.4086816562499999,11.327859375,13.675725,24.7946235678
2024-08-21 04:17:00+00:00,2024-08-21,2024-08-22,2024-08-29,baseline,24350.0,-350.0,ATM_MINUS_350,ok,2024-08-22 15:29:00+05:30,24811.35,639.1312500000039,453.86800966042887,185.26324033957505,11.249999999999716,11.249999999999716,46345.6125,120.0,16.466596121250003,0.0463456125,0.3220656562499999,0.3635315625,10.6932,12.799171875000004,24.572329512075
2024-08-21 04:17:00+00:00,2024-08-21,2024-08-22,2024-08-29,60m,24350.0,-350.0,ATM_MINUS_350,ok,2024-08-22 14:30:00+05:30,24807.3,782.7062500000037,597.7759456537913,184.9303043462125,11.249999999999716,11.249999999999716,45915.25625,120.0,16.313690545625004,0.04591525625,0.3220656562499999,0.3549225937499999,10.6932,12.655781250000002,24.5447290443375
2024-08-21 04:17:00+00:00,2024-08-21,2024-08-22,2024-08-29,120m,24350.0,-350.0,ATM_MINUS_350,ok,2024-08-22 13:25:00+05:30,24816.7,714.7562500000043,529.6903654293044,185.0658845707,11.249999999999716,11.249999999999716,46095.425,120.0,16.377704502500002,0.046095425,0.3220656562499999,0.3586443749999999,10.6932,12.711890625,24.55628398695
2024-08-21 04:17:00+00:00,2024-08-21,2024-08-22,2024-08-29,180m,24350.0,-350.0,ATM_MINUS_350,ok,2024-08-22 12:30:00+05:30,24830.2,737.3656250000041,551.8620386613229,185.5035863386812,11.249999999999716,11.249999999999716,46551.61562499999,120.0,16.5397890315625,0.0465516156249999,0.3220656562499999,0.3651480937499999,10.6932,12.951290625,24.585541316493742
2024-08-21 04:17:00+00:00,2024-08-21,2024-08-22,2024-08-29,1d,24350.0,-350.0,ATM_MINUS_350,ok,2024-08-21 15:29:00+05:30,24781.9,688.8781250000035,504.8993038931097,183.97882110689372,11.249999999999716,11.249999999999716,44946.746875,120.0,15.969579164687502,0.044946746875,0.3220656562499999,0.341802375,10.6932,12.1246125,24.48261466408125
2024-08-29 09:26:00+00:00,2024-08-29,2024-08-29,2024-09-05,baseline,25400.0,200.0,ATM_PLUS_200,ok,2024-08-29 15:29:00+05:30,25156.75,1536.1437500000009,1368.973710918713,167.17003908128754,198.7499999999997,198.7499999999997,26538.49375,120.0,9.429126829375,0.0265384937499999,0.19041234375,0.18462290625,6.513674999999999,7.5236437500000015,23.3020197581625
2024-08-29 09:26:00+00:00,2024-08-29,2024-08-29,2024-09-05,60m,25400.0,200.0,ATM_PLUS_200,ok,2024-08-29 14:31:00+05:30,25033.3,1774.9843749999995,1603.0558252675685,171.92854973243126,198.7499999999997,198.7499999999997,31501.615625,120.0,11.1925240315625,0.031501615625,0.19041234375,0.255487125,6.513674999999999,10.124625,23.620324616493747
2024-08-29 09:26:00+00:00,2024-08-29,2024-08-29,2024-09-05,120m,25400.0,200.0,ATM_PLUS_200,ok,2024-08-29 13:31:00+05:30,25146.4,1143.4000000000003,976.3283189278504,167.07168107215,198.7499999999997,198.7499999999997,26636.974999999995,120.0,9.464117217499998,0.0266369749999999,0.19041234375,0.1919912812499999,6.513674999999999,7.3765125,23.30833575465
2024-08-29 09:26:00+00:00,2024-08-29,2024-08-29,2024-09-05,180m,25400.0,200.0,ATM_PLUS_200,ok,2024-08-29 12:31:00+05:30,25161.55,1068.3093750000005,901.7077420813692,166.60163291863128,198.7499999999997,198.7499999999997,26173.415625,120.0,9.2994145715625,0.0261734156249999,0.19041234375,0.1861642499999999,6.513674999999999,7.107187500000001,23.27860583769375
2024-08-29 09:26:00+00:00,2024-08-29,2024-08-29,2024-09-05,1d,25400.0,200.0,ATM_PLUS_200,ok,2024-08-28 15:29:00+05:30,25044.85,1378.9156250000003,1207.7137749887818,171.20185001121877,198.7499999999997,198.7499999999997,30930.109375,120.0,10.9894678609375,0.0309301093749999,0.19041234375,0.2528555624999999,6.513674999999999,9.640837500000002,23.58367163465625
2024-09-09 04:03:00+00:00,2024-09-09,2024-09-12,2024-09-19,baseline,24450.0,-350.0,ATM_MINUS_350,ok,2024-09-12 15:16:00+05:30,25384.7,-1586.9656250000007,-1794.4828231359943,207.5171981359937,141.24999999999943,141.24999999999943,71289.771875,120.0,25.3292559471875,0.071289771875,0.36898265625,0.72416840625,12.378975,22.472428125000004,26.17209822943125
2024-09-09 04:03:00+00:00,2024-09-09,2024-09-12,2024-09-19,60m,24450.0,-350.0,ATM_MINUS_350,ok,2024-09-12 14:26:00+05:30,25247.2,-161.74062499999846,-363.3135386426047,201.57291364260624,141.24999999999943,141.24999999999943,64196.253125,120.0,22.8089287353125,0.0641962531249999,0.36898265625,0.59638725,12.378975,19.63828125000001,25.71716249791875
2024-09-09 04:03:00+00:00,2024-09-09,2024-09-12,2024-09-19,120m,24450.0,-350.0,ATM_MINUS_350,ok,2024-09-12 13:24:00+05:30,25009.75,1202.9624999999976,1010.4418103349352,192.5206896650625,141.24999999999943,141.24999999999943,53811.65625000001,120.0,19.119281465625,0.05381165625,0.36898265625,0.42014775,12.378975,15.128334375,25.05115676193749
2024-09-09 04:03:00+00:00,2024-09-09,2024-09-12,2024-09-19,180m,24450.0,-350.0,ATM_MINUS_350,ok,2024-09-12 12:27:00+05:30,24998.05,895.8656249999993,704.1117110136931,191.75391398630623,141.24999999999943,141.24999999999943,53151.178125,120.0,18.8846135878125,0.053151178125,0.36898265625,0.41484703125,12.378975,14.644546875,25.00879765786875
2024-09-09 04:03:00+00:00,2024-09-09,2024-09-12,2024-09-19,1d,24450.0,-350.0,ATM_MINUS_350,ok,2024-09-11 15:28:00+05:30,24939.85,598.2812500000001,409.9133963464126,188.3678536535875,141.24999999999943,141.24999999999943,49685.693750000006,120.0,17.653326989375,0.0496856937499999,0.36898265625,0.36732853125,12.378975,12.7630125,24.786542282962497
2024-09-19 05:54:00+00:00,2024-09-19,2024-09-19,2024-09-26,baseline,25050.0,-400.0,ATM_MINUS_400,ok,2024-09-19 15:29:00+05:30,25448.65,2157.4750000000035,1970.8591925658784,186.61580743412495,5.000000000001137,5.000000000001137,47004.31249999999,120.0,16.700632231249998,0.0470043124999999,0.36454659375,0.30815596875,12.095934375,12.484959375,24.614574577875
2024-09-19 05:54:00+00:00,2024-09-19,2024-09-19,2024-09-26,60m,25050.0,-400.0,ATM_MINUS_400,ok,2024-09-19 14:31:00+05:30,25407.75,1460.7406250000026,1275.215293313984,185.52533168601877,5.000000000001137,5.000000000001137,46199.809375,120.0,16.4147922709375,0.046199809375,0.36454659375,0.3065394374999999,12.095934375,11.734340625000002,24.56297857445625
2024-09-19 05:54:00+00:00,2024-09-19,2024-09-19,2024-09-26,120m,25050.0,-400.0,ATM_MINUS_400,ok,2024-09-19 13:32:00+05:30,25402.55,1193.7656250000025,1008.565591757496,185.2000332425062,5.000000000001137,5.000000000001137,45990.478125,120.0,16.340416877812498,0.0459904781249999,0.36454659375,0.30740409375,12.095934375,11.4961875,24.549553324068743
2024-09-19 05:54:00+00:00,2024-09-19,2024-09-19,2024-09-26,180m,25050.0,-400.0,ATM_MINUS_400,ok,2024-09-19 12:30:00+05:30,25450.95,674.1281250000043,487.443681503723,186.6844434962813,5.000000000001137,5.000000000001137,47846.76562499999,120.0,16.999955826562502,0.0478467656249999,0.36454659375,0.3430429687499999,12.095934375,12.1645125,24.668604466593752
2024-09-19 05:54:00+00:00,2024-09-19,2024-09-19,2024-09-26,1d,25050.0,-400.0,ATM_MINUS_400,ok,2024-09-18 15:29:00+05:30,25343.45,539.5531250000037,354.0280866032849,185.5250383967188,5.000000000001137,5.000000000001137,46677.109375,120.0,16.5843769609375,0.046677109375,0.36454659375,0.32751675,12.095934375,11.512396875000002,24.59358973265625
2024-09-26 07:56:00+00:00,2024-09-26,2024-09-26,2024-10-03,baseline,25850.0,-250.0,ATM_MINUS_250,ok,2024-09-26 15:29:00+05:30,26183.9,-842.3343749999983,-1018.544396341142,176.2100213411438,252.49999999999915,252.49999999999915,37435.621875,120.0,13.300876452187502,0.037435621875,0.2606750625,0.3134942812499999,8.8977,9.39894375,24.00089617333125
2024-09-26 07:56:00+00:00,2024-09-26,2024-09-26,2024-10-03,60m,25850.0,-250.0,ATM_MINUS_250,ok,2024-09-26 14:32:00+05:30,26109.1,620.2312500000005,445.678430037638,174.55281996236252,252.49999999999915,252.49999999999915,34905.73125,120.0,12.402006313125002,0.03490573125,0.2606750625,0.2536074375,8.8977,8.86528125,23.838644167987503
2024-09-26 07:56:00+00:00,2024-09-26,2024-09-26,2024-10-03,120m,25850.0,-250.0,ATM_MINUS_250,ok,2024-09-26 13:32:00+05:30,26098.6,164.7843750000007,-9.248112034893069,174.03248703489376,252.49999999999915,252.49999999999915,34585.621875,120.0,12.288271452187502,0.034585621875,0.2606750625,0.2556375,8.8977,8.477503125,23.81811427333125
2024-09-26 07:56:00+00:00,2024-09-26,2024-09-26,2024-10-03,180m,25850.0,-250.0,ATM_MINUS_250,ok,2024-09-26 12:32:00+05:30,26081.7,339.575000000001,165.847520243626,173.727479756375,252.49999999999915,252.49999999999915,34168.93750000001,120.0,12.140223493750003,0.0341689375,0.2606750625,0.2467653749999999,8.8977,8.356556250000002,23.791390637625
2024-09-26 07:56:00+00:00,2024-09-26,2024-09-26,2024-10-03,1d,25850.0,-250.0,ATM_MINUS_250,ok,2024-09-25 15:29:00+05:30,26013.5,901.7375000000002,730.4186877558002,171.31881224420002,252.49999999999915,252.49999999999915,31302.550000000003,120.0,11.121796015,0.03130255,0.2606750625,0.195337125,8.8977,7.20444375,23.6075577417
2024-11-21 09:28:00+00:00,2024-11-21,2024-11-21,2024-11-28,baseline,23100.0,-250.0,ATM_MINUS_250,ok,2024-11-21 15:29:00+05:30,23346.7,-185.643749999997,-424.679547642372,239.035797642375,397.4999999999998,397.4999999999998,104257.3125,120.0,37.04262313125,0.1042573124999999,0.762852375,0.8037919687499999,25.69809375,26.337740625,28.286438479875
2024-11-21 09:28:00+00:00,2024-11-21,2024-11-21,2024-11-28,60m,23100.0,-250.0,ATM_MINUS_250,ok,2024-11-21 14:31:00+05:30,23334.85,1707.7312500000037,1469.0444213082783,238.686828691725,397.4999999999998,397.4999999999998,102902.58749999998,120.0,36.56128933875,0.1029025874999999,0.762852375,0.75507046875,25.69809375,26.607065625,28.199554546725
2024-11-21 09:28:00+00:00,2024-11-21,2024-11-21,2024-11-28,120m,23100.0,-250.0,ATM_MINUS_250,ok,2024-11-21 13:31:00+05:30,23352.2,3017.100000000002,2776.60956577234,240.4904342276625,397.4999999999998,397.4999999999998,104151.80625,120.0,37.005136760625,0.1041518062499999,0.762852375,0.75416821875,25.69809375,27.886359375,28.2796719420375
2024-11-21 09:28:00+00:00,2024-11-21,2024-11-21,2024-11-28,180m,23100.0,-250.0,ATM_MINUS_250,ok,2024-11-21 12:31:00+05:30,23345.1,3301.453125000002,3061.986544686245,239.46658031375625,397.4999999999998,397.4999999999998,102909.853125,120.0,36.5638708153125,0.1029098531249999,0.762852375,0.7312736249999999,25.69809375,27.407559375,28.20002052031875
2024-11-21 09:28:00+00:00,2024-11-21,2024-11-21,2024-11-28,1d,23100.0,-250.0,ATM_MINUS_250,ok,2024-11-19 15:29:00+05:30,23468.7,2889.412500000002,2629.269547265965,260.1429527340375,397.4999999999998,397.4999999999998,125226.99375000002,120.0,44.49315087937501,0.12522699375,0.762852375,1.07221134375,25.69809375,38.360109375,29.6313080171625
2024-12-02 04:01:00+00:00,2024-12-02,2024-12-05,2024-12-12,baseline,23650.0,-400.0,ATM_MINUS_400,ok,2024-12-05 15:25:00+05:30,24733.35,-137.45624999998168,-510.0242891029317,372.56803910295,135.00000000000193,135.00000000000193,246981.3,120.0,87.75245589,0.2469813,1.27544315625,2.4313381875,42.437390625000006,80.98453125,37.4398986942
2024-12-02 04:01:00+00:00,2024-12-02,2024-12-05,2024-12-12,60m,23650.0,-400.0,ATM_MINUS_400,ok,2024-12-05 14:22:00+05:30,24764.6,-1325.5499999999822,-1707.1210378142448,381.5710378142625,135.00000000000193,135.00000000000193,257221.70625000005,120.0,91.39087223062502,0.25722170625,1.27544315625,2.6027656875,42.437390625000006,85.51068750000002,38.0966569086375
2024-12-02 04:01:00+00:00,2024-12-02,2024-12-05,2024-12-12,120m,23650.0,-400.0,ATM_MINUS_400,ok,2024-12-05 13:15:00+05:30,24635.1,2051.906250000034,1683.655524836959,368.2507251630751,135.00000000000193,135.00000000000193,241230.8625,120.0,85.70932544625,0.2412308625,1.27544315625,2.3122411875,42.437390625000006,79.20399375000001,37.071100135575
2024-12-02 04:01:00+00:00,2024-12-02,2024-12-05,2024-12-12,180m,23650.0,-400.0,ATM_MINUS_400,ok,2024-12-05 12:13:00+05:30,24597.85,108.79687500001404,-251.7282857035173,360.5251607035313,135.00000000000193,135.00000000000193,233979.515625,120.0,83.13292190156251,0.233979515625,1.27544315625,2.232617625,42.437390625000006,74.60676562500001,36.60604225509375
2024-12-02 04:01:00+00:00,2024-12-02,2024-12-05,2024-12-12,1d,23650.0,-400.0,ATM_MINUS_400,ok,2024-12-03 13:34:00+05:30,24455.15,2001.9937500000144,1657.1855594986268,344.80819050138746,135.00000000000193,135.00000000000193,216196.14375,120.0,76.81448987437501,0.21619614375,1.27544315625,1.9374690937500003,42.437390625000006,66.66167812500001,35.4655234832625
2024-12-26 08:06:00+00:00,2024-12-26,2024-12-26,2025-01-02,baseline,23350.0,-400.0,ATM_MINUS_400,ok,2024-12-26 15:28:00+05:30,23761.3,4459.096875000007,4189.1916309214375,269.9052440785687,389.9999999999992,389.9999999999992,134849.259375,120.0,47.9119418559375,0.1348492593749999,0.94589634375,1.00995609375,31.761646875000004,37.89253125,30.248422400756247
2024-12-26 08:06:00+00:00,2024-12-26,2024-12-26,2025-01-02,60m,23350.0,-400.0,ATM_MINUS_400,ok,2024-12-26 14:23:00+05:30,23746.9,4210.612500000005,3941.86200713633,268.750492863675,389.9999999999992,389.9999999999992,133743.63749999998,120.0,47.51911440375,0.1337436374999999,0.94589634375,0.99709903125,31.761646875000004,37.215478125,30.177514447425
2024-12-26 08:06:00+00:00,2024-12-26,2024-12-26,2025-01-02,120m,23350.0,-400.0,ATM_MINUS_400,ok,2024-12-26 13:04:00+05:30,23750.65,4466.025000000009,4197.305575023009,268.719424977,389.9999999999992,389.9999999999992,133578.0,120.0,47.4602634,0.133578,0.94589634375,0.99078328125,31.761646875000004,37.260365625,30.166891452
2024-12-26 08:06:00+00:00,2024-12-26,2024-12-26,2025-01-02,180m,23350.0,-400.0,ATM_MINUS_400,ok,2024-12-26 12:23:00+05:30,23742.9,4824.796875000011,4556.847897832042,267.9489771679688,389.9999999999992,389.9999999999992,132568.359375,120.0,47.10153808593751,0.132568359375,0.94589634375,0.9702570937499998,31.761646875000004,36.934931250000005,30.10213916015625
2024-12-26 08:06:00+00:00,2024-12-26,2024-12-26,2025-01-02,1d,23350.0,-400.0,ATM_MINUS_400,ok,2024-12-24 15:28:00+05:30,23745.45,3991.959375000005,3718.673524636298,273.28585036370623,389.9999999999992,389.9999999999992,138705.40312499998,120.0,49.282029730312495,0.138705403125,0.94589634375,1.0748053125,31.761646875000004,39.587034375,30.495732324018743
2025-01-02 04:24:00+00:00,2025-01-02,2025-01-02,2025-01-09,baseline,23450.0,-350.0,ATM_MINUS_350,ok,2025-01-02 15:29:00+05:30,24167.95,-569.5687499999898,-884.7221163426648,315.15336634267504,352.5000000000002,352.5000000000002,185827.7625,120.0,66.02460401625001,0.1858277625,1.0827,1.71325996875,36.26161875,56.36747812500001,33.517877720175
2025-01-02 04:24:00+00:00,2025-01-02,2025-01-02,2025-01-09,60m,23450.0,-350.0,ATM_MINUS_350,ok,2025-01-02 14:29:00+05:30,24156.8,-1117.3687499999892,-1429.5636813373392,312.19493133735006,352.5000000000002,352.5000000000002,182949.15,120.0,65.00183299500002,0.18294915,1.0827,1.67829778125,36.26161875,54.654271875000006,33.333260786100006
2025-01-02 04:24:00+00:00,2025-01-02,2025-01-02,2025-01-09,120m,23450.0,-350.0,ATM_MINUS_350,ok,2025-01-02 13:25:00+05:30,24121.7,52.67812500000133,-255.85457684885492,308.5327018488563,352.5000000000002,352.5000000000002,178427.503125,120.0,63.3952918603125,0.1784275031249999,1.0827,1.592922375,36.26161875,52.978471875,33.04326948541875
2025-01-02 04:24:00+00:00,2025-01-02,2025-01-02,2025-01-09,180m,23450.0,-350.0,ATM_MINUS_350,ok,2025-01-02 12:27:00+05:30,23996.15,39.69375000000621,-255.4502157704938,295.1439657705,352.5000000000002,352.5000000000002,164121.375,120.0,58.3123245375,0.1641213749999999,1.0827,1.37852521875,36.26161875,45.818915625,32.12576026425
2025-01-02 04:24:00+00:00,2025-01-02,2025-01-02,2025-01-09,1d,23450.0,-350.0,ATM_MINUS_350,ok,2025-01-01 15:29:00+05:30,23758.7,1456.031250000006,1179.412689900531,276.61856009947496,352.5000000000002,352.5000000000002,143582.9625,120.0,51.01502657625,0.1435829625,1.0827,1.04920396875,36.26161875,36.257878125000005,30.808549716975
2025-01-14 09:50:00+00:00,2025-01-14,2025-01-16,2025-01-23,baseline,23500.0,300.0,ATM_PLUS_300,ok,2025-01-16 15:29:00+05:30,23350.8,4338.768750000004,4103.877364477016,234.89138552298752,14.999999999999147,14.999999999999147,97481.04375,120.0,34.63501484437501,0.09748104375,0.8328895312500001,0.56424459375,27.639478125000004,23.270428125,27.8518492598625
2025-01-14 09:50:00+00:00,2025-01-14,2025-01-16,2025-01-23,60m,23500.0,300.0,ATM_PLUS_300,ok,2025-01-16 14:31:00+05:30,23298.7,2582.803125000002,2346.9948249756585,235.8083000243437,14.999999999999147,14.999999999999147,99371.671875,120.0,35.3067550171875,0.099371671875,0.8328895312500001,0.6189435000000001,27.639478125000004,23.337759375,27.97310280403125
2025-01-14 09:50:00+00:00,2025-01-14,2025-01-16,2025-01-23,120m,23500.0,300.0,ATM_PLUS_300,ok,2025-01-16 13:31:00+05:30,23323.95,4090.406250000008,3855.312016759733,235.09423324027503,14.999999999999147,14.999999999999147,97826.6625,120.0,34.757813186250004,0.0978266625,0.8328895312500001,0.5731543125,27.639478125000004,23.319056250000003,27.874015172775003
2025-01-14 09:50:00+00:00,2025-01-14,2025-01-16,2025-01-23,180m,23500.0,300.0,ATM_PLUS_300,ok,2025-01-16 12:31:00+05:30,23305.55,4065.69375,3829.783590614063,235.9101593859375,14.999999999999147,14.999999999999147,98711.71875,120.0,35.072273671875,0.09871171875,0.8328895312500001,0.5868008437500001,27.639478125000004,23.749228125,27.930777370312494
2025-01-14 09:50:00+00:00,2025-01-14,2025-01-16,2025-01-23,1d,23500.0,300.0,ATM_PLUS_300,ok,2025-01-15 15:29:00+05:30,23228.1,698.1187500000033,455.3870729022408,242.7316770977625,14.999999999999147,14.999999999999147,107750.08125,120.0,38.283603868125006,0.10775008125,0.8328895312500001,0.77288990625,27.639478125000004,26.584621875,28.5104437108875
2025-03-06 09:02:00+00:00,2025-03-06,2025-03-06,2025-03-13,baseline,22150.0,-350.0,ATM_MINUS_350,ok,2025-03-06 15:29:00+05:30,22529.2,-171.78750000000278,-433.7082195847528,261.92071958475,86.2499999999983,86.2499999999983,128714.625,120.0,45.7323062625,0.128714625,0.94567078125,0.98762540625,31.451175,32.82024375,29.85498375975
2025-03-06 09:02:00+00:00,2025-03-06,2025-03-06,2025-03-13,60m,22150.0,-350.0,ATM_MINUS_350,ok,2025-03-06 14:31:00+05:30,22508.2,388.528125000002,129.72905902460826,258.7990659753937,86.2499999999983,86.2499999999983,125086.996875,120.0,44.4434099896875,0.125086996875,0.94567078125,0.92480625,31.451175,31.286587500000003,29.62232945758125
2025-03-06 09:02:00+00:00,2025-03-06,2025-03-06,2025-03-13,120m,22150.0,-350.0,ATM_MINUS_350,ok,2025-03-06 13:31:00+05:30,22460.6,1652.1562500000066,1398.314246284507,253.84200371550003,86.2499999999983,86.2499999999983,119132.625,120.0,42.3278216625,0.1191326249999999,0.94567078125,0.81653625,31.451175,28.941215625000005,29.24045177175
2025-03-06 09:02:00+00:00,2025-03-06,2025-03-06,2025-03-13,180m,22150.0,-350.0,ATM_MINUS_350,ok,2025-03-06 12:31:00+05:30,22445.95,2449.218750000001,2195.763763197076,253.45498680292496,86.2499999999983,86.2499999999983,118305.6375,120.0,42.03399300375,0.1183056374999999,0.94567078125,0.7921754999999999,31.451175,28.926253125,29.187413755424995
2025-03-06 09:02:00+00:00,2025-03-06,2025-03-06,2025-03-13,1d,22150.0,-350.0,ATM_MINUS_350,ok,2025-03-05 15:29:00+05:30,22346.65,2702.128125000003,2454.7845279584094,247.3435970415937,86.2499999999983,86.2499999999983,111641.296875,120.0,39.66615277968749,0.1116412968749999,0.94567078125,0.68841675,31.451175,25.7205375,28.760002933781248
2025-03-20 09:43:00+00:00,2025-03-20,2025-03-20,2025-03-27,baseline,23000.0,-200.0,ATM_MINUS_200,ok,2025-03-20 15:30:00+05:30,23165.8,-251.66249999999195,-464.855631612592,213.1931316126,11.250000000002558,11.250000000002558,76665.15,120.0,27.239127795,0.0766651499999999,0.5777783437499998,0.57597384375,19.17444375,19.0323,26.5168427301
2025-03-20 09:43:00+00:00,2025-03-20,2025-03-20,2025-03-27,60m,23000.0,-200.0,ATM_MINUS_200,ok,2025-03-20 14:31:00+05:30,23212.65,558.4781250000083,340.7371609097145,217.74096409029377,11.250000000002558,11.250000000002558,81106.84687499999,120.0,28.817262694687503,0.081106846875,0.5777783437499998,0.6304471875,19.17444375,21.65821875,26.801706517481254
2025-03-20 09:43:00+00:00,2025-03-20,2025-03-20,2025-03-27,120m,23000.0,-200.0,ATM_MINUS_200,ok,2025-03-20 13:31:00+05:30,23165.55,1488.121875000008,1272.6051936906267,215.51668130938128,11.250000000002558,11.250000000002558,78247.040625,120.0,27.8011735340625,0.0782470406249999,0.5777783437499998,0.5736054374999999,19.17444375,20.6931375,26.618295703443756
2025-03-20 09:43:00+00:00,2025-03-20,2025-03-20,2025-03-27,180m,23000.0,-200.0,ATM_MINUS_200,ok,2025-03-20 12:31:00+05:30,23076.5,2622.496875000009,2415.5530991449778,206.9437758550312,11.250000000002558,11.250000000002558,68494.265625,120.0,24.336012576562503,0.068494265625,0.5777783437499998,0.4102981874999999,19.17444375,16.383937500000002,25.99281123159375
2025-03-20 09:43:00+00:00,2025-03-20,2025-03-20,2025-03-27,1d,23000.0,-200.0,ATM_MINUS_200,ok,2025-03-19 15:30:00+05:30,22911.7,2972.793750000008,2760.6471266083954,212.1466233916125,11.250000000002558,11.250000000002558,73874.60625000001,120.0,26.247647600625005,0.07387460625,0.5777783437499998,0.48574884375,19.17444375,19.24925625,26.3378739972375
2025-04-03 09:45:00+00:00,2025-04-03,2025-04-03,2025-04-09,baseline,22900.0,-350.0,ATM_MINUS_350,ok,2025-04-03 15:29:00+05:30,23241.6,-638.9343749999948,-891.6109241277511,252.67654912775623,326.2500000000001,326.2500000000001,119074.603125,120.0,42.307206490312495,0.1190746031249999,0.8908590937499999,0.90484396875,29.87263125,29.345203125,29.23673059681875
2025-04-03 09:45:00+00:00,2025-04-03,2025-04-03,2025-04-09,60m,22900.0,-350.0,ATM_MINUS_350,ok,2025-04-03 14:31:00+05:30,23249.95,1017.2718750000024,763.3118549506336,253.96002004936875,326.2500000000001,326.2500000000001,119587.959375,120.0,42.489601965937496,0.1195879593749999,0.8908590937499999,0.88770121875,29.87263125,30.429984375,29.269654186556245
2025-04-03 09:45:00+00:00,2025-04-03,2025-04-03,2025-04-09,120m,22900.0,-350.0,ATM_MINUS_350,ok,2025-04-03 13:31:00+05:30,23267.5,1234.856250000005,979.4196388381926,255.4366111618125,326.2500000000001,326.2500000000001,121053.65625,120.0,43.010364065625005,0.1210536562499999,0.8908590937499999,0.90642290625,29.87263125,31.271625,29.3636551899375
2025-04-03 09:45:00+00:00,2025-04-03,2025-04-03,2025-04-09,180m,22900.0,-350.0,ATM_MINUS_350,ok,2025-04-03 12:30:00+05:30,23264.45,1508.8968750000097,1253.4367385252158,255.46013647479376,326.2500000000001,326.2500000000001,120936.721875,120.0,42.9688172821875,0.1209367218749999,0.8908590937499999,0.9005582812499999,29.87263125,31.350178125000003,29.35615572073125
2025-04-03 09:45:00+00:00,2025-04-03,2025-04-03,2025-04-09,1d,22900.0,-350.0,ATM_MINUS_350,ok,2025-04-02 15:29:00+05:30,23330.8,2483.7281250000096,2216.509195851891,267.2189291481188,326.2500000000001,326.2500000000001,133001.709375,120.0,47.25550734093749,0.1330017093749999,0.8908590937499999,1.066910625,29.87263125,37.87008750000001,30.12993162905625
2025-04-07 05:19:00+00:00,2025-04-07,2025-04-09,2025-04-17,baseline,21800.0,-250.0,ATM_MINUS_250,ok,2025-04-09 15:29:00+05:30,22420.4,4012.725000000012,3655.994782000774,356.73021799923754,90.00000000000341,90.00000000000341,227898.54375,120.0,80.97235259437501,0.22789854375,1.7370568125,1.62123046875,57.70288125,58.252753125000005,36.2160452048625
2025-04-07 05:19:00+00:00,2025-04-07,2025-04-09,2025-04-17,60m,21800.0,-250.0,ATM_MINUS_250,ok,2025-04-09 14:11:00+05:30,22403.8,1658.5406250000208,1304.6550066277896,353.88561837223125,90.00000000000341,90.00000000000341,226078.190625,120.0,80.3255811290625,0.2260781906249999,1.7370568125,1.6292379375,57.70288125,56.165484375000005,36.09929867754375
2025-04-07 05:19:00+00:00,2025-04-07,2025-04-09,2025-04-17,120m,21800.0,-250.0,ATM_MINUS_250,ok,2025-04-09 13:20:00+05:30,22419.1,2183.615625000015,1829.5046360299089,354.1109889701063,90.00000000000341,90.00000000000341,226046.878125,120.0,80.31445579781251,0.226046878125,1.7370568125,1.620892125,57.70288125,56.41236562500001,36.09729048166875
2025-04-07 05:19:00+00:00,2025-04-07,2025-04-09,2025-04-17,180m,21800.0,-250.0,ATM_MINUS_250,ok,2025-04-09 12:24:00+05:30,22422.2,1402.3218750000162,1048.10390230736,354.2179726926562,90.00000000000341,90.00000000000341,226566.328125,120.0,80.4990163828125,0.226566328125,1.7370568125,1.6404032812499998,57.70288125,56.28144375000001,36.13060488796874
2025-04-07 05:19:00+00:00,2025-04-07,2025-04-09,2025-04-17,1d,21800.0,-250.0,ATM_MINUS_250,ok,2025-04-08 15:29:00+05:30,22547.2,2766.15000000002,2384.1755757719448,381.974424228075,90.00000000000341,90.00000000000341,255531.4875,120.0,90.79033750875,0.2555314875,1.7370568125,2.05442325,57.70288125,71.4459375,37.988256419325
2025-04-17 06:06:00+00:00,2025-04-17,2025-04-17,2025-04-24,baseline,23950.0,400.0,ATM_PLUS_400,ok,2025-04-17 15:29:00+05:30,23837.75,-206.334374999998,-446.0863121802168,239.7519371802188,150.0,150.0,105033.609375,120.0,37.31844141093751,0.105033609375,1.031722875,0.5468762812500001,34.368862500000006,18.044775,28.33622550365625
2025-04-17 06:06:00+00:00,2025-04-17,2025-04-17,2025-04-24,60m,23950.0,400.0,ATM_PLUS_400,ok,2025-04-17 14:31:00+05:30,23845.35,-875.9718749999947,-1116.200395068201,240.22852006820625,150.0,150.0,105890.278125,120.0,37.6228158178125,0.1058902781249999,1.031722875,0.569770875,34.368862500000006,18.138290625000003,28.39116709726875
2025-04-17 06:06:00+00:00,2025-04-17,2025-04-17,2025-04-24,120m,23950.0,400.0,ATM_PLUS_400,ok,2025-04-17 13:31:00+05:30,23787.75,-62.36249999999615,-308.6489046752587,246.28640467526253,150.0,150.0,111944.45625000002,120.0,39.773865305625,0.11194445625,1.031722875,0.64837940625,34.368862500000006,21.572184375000003,28.779445757137506
2025-04-17 06:06:00+00:00,2025-04-17,2025-04-17,2025-04-24,180m,23950.0,400.0,ATM_PLUS_400,ok,2025-04-17 12:31:00+05:30,23684.95,-1089.7874999999929,-1343.9687968081803,254.1812968081876,150.0,150.0,120916.96875,120.0,42.96179899687501,0.12091696875,1.031722875,0.7983784687499998,34.368862500000006,25.544728125,29.354888873812502
2025-04-17 06:06:00+00:00,2025-04-17,2025-04-17,2025-04-24,1d,23950.0,400.0,ATM_PLUS_400,ok,2025-04-16 14:23:00+05:30,23417.65,2823.5625000000027,2536.005868495353,287.55663150465006,150.0,150.0,154566.975,120.0,54.91764621750001,0.154566975,1.031722875,1.2444283125,34.368862500000006,44.326406250000005,31.512998374650003
2025-04-30 09:30:00+00:00,2025-04-30,2025-04-30,2025-05-08,baseline,24650.0,250.0,ATM_PLUS_250,ok,2025-04-30 15:29:00+05:30,24246.25,-2051.2406249999917,-2301.292156405735,250.0515314057438,337.49999999999574,337.49999999999574,117000.646875,120.0,41.5703298346875,0.1170006468749999,0.8262354375,0.959542875,27.740475,29.734228125,29.10371948668125
2025-04-30 09:30:00+00:00,2025-04-30,2025-04-30,2025-05-08,60m,24650.0,250.0,ATM_PLUS_250,ok,2025-04-30 14:29:00+05:30,24336.8,775.5468750000034,526.6706497764596,248.87622522354377,337.49999999999574,337.49999999999574,114278.596875,120.0,40.603185469687496,0.1142785968749999,0.8262354375,0.8763103125,27.740475,29.786596875,28.92914353198125
2025-04-30 09:30:00+00:00,2025-04-30,2025-04-30,2025-05-08,120m,24650.0,250.0,ATM_PLUS_250,ok,2025-04-30 13:30:00+05:30,24337.7,424.9875000000074,175.6034601343199,249.3840398656875,337.49999999999574,337.49999999999574,115003.21875,120.0,40.860643621875,0.1150032187499999,0.8262354375,0.89243803125,27.740475,29.973628125,28.975616431312496
2025-04-30 09:30:00+00:00,2025-04-30,2025-04-30,2025-05-08,180m,24650.0,250.0,ATM_PLUS_250,ok,2025-04-30 12:30:00+05:30,24342.7,861.2812500000075,612.170712045045,249.11053795496247,337.49999999999574,337.49999999999574,114484.63125,120.0,40.676389483125,0.1144846312499999,0.8262354375,0.8781148125,27.740475,29.93248125,28.942357340587503
2025-04-30 09:30:00+00:00,2025-04-30,2025-04-30,2025-05-08,1d,24650.0,250.0,ATM_PLUS_250,ok,2025-04-29 15:29:00+05:30,24325.45,2157.3375,1904.254911482212,253.08258851778757,337.49999999999574,337.49999999999574,118058.86874999998,120.0,41.946316066875,0.1180588687499999,0.8262354375,0.91228753125,27.740475,32.367628125,29.171587488412506
2025-05-08 07:53:00+00:00,2025-05-08,2025-05-08,2025-05-15,baseline,23950.0,-400.0,ATM_MINUS_400,ok,2025-05-08 15:29:00+05:30,24154.1,-9914.624999999984,-10191.613501875883,276.98850187590006,348.75000000000256,348.75000000000256,149873.85,120.0,53.250178905000006,0.14987385,1.15476721875,1.24205990625,38.6481375,31.331475,31.2120094959
2025-05-08 07:53:00+00:00,2025-05-08,2025-05-08,2025-05-15,60m,23950.0,-400.0,ATM_MINUS_400,ok,2025-05-08 14:59:00+05:30,24262.2,-5213.043749999985,-5492.645293581173,279.6015435811876,348.75000000000256,348.75000000000256,150229.59375000003,120.0,53.37657465937501,0.15022959375,1.15476721875,1.1768723437499995,38.6481375,33.86013750000001,31.234824765562504
2025-05-08 07:53:00+00:00,2025-05-08,2025-05-08,2025-05-15,120m,23950.0,-400.0,ATM_MINUS_400,ok,2025-05-08 13:57:00+05:30,24331.45,-690.0843749999833,-975.906518320802,285.8221433208188,348.75000000000256,348.75000000000256,154534.509375,120.0,54.9061111809375,0.154534509375,1.15476721875,1.1736016875,38.6481375,38.274075,31.51091622425625
2025-05-08 07:53:00+00:00,2025-05-08,2025-05-08,2025-05-15,180m,23950.0,-400.0,ATM_MINUS_400,ok,2025-05-08 12:17:00+05:30,24405.05,1422.1312500000156,1132.8446463605403,289.286603639475,348.75000000000256,348.75000000000256,157142.96250000002,120.0,55.83289457625001,0.1571429625,1.15476721875,1.1810452500000002,38.6481375,40.634409375,31.678206756975
2025-05-08 07:53:00+00:00,2025-05-08,2025-05-08,2025-05-15,1d,23950.0,-400.0,ATM_MINUS_400,ok,2025-05-07 15:49:00+05:30,24414.4,1562.0812500000102,1268.9666767182853,293.11457328172503,348.75000000000256,348.75000000000256,161162.5875,120.0,57.26106733875,0.1611625874999999,1.15476721875,1.239240375,38.6481375,42.71419687499999,31.936001386725
2025-05-15 07:30:00+00:00,2025-05-15,2025-05-15,2025-05-22,baseline,25050.0,300.0,ATM_PLUS_300,ok,2025-05-15 15:30:00+05:30,25062.1,-1799.9156249999935,-2029.0132649866623,229.09763998666875,97.50000000000084,97.50000000000084,94470.159375,120.0,33.565247625937495,0.0944701593749999,0.9665353125,0.4775158124999999,32.1544125,14.180709375,27.658749201356247
2025-05-15 07:30:00+00:00,2025-05-15,2025-05-15,2025-05-22,60m,25050.0,300.0,ATM_PLUS_300,ok,2025-05-15 14:59:00+05:30,25064.4,-771.0656249999943,-1002.961004441188,231.89537944119377,97.50000000000084,97.50000000000084,96927.571875,120.0,34.4383662871875,0.096927571875,0.9665353125,0.49894425,32.1544125,15.923840625,27.81635289463125
2025-05-15 07:30:00+00:00,2025-05-15,2025-05-15,2025-05-22,120m,25050.0,300.0,ATM_PLUS_300,ok,2025-05-15 13:59:00+05:30,25076.65,-1142.5218749999906,-1384.1371352767594,241.6152602767688,97.50000000000084,97.50000000000084,107510.93437499998,120.0,38.19863498343749,0.1075109343749999,0.9665353125,0.6632665312499999,32.1544125,21.029793750000003,28.49510626520625
2025-05-15 07:30:00+00:00,2025-05-15,2025-05-15,2025-05-22,180m,25050.0,300.0,ATM_PLUS_300,ok,2025-05-15 12:58:00+05:30,24686.15,2297.71875000001,2032.550491666885,265.16825833312504,97.50000000000084,97.50000000000084,130905.9375,120.0,46.510879593750005,0.1309059374999999,0.9665353125,0.96258796875,32.1544125,34.447415625,29.995521395625
2025-05-15 07:30:00+00:00,2025-05-15,2025-05-15,2025-05-22,1d,25050.0,300.0,ATM_PLUS_300,ok,2025-05-14 15:47:00+05:30,24666.9,2530.087500000006,2261.951691798531,268.135808201475,97.50000000000084,97.50000000000084,133957.8375,120.0,47.59521966375,0.1339578374999999,0.9665353125,1.0048809375,32.1544125,36.08955,30.191251950225
2025-05-26 04:15:00+00:00,2025-05-26,2025-05-29,2025-06-05,baseline,24650.0,-400.0,ATM_MINUS_400,ok,2025-05-29 15:29:00+05:30,24880.85,3258.4031250000007,2980.3989747713445,278.0041502286563,131.25,131.25,144129.703125,120.0,51.2092835203125,0.1441297031249999,1.46220890625,0.6508605937499999,48.628125,25.065928125000003,30.843614380218757
2025-05-26 04:15:00+00:00,2025-05-26,2025-05-29,2025-06-05,60m,24650.0,-400.0,ATM_MINUS_400,ok,2025-05-29 14:59:00+05:30,24757.35,3421.6312500000013,3149.901042301276,271.73020769872505,131.25,131.25,137338.08750000002,120.0,48.79622248875,0.1373380874999999,1.46220890625,0.5465379375,48.628125,21.751734375000005,30.408040903725
2025-05-26 04:15:00+00:00,2025-05-26,2025-05-29,2025-06-05,120m,24650.0,-400.0,ATM_MINUS_400,ok,2025-05-29 13:59:00+05:30,24745.7,3034.5468749999973,2762.691298847191,271.8555761528063,131.25,131.25,137672.803125,120.0,48.9151469503125,0.137672803125,1.46220890625,0.5573649375,48.628125,21.72555,30.429507555618752
2025-05-26 04:15:00+00:00,2025-05-26,2025-05-29,2025-06-05,180m,24650.0,-400.0,ATM_MINUS_400,ok,2025-05-29 12:59:00+05:30,24768.6,3229.3968749999985,2954.5848421206547,274.8120328793438,131.25,131.25,140732.29687499997,120.0,50.0021850796875,0.140732296875,1.46220890625,0.6003345937500001,48.628125,23.352721875,30.62572512778125
2025-05-26 04:15:00+00:00,2025-05-26,2025-05-29,2025-06-05,1d,24650.0,-400.0,ATM_MINUS_400,ok,2025-05-28 15:43:00+05:30,24752.45,634.5937500000005,348.47951336295046,286.11423663705,131.25,131.25,154159.94999999998,120.0,54.77303023499999,0.1541599499999999,1.46220890625,0.8406714374999998,48.628125,28.769146875,31.4868942333
2025-06-12 09:55:00+00:00,2025-06-12,2025-06-12,2025-06-19,baseline,24600.0,-250.0,ATM_MINUS_250,ok,2025-06-12 15:29:00+05:30,24856.0,-1010.503124999995,-1253.297603706539,242.7944787065437,483.7500000000013,483.7500000000013,108703.096875,120.0,38.6222103196875,0.1087030968749999,0.8125889062499999,0.83311509375,27.43374375,26.412553125,28.57156441498125
2025-06-12 09:55:00+00:00,2025-06-12,2025-06-12,2025-06-19,60m,24600.0,-250.0,ATM_MINUS_250,ok,2025-06-12 14:59:00+05:30,24907.0,2547.881250000006,2300.426185627844,247.45506437216247,483.7500000000013,483.7500000000013,111840.43125,120.0,39.736905223125,0.1118404312499999,0.8125889062499999,0.82679934375,27.43374375,29.7604125,28.772774217787497
2025-06-12 09:55:00+00:00,2025-06-12,2025-06-12,2025-06-19,120m,24600.0,-250.0,ATM_MINUS_250,ok,2025-06-12 13:59:00+05:30,24889.3,3644.3718750000144,3398.3484681781083,246.02340682190624,483.7500000000013,483.7500000000013,109741.45312499996,120.0,38.991138295312496,0.1097414531249999,0.8125889062499999,0.7788673125,27.43374375,29.259168750000004,28.63815835471875
2025-06-12 09:55:00+00:00,2025-06-12,2025-06-12,2025-06-19,180m,24600.0,-250.0,ATM_MINUS_250,ok,2025-06-12 12:59:00+05:30,25040.6,3702.9656250000057,3439.5500521357744,263.4155728642312,483.7500000000013,483.7500000000013,128303.690625,120.0,45.586301279062496,0.128303690625,0.8125889062499999,1.0564219687499998,27.43374375,38.569584375,29.828628894543748
2025-06-12 09:55:00+00:00,2025-06-12,2025-06-12,2025-06-19,1d,24600.0,-250.0,ATM_MINUS_250,ok,2025-06-11 15:42:00+05:30,25141.4,3323.5687500000054,3048.8691174911305,274.69963250887497,483.7500000000013,483.7500000000013,140563.31249999997,120.0,49.94214493124999,0.1405633124999999,0.8125889062499999,1.24600725,27.43374375,44.509696875,30.614887483875
2025-06-19 09:54:00+00:00,2025-06-19,2025-06-19,2025-06-26,baseline,24750.0,-50.0,ATM_MINUS_50,ok,2025-06-19 15:30:00+05:30,24743.45,-711.7218749999993,-913.0223182031056,201.30044320310623,292.4999999999983,292.4999999999983,64190.128125,120.0,22.806752522812506,0.064190128125,0.4811248125,0.4924029374999999,16.249274999999997,15.489928125,25.71676967716875
2025-06-19 09:54:00+00:00,2025-06-19,2025-06-19,2025-06-26,60m,24750.0,-50.0,ATM_MINUS_50,ok,2025-06-19 14:59:00+05:30,24810.5,1655.4375000000014,1450.5284978336638,204.90900216633756,292.4999999999983,292.4999999999983,66820.44374999999,120.0,23.741303664375,0.0668204437499999,0.4811248125,0.4963502812499999,16.249274999999997,17.988665625,25.885462339462503
2025-06-19 09:54:00+00:00,2025-06-19,2025-06-19,2025-06-26,120m,24750.0,-50.0,ATM_MINUS_50,ok,2025-06-19 13:59:00+05:30,24811.3,1038.5812500000015,833.2754251401391,205.3058248598625,292.4999999999983,292.4999999999983,67564.48124999998,120.0,24.005660188125,0.0675644812499999,0.4811248125,0.5167636875,16.249274999999997,18.052256250000003,25.9331804404875
2025-06-19 09:54:00+00:00,2025-06-19,2025-06-19,2025-06-26,180m,24750.0,-50.0,ATM_MINUS_50,ok,2025-06-19 12:59:00+05:30,24789.85,977.0531250000004,772.6083591634692,204.44476583653127,292.4999999999983,292.4999999999983,66675.890625,120.0,23.689943939062506,0.066675890625,0.4811248125,0.5043577499999999,16.249274999999997,17.577196875000002,25.87619156934375
2025-06-19 09:54:00+00:00,2025-06-19,2025-06-19,2025-06-26,1d,24750.0,-50.0,ATM_MINUS_50,ok,2025-06-18 15:41:00+05:30,24812.05,1756.3031250000015,1542.7827634279329,213.5203615720688,292.4999999999983,292.4999999999983,75973.884375,120.0,26.9935211184375,0.075973884375,0.4811248125,0.6321389062499999,16.249274999999997,22.615818750000003,26.47250910050625
2025-06-23 05:21:00+00:00,2025-06-23,2025-06-26,2025-07-03,baseline,24650.0,-250.0,ATM_MINUS_250,ok,2025-06-26 15:29:00+05:30,25530.4,-1779.759374999989,-2113.576232567408,333.8168575674188,374.9999999999957,374.9999999999957,206406.909375,120.0,73.33637490093751,0.206406909375,1.0582264687500005,2.0645735625,35.47234687500001,66.84122812500001,34.83770072585625
2025-06-23 05:21:00+00:00,2025-06-23,2025-06-26,2025-07-03,60m,24650.0,-250.0,ATM_MINUS_250,ok,2025-06-26 14:57:00+05:30,25536.75,-1032.3375000000026,-1366.07662732024,333.7391273202375,374.9999999999957,374.9999999999957,205936.29375,120.0,73.169165169375,0.20593629375,1.0582264687500005,2.046303,35.47234687500001,66.97963125,34.807518263362496
2025-06-23 05:21:00+00:00,2025-06-23,2025-06-26,2025-07-03,120m,24650.0,-250.0,ATM_MINUS_250,ok,2025-06-26 13:20:00+05:30,25443.25,-300.7312499999947,-624.8682013040573,324.1369513040625,374.9999999999957,374.9999999999957,195292.03125,120.0,69.387258703125,0.1952920312499999,1.0582264687500005,1.87566496875,35.47234687500001,62.023303125000005,34.124859132187495
2025-06-23 05:21:00+00:00,2025-06-23,2025-06-26,2025-07-03,180m,24650.0,-250.0,ATM_MINUS_250,ok,2025-06-26 12:54:00+05:30,25358.45,2436.637500000001,2122.3553542860764,314.282145713925,374.9999999999957,374.9999999999957,183337.7625,120.0,65.13990701625,0.1833377625,1.0582264687500005,1.65529040625,35.47234687500001,57.414853125,33.358184060175
2025-06-23 05:21:00+00:00,2025-06-23,2025-06-26,2025-07-03,1d,24650.0,-250.0,ATM_MINUS_250,ok,2025-06-25 15:42:00+05:30,25244.75,-206.7937499999962,-504.2461818233962,297.45243182340005,374.9999999999957,374.9999999999957,166716.975,120.0,59.2345412175,0.166716975,1.0582264687500005,1.4456300625,35.47234687500001,47.78274375,32.29222647465
2025-07-03 08:10:00+00:00,2025-07-03,2025-07-03,2025-07-10,baseline,25250.0,-350.0,ATM_MINUS_350,ok,2025-07-03 15:29:00+05:30,25397.4,2236.9781250000037,2003.834334529447,233.14379047055627,378.7500000000035,378.7500000000035,96702.553125,120.0,34.358417125312506,0.096702553125,0.878340375,0.5386432499999999,29.509790625,19.959975,27.80192154211875
2025-07-03 08:10:00+00:00,2025-07-03,2025-07-03,2025-07-10,60m,25250.0,-350.0,ATM_MINUS_350,ok,2025-07-03 14:59:00+05:30,25408.85,2775.196875000007,2541.1268145466006,234.07006045340623,378.7500000000035,378.7500000000035,97413.703125,120.0,34.6110887203125,0.097413703125,0.878340375,0.54123721875,29.509790625,20.584659375000005,27.847530436218747
2025-07-03 08:10:00+00:00,2025-07-03,2025-07-03,2025-07-10,120m,25250.0,-350.0,ATM_MINUS_350,ok,2025-07-03 13:59:00+05:30,25499.45,2530.6125000000084,2287.9294384590457,242.68306154096248,378.7500000000035,378.7500000000035,106748.00625,120.0,37.92756662062501,0.10674800625,0.878340375,0.68492053125,29.509790625,25.12951875,28.446176632837503
2025-07-03 08:10:00+00:00,2025-07-03,2025-07-03,2025-07-10,180m,25250.0,-350.0,ATM_MINUS_350,ok,2025-07-03 12:59:00+05:30,25512.2,2654.943750000007,2411.015023377382,243.928726622625,378.7500000000035,378.7500000000035,108015.1875,120.0,38.377796118750005,0.1080151875,0.878340375,0.7020632812500001,29.509790625,25.825275000000005,28.527446035125003
2025-07-03 08:10:00+00:00,2025-07-03,2025-07-03,2025-07-10,1d,25250.0,-350.0,ATM_MINUS_350,ok,2025-07-02 15:43:00+05:30,25453.4,1578.384375000005,1337.6657872752617,240.7185877247437,378.7500000000035,378.7500000000035,105141.646875,120.0,37.35682713468751,0.105141646875,0.878340375,0.6751085625000001,29.509790625,23.850225,28.34315438068125
2025-08-04 04:19:00+00:00,2025-08-04,2025-08-07,2025-08-14,baseline,24200.0,-400.0,ATM_MINUS_400,ok,2025-08-07 15:29:00+05:30,24626.65,6029.840625,5749.165823707219,280.67480129278124,828.7499999999987,828.7499999999987,145547.765625,120.0,51.713121126562505,0.145547765625,1.152624375,0.9401445,39.055865625,36.7329375,30.93456040059375
2025-08-04 04:19:00+00:00,2025-08-04,2025-08-07,2025-08-14,60m,24200.0,-400.0,ATM_MINUS_400,ok,2025-08-07 14:59:00+05:30,24537.1,2790.421875000003,2519.9469565724094,270.47491842759376,828.7499999999987,828.7499999999987,136323.421875,120.0,48.435711792187504,0.136323421875,1.152624375,0.8503706249999999,39.055865625,30.50105625,30.34296633853125
2025-08-04 04:19:00+00:00,2025-08-04,2025-08-07,2025-08-14,120m,24200.0,-400.0,ATM_MINUS_400,ok,2025-08-07 13:59:00+05:30,24388.25,2038.481250000002,1785.8839871882649,252.5972628117375,828.7499999999987,828.7499999999987,117601.66875,120.0,41.78387290687501,0.1176016687499999,1.152624375,0.5808234375,39.055865625,20.764209375000004,29.1422654236125
2025-08-04 04:19:00+00:00,2025-08-04,2025-08-07,2025-08-14,180m,24200.0,-400.0,ATM_MINUS_400,ok,2025-08-07 12:59:00+05:30,24435.5,1829.737500000001,1572.098473467939,257.6390265320625,828.7499999999987,828.7499999999987,123099.65625,120.0,43.737307865625006,0.12309965625,1.152624375,0.66642440625,39.055865625,23.40883125,29.4948733539375
2025-08-04 04:19:00+00:00,2025-08-04,2025-08-07,2025-08-14,1d,24200.0,-400.0,ATM_MINUS_400,ok,2025-08-06 15:29:00+05:30,24569.6,1464.8250000000055,1188.6862795661682,276.1387204338375,828.7499999999987,828.7499999999987,143065.44375,120.0,50.831152164375005,0.14306544375,1.152624375,0.97138490625,39.055865625,33.20926875000001,30.7753591694625
2026-01-12 06:51:00+00:00,2026-01-12,2026-01-13,2026-01-20,baseline,25250.0,-400.0,ATM_MINUS_400,ok,2026-01-13 15:29:00+05:30,25714.2,370.6056250000104,108.47666644385164,262.12895855615875,25.999999999997137,25.999999999997137,128656.019375,120.0,45.71148368393751,0.128656019375,0.94000164375,0.9842795625,31.203046875,33.31026562500001,29.85122514659625
2026-01-12 06:51:00+00:00,2026-01-12,2026-01-13,2026-01-20,60m,25250.0,-400.0,ATM_MINUS_400,ok,2026-01-13 14:59:00+05:30,25707.95,1265.021875000008,1003.9265644335416,261.0953105664663,25.999999999997137,25.999999999997137,127087.293125,120.0,45.1541152473125,0.127087293125,0.94000164375,0.9473324249999998,31.203046875,32.973110625000004,29.75061645727875
2026-01-12 06:51:00+00:00,2026-01-12,2026-01-13,2026-01-20,120m,25250.0,-400.0,ATM_MINUS_400,ok,2026-01-13 13:54:00+05:30,25671.45,1501.4918750000063,1243.6387457036276,257.8531292963788,25.999999999997137,25.999999999997137,123498.724375,120.0,43.87909677043751,0.123498724375,0.94000164375,0.88995684375,31.203046875,31.29706125,29.52046718906625
2026-01-12 06:51:00+00:00,2026-01-12,2026-01-13,2026-01-20,180m,25250.0,-400.0,ATM_MINUS_400,ok,2026-01-13 12:58:00+05:30,25662.7,1340.828125000001,1083.7396138753093,257.0885111246913,25.999999999997137,25.999999999997137,122764.630625,120.0,43.618273261062505,0.122764630625,0.94000164375,0.88135539375,31.203046875,30.8496825,29.47338682050375
2026-01-12 06:51:00+00:00,2026-01-12,2026-01-13,2026-01-20,1d,25250.0,-400.0,ATM_MINUS_400,ok,2026-01-12 15:29:00+05:30,25806.1,1964.194374999999,1689.5430656077149,274.6513093922838,25.999999999997137,25.999999999997137,141216.456875,120.0,50.1742071276875,0.141216456875,0.94000164375,1.1487822937499998,31.203046875,40.38727875000001,30.65677624522125
2026-01-20 09:40:00+00:00,2026-01-20,2026-01-20,2026-01-27,baseline,24850.0,-400.0,ATM_MINUS_400,ok,2026-01-20 15:28:00+05:30,25218.2,1842.449375000005,1592.8346297774488,249.61474522255625,705.2499999999968,705.2499999999968,114514.928125,120.0,40.6871539628125,0.114514928125,0.85105483125,0.8390323500000001,28.930492500000003,29.248196250000003,28.944300400368743
2026-01-20 09:40:00+00:00,2026-01-20,2026-01-20,2026-01-27,60m,24850.0,-400.0,ATM_MINUS_400,ok,2026-01-20 13:59:00+05:30,25369.65,2249.2681250000087,1983.8610981740749,265.40702682593377,705.2499999999968,705.2499999999968,131186.30687500004,120.0,46.61049483268751,0.131186306875,0.85105483125,1.0830007499999998,28.930492500000003,37.78729500000001,30.01350260512125
2026-01-20 09:40:00+00:00,2026-01-20,2026-01-20,2026-01-27,120m,24850.0,-400.0,ATM_MINUS_400,ok,2026-01-20 13:59:00+05:30,25369.65,2249.2681250000087,1983.8610981740749,265.40702682593377,705.2499999999968,705.2499999999968,131186.30687500004,120.0,46.61049483268751,0.131186306875,0.85105483125,1.0830007499999998,28.930492500000003,37.78729500000001,30.01350260512125
2026-01-20 09:40:00+00:00,2026-01-20,2026-01-20,2026-01-27,180m,24850.0,-400.0,ATM_MINUS_400,ok,2026-01-20 12:59:00+05:30,25431.8,1576.014375000004,1304.6635300107678,271.3508449892363,705.2499999999968,705.2499999999968,137889.44812500002,120.0,48.9921209188125,0.1378894481249999,0.85105483125,1.193646675,28.930492500000003,40.80223875,30.443401866048752
2026-01-20 09:40:00+00:00,,2026-01-20,,1d,,,,unavailable,,,,,,,,,,,,,,,,
2026-02-01 07:20:00+00:00,2026-02-01,2026-02-03,2026-02-10,baseline,25350.0,350.0,ATM_PLUS_350,ok,2026-02-03 15:29:00+05:30,25714.8,3953.933750000005,3687.1111192591034,266.8226307409025,1790.750000000001,1790.750000000001,131815.79125,120.0,46.834150631125006,0.13181579125,1.06423395,0.8536939124999999,37.083808125,30.801054375,30.0538739560275
2026-02-01 07:20:00+00:00,2026-02-01,2026-02-03,2026-02-10,60m,25350.0,350.0,ATM_PLUS_350,ok,2026-02-03 14:59:00+05:30,25778.05,2583.278750000004,2312.569629858379,270.70912014162496,1790.750000000001,1790.750000000001,136681.1875,120.0,48.56282591875,0.1366811875,1.06423395,0.94723468125,37.083808125,32.548425,30.365911279125
2026-02-01 07:20:00+00:00,2026-02-01,2026-02-03,2026-02-10,120m,25350.0,350.0,ATM_PLUS_350,ok,2026-02-03 13:59:00+05:30,25770.35,2980.810625000007,2711.511786131058,269.29883886894874,1790.750000000001,1790.750000000001,134967.454375,120.0,47.9539365394375,0.134967454375,1.06423395,0.91556570625,37.083808125,31.890324375,30.256002718886247
2026-02-01 07:20:00+00:00,2026-02-01,2026-02-03,2026-02-10,180m,25350.0,350.0,ATM_PLUS_350,ok,2026-02-03 12:58:00+05:30,25791.55,3219.807499999999,2946.182710585072,273.6247894149275,1790.750000000001,1790.750000000001,139468.07875,120.0,49.553008379875,0.1394680787499999,1.06423395,0.97949011875,37.083808125,34.260135,30.544645762552506
2026-02-01 07:20:00+00:00,2026-02-01,2026-02-03,2026-02-10,1d,25350.0,350.0,ATM_PLUS_350,ok,2026-02-02 15:29:00+05:30,25079.9,3087.8412500000068,2830.569233753662,257.27201624634495,1790.750000000001,1790.750000000001,122055.0175,120.0,43.36614771775,0.1220550174999999,1.06423395,0.7202736937499999,37.083808125,25.48762125,29.427876492345
2026-02-17 06:08:00+00:00,2026-02-17,2026-02-17,2026-02-24,baseline,26150.0,400.0,ATM_PLUS_400,ok,2026-02-17 15:29:00+05:30,25716.0,1330.1518750000057,1081.234336955552,248.9175380444537,442.0000000000044,442.0000000000044,114035.211875,120.0,40.5167107791875,0.1140352118749999,0.84577666875,0.84479923125,28.492839375,29.189842500000005,28.91353427839125
2026-02-17 06:08:00+00:00,2026-02-17,2026-02-17,2026-02-24,60m,26150.0,400.0,ATM_PLUS_400,ok,2026-02-17 14:59:00+05:30,25711.9,1439.8637500000032,1189.3823079417182,250.48144205828496,442.0000000000044,442.0000000000044,115650.1775,120.0,41.09050806575,0.1156501774999999,0.84577666875,0.8673780375,28.492839375,30.052181250000004,29.017108483784995
2026-02-17 06:08:00+00:00,2026-02-17,2026-02-17,2026-02-24,120m,26150.0,400.0,ATM_PLUS_400,ok,2026-02-17 13:59:00+05:30,25698.85,1687.521875000005,1435.9510927824913,251.5707822175137,442.0000000000044,442.0000000000044,116686.301875,120.0,41.4586430561875,0.1166863018749999,0.84577666875,0.8792050312499999,28.492839375,30.694072500000004,29.08355928445125
2026-02-17 06:08:00+00:00,2026-02-17,2026-02-17,2026-02-24,180m,26150.0,400.0,ATM_PLUS_400,ok,2026-02-17 12:34:00+05:30,25735.7,1028.3975000000082,779.8110557806133,248.586444219395,442.0000000000044,442.0000000000044,113837.7175,120.0,40.44654102775,0.1138377174999999,0.84577666875,0.84636313125,28.492839375,28.940218125000005,28.900868174145
2026-02-17 06:08:00+00:00,2026-02-17,2026-02-17,2026-02-24,1d,26150.0,400.0,ATM_PLUS_400,ok,2026-02-16 15:29:00+05:30,25682.45,1736.2475000000074,1482.21196617969,254.03553382031748,442.0000000000044,442.0000000000044,119295.91375,120.0,42.385838155375005,0.11929591375,0.84577666875,0.917618325,28.492839375,32.02324125,29.2509241324425
2026-03-02 09:53:00+00:00,2026-03-02,2026-03-02,2026-03-10,baseline,24500.0,-350.0,ATM_MINUS_350,ok,2026-03-02 15:29:00+05:30,24849.75,1950.771875000015,1683.2652963702187,267.50657862979625,601.25,601.25,133585.538125,120.0,47.46294169581251,0.133585538125,0.9889712625000002,0.98555023125,33.40103812500001,34.36711687500001,30.16737490210875
2026-03-02 09:53:00+00:00,2026-03-02,2026-03-02,2026-03-10,60m,24500.0,-350.0,ATM_MINUS_350,ok,2026-03-02 14:59:00+05:30,24823.35,2442.2531250000134,2178.431109868352,263.82201513166126,601.25,601.25,129391.835625,120.0,45.9729191975625,0.129391835625,0.9889712625000002,0.915272475,33.40103812500001,32.516006250000004,29.89841598597375
2026-03-02 09:53:00+00:00,2026-03-02,2026-03-02,2026-03-10,120m,24500.0,-350.0,ATM_MINUS_350,ok,2026-03-02 13:59:00+05:30,24614.75,3907.637500000012,3657.564073200124,250.0734267998875,601.25,601.25,113934.51875000002,120.0,40.480934511875006,0.1139345187499999,0.9889712625000002,0.6614319562500001,33.40103812500001,25.52004,28.9070764255125
2026-03-02 09:53:00+00:00,2026-03-02,2026-03-02,2026-03-10,180m,24500.0,-350.0,ATM_MINUS_350,ok,2026-03-02 12:59:00+05:30,24697.05,3358.078750000014,3104.506878828269,253.571871171745,601.25,601.25,117959.3675,120.0,41.91096327275,0.1179593675,0.9889712625000002,0.7300480687499998,33.40103812500001,27.257685,29.165206075245
2026-03-02 09:53:00+00:00,,2026-03-02,,1d,,,,unavailable,,,,,,,,,,,,,,,,
2026-03-17 05:19:00+00:00,2026-03-17,2026-03-17,2026-03-24,baseline,23900.0,400.0,ATM_PLUS_400,ok,2026-03-17 15:29:00+05:30,23558.8,1176.516250000005,922.4772641219222,254.0389858780825,455.0,455.0,119589.81125,120.0,42.490259937125,0.11958981125,0.96580599375,0.81039343125,32.486829375,27.896334375,29.269772954707506
2026-03-17 05:19:00+00:00,2026-03-17,2026-03-17,2026-03-24,60m,23900.0,400.0,ATM_PLUS_400,ok,2026-03-17 14:59:00+05:30,23654.5,616.2162500000045,366.825503071302,249.3907469287025,455.0,455.0,114911.24125,120.0,40.827964016125,0.1149112412499999,0.96580599375,0.7486193812499999,32.486829375,25.276899375,28.9697175463275
2026-03-17 05:19:00+00:00,2026-03-17,2026-03-17,2026-03-24,120m,23900.0,400.0,ATM_PLUS_400,ok,2026-03-17 13:59:00+05:30,23541.85,378.5925000000037,118.2320889813712,260.36041101863253,455.0,455.0,126761.26124999998,120.0,45.038276122125005,0.12676126125,0.96580599375,0.9299340375,32.486829375,31.0830975,29.729706729007503
2026-03-17 05:19:00+00:00,2026-03-17,2026-03-17,2026-03-24,180m,23900.0,400.0,ATM_PLUS_400,ok,2026-03-17 12:59:00+05:30,23477.55,601.2906250000083,335.377832764542,265.91279223546627,455.0,455.0,132581.418125,120.0,47.1061778598125,0.132581418125,0.96580599375,1.0138959187499998,32.486829375,34.104525,30.10297667002875
2026-03-17 05:19:00+00:00,2026-03-17,2026-03-17,2026-03-24,1d,23900.0,400.0,ATM_PLUS_400,ok,2026-03-16 15:29:00+05:30,23355.6,1856.1400000000096,1573.9435306792675,282.1964693207425,455.0,455.0,149338.42625,120.0,53.059942846625006,0.14933842625,0.96580599375,1.2464283,32.486829375,43.11045375000001,31.1776706291175
2026-03-20 09:51:00+00:00,2026-03-20,2026-03-24,2026-03-30,baseline,22750.0,-400.0,ATM_MINUS_400,ok,2026-03-24 15:29:00+05:30,22958.4,4157.448750000009,3874.257053118601,283.1916968814075,22.749999999997783,22.749999999997783,149209.17375000002,120.0,53.014019433375,0.1492091737499999,1.3905025875,0.7852732875,46.14160687500001,30.541704375,31.169381149282493
2026-03-20 09:51:00+00:00,2026-03-20,2026-03-24,2026-03-30,60m,22750.0,-400.0,ATM_MINUS_400,ok,2026-03-24 14:59:00+05:30,22916.35,96.57375000000344,-184.04989090796656,280.62364090797,22.749999999997783,22.749999999997783,148569.33,120.0,52.786682949,0.1485693299999999,1.3905025875,0.8365887562499998,46.14160687500001,28.191345,31.12834541022
2026-03-20 09:51:00+00:00,2026-03-20,2026-03-24,2026-03-30,120m,22750.0,-400.0,ATM_MINUS_400,ok,2026-03-24 13:59:00+05:30,22976.2,389.65875000000807,104.24831206075557,285.4104379392525,22.749999999997783,22.749999999997783,153534.56625,120.0,54.55083138862501,0.15353456625,1.3905025875,0.906671025,46.14160687500001,30.820505625000006,31.44678587187749
2026-03-20 09:51:00+00:00,2026-03-20,2026-03-24,2026-03-30,180m,22750.0,-400.0,ATM_MINUS_400,ok,2026-03-24 12:59:00+05:30,22974.4,469.9906250000077,181.76576477571388,288.22486022429376,22.749999999997783,22.749999999997783,156501.59687500002,120.0,55.60501736968751,0.156501596875,1.3905025875,0.94997150625,46.14160687500001,32.344186875000005,31.63707341398125
2026-03-20 09:51:00+00:00,2026-03-20,2026-03-24,2026-03-30,1d,22750.0,-400.0,ATM_MINUS_400,ok,2026-03-23 15:29:00+05:30,22492.65,386.9125000000065,81.01891414942395,305.8935858505825,22.749999999997783,22.749999999997783,175432.93625,120.0,62.331322249625,0.17543293625,1.3905025875,1.23518776875,46.14160687500001,41.7683175,32.851215933457496
2026-04-07 06:11:00+00:00,2026-04-07,2026-04-07,2026-04-13,baseline,23300.0,350.0,ATM_PLUS_350,ok,2026-04-07 15:29:00+05:30,23129.95,375.21250000000975,81.46690307587721,293.74559692413254,55.25000000000148,55.25000000000148,128113.26125,120.0,45.51864172212501,0.12811326125,1.09091799375,0.8251527375,54.35651812500001,42.0098371875,29.816415897007506
2026-04-07 06:11:00+00:00,2026-04-07,2026-04-07,2026-04-13,60m,23300.0,350.0,ATM_PLUS_350,ok,2026-04-07 14:59:00+05:30,23096.7,-457.1856249999908,-752.0517099378171,294.86608493782626,55.25000000000148,55.25000000000148,129574.583125,120.0,46.0378493843125,0.1295745831249999,1.09091799375,0.8595585375,54.35651812500001,42.48153,29.910136314138747
2026-04-07 06:11:00+00:00,2026-04-07,2026-04-07,2026-04-13,120m,23300.0,350.0,ATM_PLUS_350,ok,2026-04-07 13:59:00+05:30,22977.7,798.2406250000101,490.5662863360264,307.67433866398375,55.25000000000148,55.25000000000148,139600.88187500002,120.0,49.60019333018751,0.139600881875,1.09091799375,0.991121625,54.35651812500001,50.94282375000001,30.55316295817125
2026-04-07 06:11:00+00:00,2026-04-07,2026-04-07,2026-04-13,180m,23300.0,350.0,ATM_PLUS_350,ok,2026-04-07 12:59:00+05:30,22915.9,435.2725000000157,120.64787920472328,314.62462079529246,55.25000000000148,55.25000000000148,145689.00125,120.0,51.76330214412499,0.1456890012499999,1.09091799375,1.0878879375,54.35651812500001,55.2366871875,30.94361840616749
2026-04-07 06:11:00+00:00,2026-04-07,2026-04-07,2026-04-13,1d,23300.0,350.0,ATM_PLUS_350,ok,2026-04-06 15:29:00+05:30,22959.45,1959.1406250000148,1633.9730759236909,325.1675490763238,55.25000000000148,55.25000000000148,153637.89187500003,120.0,54.58754298318751,0.153637891875,1.09091799375,1.184263275,54.35651812500001,62.34125625,31.453412557511253
2026-04-13 08:22:00+00:00,2026-04-13,2026-04-13,2026-04-21,baseline,23450.0,-400.0,ATM_MINUS_400,ok,2026-04-13 15:29:00+05:30,23818.9,-390.1462499999873,-704.1281078484474,313.98185784846004,325.0000000000037,325.0000000000037,145658.565,120.0,51.752488144500006,0.145658565,1.115451675,1.07527899375,55.980697500000005,52.97061656250001,30.94166640771
2026-04-13 08:22:00+00:00,2026-04-13,2026-04-13,2026-04-21,60m,23450.0,-400.0,ATM_MINUS_400,ok,2026-04-13 14:59:00+05:30,23883.7,635.6350000000127,314.16011918620273,321.47488081381,325.0000000000037,325.0000000000037,151343.465,120.0,53.7723331145,0.1513434649999999,1.115451675,1.145165775,55.980697500000005,58.00362750000001,31.30626178431
2026-04-13 08:22:00+00:00,2026-04-13,2026-04-13,2026-04-21,120m,23450.0,-400.0,ATM_MINUS_400,ok,2026-04-13 13:58:00+05:30,23894.6,875.1437500000077,553.0235184161402,322.1202315838676,325.0000000000037,325.0000000000037,151739.36375000002,120.0,53.91299594037501,0.15173936375,1.115451675,1.147511625,55.980697500000005,58.480183125,31.331652354742506
2026-04-13 08:22:00+00:00,2026-04-13,2026-04-13,2026-04-21,180m,23450.0,-400.0,ATM_MINUS_400,ok,2026-04-13 12:58:00+05:30,23817.65,1253.0618750000126,938.8056143440588,314.2562606559537,325.0000000000037,325.0000000000037,144871.211875,120.0,51.47274157918751,0.144871211875,1.115451675,1.038820575,55.980697500000005,53.6125078125,30.89117030239125
2026-04-13 08:22:00+00:00,,2026-04-13,,1d,,,,unavailable,,,,,,,,,,,,,,,,
2026-04-20 06:56:00+00:00,2026-04-20,2026-04-21,2026-04-28,baseline,24750.0,300.0,ATM_PLUS_300,ok,2026-04-21 15:29:00+05:30,24580.6,314.884375000012,49.59613406415821,265.28824093585376,269.7500000000022,269.7500000000022,104144.81187499998,120.0,37.0026516591875,0.1041448118749999,0.9103852875,0.6470636249999998,45.6958490625,32.648923125,28.27922336479125
2026-04-20 06:56:00+00:00,2026-04-20,2026-04-21,2026-04-28,60m,24750.0,300.0,ATM_PLUS_300,ok,2026-04-21 14:59:00+05:30,24568.2,1182.7562500000088,916.890484794414,265.865765205595,269.7500000000022,269.7500000000022,104093.89250000002,120.0,36.98456000525,0.1040938925,0.9103852875,0.6332817562499999,45.6958490625,33.261637500000006,28.275957701595
2026-04-20 06:56:00+00:00,2026-04-20,2026-04-21,2026-04-28,120m,24750.0,300.0,ATM_PLUS_300,ok,2026-04-21 13:59:00+05:30,24554.6,799.1831250000064,532.0224209935901,267.16070400641627,269.7500000000022,269.7500000000022,105424.093125,120.0,37.4571802873125,0.105424093125,0.9103852875,0.6589883625,45.6958490625,33.971608125,28.36126878847875
2026-04-20 06:56:00+00:00,2026-04-20,2026-04-21,2026-04-28,180m,24750.0,300.0,ATM_PLUS_300,ok,2026-04-21 12:59:00+05:30,24537.9,686.7250000000072,417.1770794904747,269.5479205095325,269.7500000000022,269.7500000000022,107507.61125,120.0,38.197454277125,0.1075076112499999,0.9103852875,0.69192800625,45.6958490625,35.449903125,28.4948931399075
2026-04-20 06:56:00+00:00,2026-04-20,2026-04-21,2026-04-28,1d,24750.0,300.0,ATM_PLUS_300,ok,2026-04-20 15:29:00+05:30,24330.9,418.7625000000071,117.89617187559712,300.86632812441,269.7500000000022,269.7500000000022,134093.11499999996,120.0,47.6432837595,0.1340931149999999,0.9103852875,1.09473,45.6958490625,55.1880590625,30.19992783741
2026-04-28 03:54:00+00:00,2026-04-28,2026-04-28,2026-05-05,baseline,23750.0,-350.0,ATM_MINUS_350,ok,2026-04-28 15:29:00+05:30,24016.5,821.0393750000031,554.9799359847444,266.0594390152587,305.49999999999835,305.49999999999835,104481.544375,120.0,37.1222927164375,0.104481544375,0.86454346875,0.69036410625,43.4686809375,35.508256875,28.30081936694625
2026-04-28 03:54:00+00:00,2026-04-28,2026-04-28,2026-05-05,60m,23750.0,-350.0,ATM_MINUS_350,ok,2026-04-28 14:59:00+05:30,24039.15,667.8018749999993,397.0002895245856,270.80158547541373,305.49999999999835,305.49999999999835,108576.901875,120.0,38.5773732361875,0.1085769018749999,0.86454346875,0.75409303125,43.4686809375,38.464846875,28.56347102485125
2026-04-28 03:54:00+00:00,2026-04-28,2026-04-28,2026-05-05,120m,23750.0,-350.0,ATM_MINUS_350,ok,2026-04-28 13:59:00+05:30,24010.55,1051.781250000005,782.4669377566626,269.31431224334244,305.49999999999835,305.49999999999835,107084.20125,120.0,38.047016704125,0.10708420125,0.86454346875,0.7259428312499999,43.4686809375,37.6333059375,28.467738162967496
2026-04-28 03:54:00+00:00,2026-04-28,2026-04-28,2026-05-05,180m,23750.0,-350.0,ATM_MINUS_350,ok,2026-04-28 12:57:00+05:30,24014.95,1230.0193750000042,960.3318698641054,269.68750513589873,305.49999999999835,305.49999999999835,107288.50437499996,120.0,38.119605604437496,0.1072885043749999,0.86454346875,0.72633380625,43.4686809375,37.920211875,28.480840939586244
2026-04-28 03:54:00+00:00,2026-04-28,2026-04-28,2026-05-05,1d,23750.0,-350.0,ATM_MINUS_350,ok,2026-04-27 15:29:00+05:30,24110.2,1074.2468750000066,786.2886200061629,287.9582549938437,305.49999999999835,305.49999999999835,122797.796875,120.0,43.6300572296875,0.1227977968749999,0.86454346875,0.96130978125,43.4686809375,49.435351875,29.47551390478125
2026-05-04 07:48:00+00:00,2026-05-04,2026-05-05,2026-05-12,baseline,23700.0,-400.0,ATM_MINUS_400,ok,2026-05-05 15:29:00+05:30,24052.15,3782.154999999999,3486.3623029268765,295.7926970731225,116.99999999999888,116.99999999999888,127727.74625,120.0,45.38166824262501,0.12772774625,1.0714669875,0.7877168812499998,53.481211875,45.1512140625,29.7916912779975
2026-05-04 07:48:00+00:00,2026-05-04,2026-05-05,2026-05-12,60m,23700.0,-400.0,ATM_MINUS_400,ok,2026-05-05 14:59:00+05:30,24010.8,2062.116874999997,1770.2917118734358,291.8251631265613,116.99999999999888,116.99999999999888,125447.310625,120.0,44.57142946506251,0.125447310625,1.0714669875,0.7793109187500001,53.481211875,42.150858750000005,29.64543781962375
2026-05-04 07:48:00+00:00,2026-05-04,2026-05-05,2026-05-12,120m,23700.0,-400.0,ATM_MINUS_400,ok,2026-05-05 13:59:00+05:30,24038.1,1404.528125,1109.5859783674389,294.9421466325613,116.99999999999888,116.99999999999888,128484.43562500004,120.0,45.65051997756251,0.128484435625,1.0714669875,0.8347316250000001,53.481211875,43.935510937500005,29.840220794373757
2026-05-04 07:48:00+00:00,2026-05-04,2026-05-05,2026-05-12,180m,23700.0,-400.0,ATM_MINUS_400,ok,2026-05-05 12:59:00+05:30,24011.9,901.8506249999969,609.3260591783405,292.52456582165627,116.99999999999888,116.99999999999888,126756.703125,120.0,45.036656620312506,0.126756703125,1.0714669875,0.8163558000000001,53.481211875,42.26270343750001,29.72941439821875
2026-05-04 07:48:00+00:00,2026-05-04,2026-05-05,2026-05-12,1d,23700.0,-400.0,ATM_MINUS_400,ok,2026-05-04 15:29:00+05:30,24123.8,934.4075,621.8523604266977,312.5551395733025,116.99999999999888,116.99999999999888,143633.76625000004,120.0,51.03307714862501,0.14363376625,1.0714669875,1.0690233937500002,53.481211875,54.9449184375,30.8118079646775
2026-05-11 09:19:00+00:00,2026-05-11,2026-05-12,2026-05-19,baseline,23550.0,-350.0,ATM_MINUS_350,ok,2026-05-12 15:29:00+05:30,23430.55,5443.100000000004,5172.381821639599,270.718178360405,68.25000000000166,68.25000000000166,105545.7325,120.0,37.50039875725,0.1055457324999999,0.9510466875,0.5504928,47.41728468750001,35.8243396875,28.369070008155
2026-05-11 09:19:00+00:00,2026-05-11,2026-05-12,2026-05-19,60m,23550.0,-350.0,ATM_MINUS_350,ok,2026-05-12 14:59:00+05:30,23421.25,2037.652500000004,1772.7713216322863,264.8811783677175,68.25000000000166,68.25000000000166,102733.26375,120.0,36.501128610375005,0.10273326375,0.9510466875,0.55938748125,47.41728468750001,31.1609025,28.188695137342503
2026-05-11 09:19:00+00:00,2026-05-11,2026-05-12,2026-05-19,120m,23550.0,-350.0,ATM_MINUS_350,ok,2026-05-12 13:59:00+05:30,23491.5,2426.783125000004,2165.828020452608,260.9551045473963,68.25000000000166,68.25000000000166,99180.06312500002,120.0,35.23867642831251,0.099180063125,0.9510466875,0.5002525124999999,47.41728468750001,28.78785,27.960814168458757
2026-05-11 09:19:00+00:00,2026-05-11,2026-05-12,2026-05-19,180m,23550.0,-350.0,ATM_MINUS_350,ok,2026-05-12 12:59:00+05:30,23524.55,1677.1462500000048,1414.1856089960972,262.96064100390754,68.25000000000166,68.25000000000166,101336.67375,120.0,36.004920183375006,0.10133667375,0.9510466875,0.5438462249999999,47.41728468750001,29.8430803125,28.099126234282505
2026-05-11 09:19:00+00:00,2026-05-11,2026-05-12,2026-05-19,1d,23550.0,-350.0,ATM_MINUS_350,ok,2026-05-11 15:29:00+05:30,23820.35,564.1756249999992,278.2165733050079,285.9590516949913,68.25000000000166,68.25000000000166,121427.580625,120.0,43.143219396062506,0.121427580625,0.9510466875,0.8619043875000001,47.41728468750001,44.07653249999999,29.38763645580375
2026-05-18 05:03:00+00:00,2026-05-18,2026-05-19,2026-05-26,baseline,23150.0,-250.0,ATM_MINUS_250,ok,2026-05-19 15:29:00+05:30,23606.2,-1493.602499999997,-1787.551931950947,293.94943195095,9.749999999998522,9.749999999998522,129443.925,120.0,45.9914265525,0.129443925,0.90344548125,1.06061743125,44.96156437500001,51.0011775,29.90175668595
2026-05-18 05:03:00+00:00,2026-05-18,2026-05-19,2026-05-26,60m,23150.0,-250.0,ATM_MINUS_250,ok,2026-05-19 14:59:00+05:30,23655.15,408.93937500000567,108.04556403301687,300.8938109669888,9.749999999998522,9.749999999998522,134122.389375,120.0,47.6536849449375,0.1341223893749999,0.90344548125,1.10225626875,44.96156437500001,55.9369321875,30.20180532017625
2026-05-18 05:03:00+00:00,2026-05-18,2026-05-19,2026-05-26,120m,23150.0,-250.0,ATM_MINUS_250,ok,2026-05-19 13:59:00+05:30,23689.1,-121.43624999999098,-425.320568836956,303.884318836965,9.749999999998522,9.749999999998522,136973.94749999998,120.0,48.66684354675001,0.1369739475,0.90344548125,1.152985275,44.96156437500001,57.67781906250001,30.384687148965
2026-05-18 05:03:00+00:00,2026-05-18,2026-05-19,2026-05-26,180m,23150.0,-250.0,ATM_MINUS_250,ok,2026-05-19 12:39:00+05:30,23740.7,46.56437500000781,-265.622073533711,312.1864485337188,9.749999999998522,9.749999999998522,143873.234375,120.0,51.1181601734375,0.143873234375,0.90344548125,1.25395456875,44.96156437500001,62.978284687500015,30.82716601340625
2026-05-18 05:03:00+00:00,2026-05-18,2026-05-19,2026-05-26,1d,23150.0,-250.0,ATM_MINUS_250,ok,2026-05-18 15:29:00+05:30,23644.45,-582.6356249999959,-890.6629452573596,308.0273202573637,9.749999999998522,9.749999999998522,140754.82687500003,120.0,50.0101899886875,0.140754826875,0.90344548125,1.2166164562499997,44.96156437500001,60.16757906249999,30.62717006680125
