entry_timestamp,entry_date,candidate_label,shift_points,strike,near_expiry,far_expiry,near_exit_timestamp,far_call_exit_timestamp,far_put_exit_timestamp,chart_pnl_inr,estimated_max_profit_inr,estimated_min_pnl_inr,estimated_equal_max_profit_loss_inr,estimated_all_green_flatline,estimated_flatline_is_constant,far_call_exit_executed_per_unit,far_put_exit_executed_per_unit,gross_pnl_inr,net_pnl_inr,premium_turnover_inr,brokerage,exchange_transaction,sebi_fee,stamp_duty_entry,stamp_duty_exit,stamp_duty,stt_entry_sales,stt_exit_sales,stt_sale_transactions,stt_exercise,gst,exercised_intrinsic_inr,total_costs,nifty_close,nifty_open,nifty_high,nifty_low,nifty_volume,nifty_nifty_prev_close,nifty_nifty_open_gap,nifty_nifty_prev_ret,vix_india_vix_prev,global_sp500_close,global_sp500_ret,global_nasdaq_close,global_nasdaq_ret,global_nikkei_close,global_nikkei_ret,global_hangseng_close,global_hangseng_ret,global_shanghai_close,global_shanghai_ret,global_sensex_close,global_sensex_ret,global_gold_close,global_gold_ret,global_usdinr_close,global_usdinr_ret,global_global_vix_close,global_global_vix_ret,nse_bse_relative_return,nse_bse_relative_regime,nifty_same_day_open_gap,india_vix_regime,nifty_gap_regime,global_risk_regime
2021-06-01 09:20:00+05:30,2021-06-01,ATM_PLUS_400,400,16000.0,2021-06-03,2021-06-10,2021-06-03 15:31:00+05:30,2021-06-03 15:30:00+05:30,2021-06-03 15:29:00+05:30,187.50000000000423,187.50000000000423,187.50000000000423,187.50000000000423,True,True,16.9575,327.51674999999994,-44.268750000019,-288.985925959669,91265.1,120.0,32.42649003,0.0912650999999999,0.98108409375,0.7369126874999998,1.7179967812499997,32.72672812500001,1.2718125,33.99854062500001,29.02968749999997,27.4531959234,23223.74999999997,244.71717595964995,15582.7998046875,15437.75,15606.349609375,15374.0,436000,15435.650390625,0.00013602338235618738,0.009533088035724946,19.90999984741211,,,,,28860.080078125,-0.009925760987069765,29151.80078125,0.0009404696903061449,3615.47998046875,0.004082435209113777,51937.44140625,0.010006489542098818,,,72.39350128173828,-0.0039830136460597965,,,-0.0004734015063738717,SENSEX_outperform,0.0030065576484790135,Q4,positive,mixed
2021-06-07 09:24:00+05:30,2021-06-07,ATM_MINUS_300,-300,15400.0,2021-06-10,2021-06-17,2021-06-10 15:31:00+05:30,2021-06-10 15:30:00+05:30,2021-06-10 15:30:00+05:30,168.75000000000108,168.75000000000108,168.75000000000108,168.75000000000108,True,True,355.80825,24.36075,-437.184374999994,-667.3867907253502,81811.003125,120.0,29.067449410312506,0.081811003125,0.798942375,0.0548116875,0.8537540625,26.666915625000005,26.68561875,53.352534375000005,0.0,26.84686687441875,0.0,230.20241572535627,15670.25,15712.5,15733.599609375,15622.349609375,414200,15690.349609375,0.0014117206548263095,-0.001281017305247989,15.75,4229.89013671875,0.008834095710505974,13814.490234375,0.014688774858050868,28941.51953125,-0.004012299707644051,28918.099609375,-0.0016546861500679189,3591.840087890625,0.0021288169600224283,52100.05078125,-0.002534419843036373,1892.0,0.009982357702693179,73.04419708251953,0.0010839967284566043,16.420000076293945,-0.089800485422317,0.001253402537788384,NIFTY_outperform,0.0035002383098545753,Q3,positive,risk_on
2021-06-14 09:22:00+05:30,2021-06-14,ATM_MINUS_400,-400,15300.0,2021-06-17,2021-06-24,2021-06-17 15:31:00+05:30,2021-06-17 15:29:00+05:30,2021-06-17 15:30:00+05:30,266.24999999999926,266.24999999999926,266.24999999999926,266.24999999999926,True,True,405.88275,25.613875,-746.718749999971,-999.1190701787336,103615.33125,120.0,36.814527193125,0.10361533125,1.06747453125,0.05763121875,1.12510575,35.6706,30.44120625,66.11180625,0.0,28.245265654387502,0.0,252.4003201787625,15799.349609375,15796.4501953125,15835.5498046875,15749.7998046875,363000,15737.75,0.0037298975592128247,0.003914130633349666,15.0,4247.43994140625,0.0019484346695590737,14069.419921875,0.003501332955533787,28948.73046875,-0.00033945327182571816,28842.130859375,0.003592693831928395,3589.75,-0.005846282269004188,52474.76171875,0.003332531675445116,1879.5999755859375,-0.008858916163173802,73.01229858398438,0.00036994337117191023,15.649999618530273,-0.02795035728430051,0.00058159895790455,NIFTY_outperform,-0.0005031358218241522,Q2,flat,risk_on
2021-06-21 13:17:00+05:30,2021-06-21,ATM_PLUS_300,300,15950.0,2021-06-24,2021-07-01,2021-06-24 15:31:00+05:30,2021-06-24 15:30:00+05:30,2021-06-24 15:29:00+05:30,2171.249999999999,2171.249999999999,2171.249999999999,2171.249999999999,True,True,57.106875,192.17925,3871.499999999949,3650.6564985961368,72919.78124999999,120.0,25.908398278125,0.07291978125,0.7828146562499999,0.4324033124999999,1.2152179687499998,28.1295,4.283015625,32.412515625,14.957812499999932,26.276637250687497,11966.249999999944,220.8435014038124,15683.349609375,15756.5,15761.5,15450.900390625,640800,15691.400390625,0.004148744392112658,-0.000513069646403852,15.289999961853027,4166.4501953125,-0.013124468779900589,14030.3798828125,-0.009248392997500465,28964.080078125,-0.001869507992153352,28801.26953125,0.00849760750890538,3525.10009765625,-0.00014181982815697491,52344.44921875,0.00040366495226651367,1769.0,-0.0032680012782029255,74.25389862060547,0.0058219735865217,20.700000762939453,0.166197226081096,-0.0009167345986703657,SENSEX_outperform,-0.010042497548218399,Q3,negative,risk_off
2021-06-28 09:21:00+05:30,2021-06-28,ATM_PLUS_300,300,16200.0,2021-07-01,2021-07-08,2021-07-01 15:31:00+05:30,2021-07-01 15:30:00+05:30,2021-07-01 15:29:00+05:30,108.7500000000034,108.7500000000034,108.7500000000034,108.7500000000034,True,True,3.4413750000000003,497.94175,1890.037500000011,1633.424544614786,90077.2125,120.0,32.00443360125001,0.0900772125,0.7874386874999999,1.1203689375,1.907807625,26.225521875000005,0.258103125,26.483625000000007,48.75,27.377011946475,39000.0,256.612955385225,15860.349609375,15839.349609375,15870.7998046875,15772.2998046875,314600,15790.4501953125,0.0030967713686222975,0.0044266891189239654,15.100000381469727,4280.7001953125,0.0033305973193167304,14360.3896484375,-0.0006486082548177174,29066.1796875,0.006612907175118643,29288.220703125,0.014048656259002312,3607.56005859375,0.011470191179436151,52925.0390625,0.004289247661245943,1777.800048828125,0.0006191803267199258,74.19029998779297,-0.0007623547400297248,15.619999885559082,-0.021916116193956947,0.00013744145767802252,NIFTY_outperform,0.0034677671901690577,Q3,positive,mixed
2021-07-05 09:21:00+05:30,2021-07-05,ATM_PLUS_400,400,16200.0,2021-07-08,2021-07-15,2021-07-08 15:31:00+05:30,2021-07-08 15:30:00+05:30,2021-07-08 15:29:00+05:30,232.5000000000017,232.5000000000017,232.5000000000017,232.5000000000017,True,True,5.735625000000001,474.1825,348.965625000038,87.50094528733166,99000.778125,120.0,35.174976467812506,0.099000778125,0.9439790625,1.0669106249999998,2.0108896875,31.54095000000001,0.4301718750000001,31.971121875000005,44.259375000000034,27.94931590426875,35407.50000000003,261.4646797127063,15722.2001953125,15705.849609375,15738.349609375,15635.9501953125,254800,15680.0,0.0016485720264667325,0.002691338986766656,12.84000015258789,4352.33984375,0.007500081663913916,14639.330078125,0.008053101231080717,28783.279296875,0.002655802787915995,28310.419921875,-0.017952345237877476,3518.760009765625,-0.01951081397010801,52484.671875,0.0031742116100257345,1783.300048828125,0.0036582619435918673,74.54499816894531,0.0023395673923847227,15.069999694824219,-0.026485779039815083,-0.00048287262325907854,SENSEX_outperform,0.0045286406754778685,Q1,positive,risk_on
2021-07-12 09:22:00+05:30,2021-07-12,ATM_MINUS_400,-400,15400.0,2021-07-15,2021-07-22,2021-07-15 15:31:00+05:30,2021-07-15 15:28:00+05:30,2021-07-15 15:30:00+05:30,603.7499999999974,603.7499999999974,603.7499999999974,603.7499999999974,True,True,533.56275,6.91725,635.6343749999525,380.0431525922712,101145.740625,120.0,35.9370816440625,0.1011457406249999,0.9023627812499998,0.0155638125,0.91792659375,30.53098125,40.01720625,70.5481875,0.0,28.08688092924375,0.0,255.59122240768124,15689.7998046875,15688.25,15730.849609375,15632.75,243200,15727.900390625,-0.0025210224912560752,-0.0024224839292732447,13.5600004196167,4369.5498046875,0.011277947808795874,14701.919921875,0.009762485818334499,27940.419921875,-0.0063165655432239065,27344.5390625,0.007049213002960686,3524.090087890625,-0.0003999183404835849,52386.19140625,-0.003476387294690131,1810.5999755859375,0.005777149592350872,74.72139739990234,-0.0013432165575479882,16.18000030517578,-0.14842103656969574,0.0010539033654168861,NIFTY_outperform,0.004907647067427634,Q2,positive,risk_on
2021-07-19 09:21:00+05:30,2021-07-19,ATM_PLUS_400,400,16200.0,2021-07-22,2021-07-29,2021-07-22 15:31:00+05:30,2021-07-22 15:30:00+05:30,2021-07-22 15:29:00+05:30,476.2500000000017,476.2500000000017,476.2500000000017,476.2500000000017,True,True,5.236875,384.809625,50.35312500006057,-197.8990818330333,90928.546875,120.0,32.3069127046875,0.090928546875,0.920295,0.86582165625,1.78611665625,30.998559375000006,0.392765625,31.391325000000005,35.24531250000007,27.43161142528125,28196.25000000005,248.25220683309388,15923.400390625,15958.349609375,15962.25,15882.599609375,276300,15924.2001953125,0.002144497911584331,-5.0225736783704455e-05,12.270000457763672,4327.16015625,-0.007538854211077806,14427.240234375,-0.00796868689005259,28003.080078125,-0.009760206822427175,28004.6796875,0.0003004027461805947,3539.300048828125,-0.007094795878048843,53140.05859375,-0.00035352473196126333,1815.0,-0.007654455986878084,74.53700256347656,0.0009118091995197197,18.450000762939453,0.08465611491366087,0.00030329899517755887,NIFTY_outperform,-0.010607055432986567,Q1,negative,risk_off
2021-08-02 09:21:00+05:30,2021-08-02,ATM_MINUS_300,-300,15550.0,2021-08-05,2021-08-12,2021-08-05 15:31:00+05:30,2021-08-05 15:15:00+05:30,2021-08-05 15:29:00+05:30,25.000000000001062,25.000000000001062,25.000000000001062,25.000000000001062,True,True,729.9206250000001,7.167875,-1153.6500000000103,-1379.5083579908353,71369.36250000002,120.0,25.357534496250004,0.0713693625,0.518643375,0.0107518125,0.5293951875,17.226825,36.49603125000001,53.72285625000001,0.0,26.177202694575,0.0,225.85835799082503,15763.0498046875,15800.599609375,15862.7998046875,15744.849609375,400000,15778.4501953125,0.0014037762763976502,-0.000976039499086867,12.949999809265137,4395.259765625,-0.0054060480514769305,14672.6796875,-0.0071442835489050616,27283.58984375,-0.01795488224307762,25961.029296875,-0.013463298619120656,3397.360107421875,-0.004208980632806947,52586.83984375,-0.0012578652746538799,1812.5999755859375,-0.010157260857305284,74.25199890136719,-0.0018550946284918712,18.239999771118164,0.03050841722613762,0.0002818257755670128,NIFTY_outperform,0.007095745260174091,Q1,positive,risk_off
2021-08-09 09:20:00+05:30,2021-08-09,ATM_MINUS_300,-300,16000.0,2021-08-12,2021-08-18,2021-08-12 15:31:00+05:30,2021-08-12 15:29:00+05:30,2021-08-12 15:29:00+05:30,134.99999999999767,134.99999999999767,134.99999999999767,134.99999999999767,True,True,368.925375,9.52375,-198.5562499999816,-397.8919879195191,52377.11875,120.0,18.609590291875,0.05237711875,0.5010495,0.014285625,0.515335125,16.7530125,18.44626875,35.19928125,0.0,24.959154133912502,0.0,199.33573791953756,16238.2001953125,16304.400390625,16336.75,16223.2998046875,320100,16294.599609375,0.0006014741991182682,-0.003461233501561467,12.869999885559082,4436.52001953125,0.001675266241764728,14835.759765625,-0.003985221407782014,27820.0390625,0.0033150435270716816,26179.400390625,-0.0009650586604064149,3458.22998046875,-0.0024001004578565466,54277.71875,-0.003947694676343261,1763.0999755859375,-0.025319281447276465,74.08200073242188,-0.0013749242166742892,16.149999618530273,-0.06539357773223542,0.00048646117478179374,NIFTY_outperform,0.0026572781184799332,Q1,positive,mixed
2021-08-16 09:20:00+05:30,2021-08-16,ATM_MINUS_200,-200,16350.0,2021-08-18,2021-08-26,2021-08-18 15:31:00+05:30,2021-08-18 15:29:00+05:30,2021-08-18 15:30:00+05:30,260.00000000000085,260.00000000000085,260.00000000000085,260.00000000000085,True,True,242.3925,37.643875,-513.6562499999258,-699.0750402971632,41436.16875,120.0,14.722270756875002,0.04143616875,0.4086440625,0.0564658124999999,0.465109875,13.81288125,12.119625,25.932506250000003,0.0,24.2574672466125,0.0,185.4187902972375,16529.099609375,16385.69921875,16543.599609375,16376.2998046875,321900,16364.400390625,0.001301534282747152,0.010064482340847336,12.369999885559082,4468.0,0.001607306655808216,14822.900390625,0.00044819847282950853,27977.150390625,-0.001351744216446349,26391.619140625,-0.00475910804084867,3516.300048828125,-0.002394486240015925,55437.2890625,0.010818116932414634,1778.199951171875,0.015070157328406442,74.26010131835938,0.002120082843019455,15.449999809265137,-0.0089801373927193,-0.0007536345915672982,SENSEX_outperform,-0.0006472959207004525,Q1,flat,risk_on
2021-08-23 09:48:00+05:30,2021-08-23,ATM_PLUS_300,300,16850.0,2021-08-26,2021-09-02,2021-08-26 15:31:00+05:30,2021-08-26 15:29:00+05:30,2021-08-26 15:29:00+05:30,57.49999999999886,57.49999999999886,57.49999999999886,57.49999999999886,True,True,19.900125,244.559875,-608.1312500000678,-802.7504681121802,48280.35625,120.0,17.154010575625,0.0482803562499999,0.5263124999999998,0.3668398125,0.8931523124999998,17.513606250000002,0.99500625,18.5086125,13.318749999999907,24.696412367737494,10654.999999999927,194.6192181121124,16450.5,16382.5,16509.55078125,16376.0498046875,350800,16568.849609375,-0.011246985383315922,-0.007142898400624986,12.90999984741211,4441.669921875,0.008141567655737925,14714.66015625,0.011887815511235633,27013.25,-0.009820690338509741,24849.720703125,-0.018431161766340742,3427.333984375,-0.011028810109649845,55329.3203125,-0.005395842709039811,1784.0,0.0005047526366359634,74.4292984008789,0.00214757715473457,18.559999465942383,-0.1435164097555205,-0.0017470556915851754,SENSEX_outperform,0.00861675936901607,Q1,positive,risk_on
2021-08-30 09:20:00+05:30,2021-08-30,ATM_PLUS_250,250,17050.0,2021-09-02,2021-09-09,2021-09-02 15:31:00+05:30,2021-09-02 15:29:00+05:30,2021-09-02 15:29:00+05:30,480.00000000000114,480.00000000000114,480.00000000000114,480.00000000000114,True,True,237.50475,46.7165,736.4374999999285,548.4815493346035,44399.8625,120.0,15.77527114625,0.0443998624999999,0.4467641249999999,0.0700747499999999,0.5168388749999999,15.296662499999998,11.8752375,27.1719,0.0,24.447540781575,0.0,187.95595066532496,16705.19921875,16642.55078125,16722.05078125,16565.599609375,217400,16636.900390625,0.000339630008735492,0.004105261588480014,13.539999961853027,4509.3701171875,0.008807632480425154,15129.5,0.012290430225497584,27641.140625,-0.003646001859187842,25407.890625,-0.00030685093707116806,3522.156982421875,0.005852337504713256,56124.71875,0.0031388741301558998,1819.5,0.013536123824124724,74.15599822998047,0.0007557322133944222,16.389999389648438,-0.13004250228750225,0.0009663874583241139,NIFTY_outperform,0.004229245619872701,Q2,positive,risk_on
2021-09-06 09:20:00+05:30,2021-09-06,ATM,0,17400.0,2021-09-09,2021-09-16,2021-09-09 15:31:00+05:30,2021-09-09 15:30:00+05:30,2021-09-09 15:30:00+05:30,15.000000000000568,15.000000000000568,15.000000000000568,15.000000000000568,True,True,85.336125,118.295,-158.44374999999857,-334.2401678916361,35381.51875,120.0,12.571053611875,0.0353815187499999,0.3787194375,0.1774424999999999,0.5561619375,12.575981250000002,4.26680625,16.8427875,1.921875,23.869158323512497,1537.5,175.7964178916375,17323.599609375,17262.44921875,17340.099609375,17212.19921875,261400,17234.150390625,0.0016420204932408033,0.005190230833697296,14.239999771118164,4535.43017578125,-0.0003350311257153127,15363.51953125,0.0021094165230068906,29128.109375,0.020480999504799424,25901.990234375,-0.007222550773676284,3581.72998046875,-0.004256293626839991,58129.94921875,0.004795124997889921,1833.699951171875,0.012255010307411052,73.0542984008789,0.0009481196654548274,16.40999984741211,0.0,0.00039510583580737446,NIFTY_outperform,0.00437264781616209,Q2,positive,mixed
2021-09-13 09:21:00+05:30,2021-09-13,ATM_MINUS_100,-100,17250.0,2021-09-16,2021-09-23,2021-09-16 15:31:00+05:30,2021-09-16 15:29:00+05:30,2021-09-16 15:30:00+05:30,137.5,137.5,137.5,137.5,True,True,388.675875,24.009875,-668.3187500000003,-862.0907264590877,46281.44375,120.0,16.443796964375004,0.04628144375,0.383606625,0.0360148125,0.4196214375,12.86026875,19.43379375,32.294062499999995,0.0,24.568214113462496,0.0,193.77197645908748,17369.25,17312.849609375,17379.650390625,17302.69921875,241500,17353.5,-0.002342489447373697,0.0009075978909154347,14.40999984741211,4458.580078125,-0.007722578759925436,15115.490234375,-0.008706557514796764,30381.83984375,0.01245161395720551,26205.91015625,0.019050791579172444,3703.110107421875,0.0027023757425435058,,,1792.0999755859375,-0.004388902452256982,73.53800201416016,-0.003401583511103312,20.950000762939453,0.11436178793244811,,SENSEX_outperform,-0.00032812117679237307,Q2,flat,risk_off
2021-09-20 09:20:00+05:30,2021-09-20,ATM_PLUS_300,300,17750.0,2021-09-23,2021-09-30,2021-09-23 15:31:00+05:30,2021-09-23 15:30:00+05:30,2021-09-23 15:29:00+05:30,129.9999999999983,129.9999999999983,129.9999999999983,129.9999999999983,True,True,186.5325,94.235,1007.137499999964,816.3838413187641,50133.05,120.0,17.812272665000002,0.05013305,0.5408236875,0.1413525,0.6821761875,18.06721875,9.326625,27.39384375,0.0,24.8152330287,0.0,190.7536586812,17585.150390625,17709.650390625,17792.94921875,17537.650390625,508300,17629.5,0.004546379115970334,-0.002515647600612625,14.40999984741211,4432.990234375,-0.009110872450405094,15043.9697265625,-0.009086478918501784,30500.05078125,0.005827555223486547,24920.759765625,0.010252622756135255,3613.969970703125,0.0019073221474552593,59015.890625,-0.0021181446376608015,1751.4000244140625,-0.0030169789406989667,73.56490325927734,0.0017279843285649132,20.809999465942383,0.11342958112931156,-0.0003975029629518234,SENSEX_outperform,-0.008035233029643596,Q2,negative,risk_off
2021-09-27 09:34:00+05:30,2021-09-27,ATM_MINUS_250,-250,17650.0,2021-09-30,2021-10-07,2021-09-30 15:31:00+05:30,2021-09-30 15:29:00+05:30,2021-09-30 15:29:00+05:30,25.0,25.0,25.0,25.0,True,True,143.14125,174.93625,-69.33750000006782,-263.3266801446927,54738.81250000001,120.0,19.448700081250003,0.0547388125,0.583605375,0.262404375,0.84600975,19.381425000000004,7.157062500000001,26.53848750000001,1.990624999999909,25.110619000875,1592.4999999999272,193.9891801446249,17853.19921875,17897.44921875,17947.650390625,17819.400390625,360100,17822.94921875,0.0041800040546389194,0.0016972499684944076,16.600000381469727,4455.47998046875,0.001461009046688222,15047.7001953125,-0.0003016188282812804,30248.810546875,0.020560812574425658,24192.16015625,-0.013007244361623038,3613.070068359375,-0.008003333839862181,60048.46875,0.002723693682434414,1751.699951171875,0.0010857825412808886,73.83999633789062,-0.0004724809048004541,17.75,-0.04723559851896364,-0.0010264437139400062,SENSEX_outperform,0.004424977228564719,Q3,positive,mixed
2021-10-04 09:20:00+05:30,2021-10-04,ATM_MINUS_350,-350,17300.0,2021-10-07,2021-10-14,2021-10-07 15:31:00+05:30,2021-10-07 15:29:00+05:30,2021-10-07 15:29:00+05:30,129.99999999999972,129.99999999999972,129.99999999999972,129.99999999999972,True,True,535.75725,16.14025,1490.825000000072,1272.4359337503722,68604.54999999999,120.0,24.375196615000004,0.06860455,0.614733,0.024210375,0.638943375,20.518575,26.7878625,47.3064375,0.0,25.9998842097,0.0,218.3890662497,17532.05078125,17531.900390625,17557.150390625,17452.900390625,305800,17618.150390625,-0.004895519568608897,-0.004886983449795879,18.399999618530273,4357.0400390625,0.01149147763018199,14566.7001953125,0.00817520590596521,28771.0703125,-0.023141877172862535,,,,,58765.578125,-0.006101868165293234,1758.4000244140625,0.0007968266443156846,74.25440216064453,-0.0009095077745976399,21.100000381469727,-0.0881589914428128,0.0012148847154973552,NIFTY_outperform,0.004762705803322165,Q4,positive,risk_on
2021-10-11 09:20:00+05:30,2021-10-11,ATM_PLUS_250,250,18150.0,2021-10-14,2021-10-21,2021-10-14 15:31:00+05:30,2021-10-14 15:29:00+05:30,2021-10-14 15:29:00+05:30,165.0000000000034,165.0000000000034,165.0000000000034,165.0000000000034,True,True,253.5645,48.62125,901.2875000000392,709.3479587857893,48458.87500000001,120.0,17.217438287500002,0.048458875,0.4990194375,0.072931875,0.5719513125000001,16.71560625,12.678225,29.39383125,0.0,24.70786148925,0.0,191.93954121425,17895.19921875,17886.849609375,17941.849609375,17840.349609375,324100,17790.349609375,0.0054242891297171525,0.005893622760496431,16.15999984741211,4391.33984375,-0.0019137230947889883,14579.5400390625,-0.00508252988394553,28048.939453125,0.013394236949134442,24837.849609375,0.00551051031818206,3592.169921875,0.006726137074601013,60059.05859375,0.006388142476490222,1757.4000244140625,-0.0010231507547584506,74.83000183105469,0.0009363254791869835,18.770000457763672,-0.039406367537669684,-0.0004945197159937909,SENSEX_outperform,-0.0015450198213513566,Q3,flat,risk_off
2021-10-18 09:20:00+05:30,2021-10-18,ATM_MINUS_200,-200,18250.0,2021-10-21,2021-10-28,2021-10-21 15:31:00+05:30,2021-10-21 15:30:00+05:30,2021-10-21 15:30:00+05:30,277.4999999999999,277.4999999999999,277.4999999999999,277.4999999999999,True,True,146.383125,150.375,3585.5625000000737,3392.912368774849,49774.7125,120.0,17.68495535125,0.0497747125,0.5211997500000001,0.2255625,0.7467622500000001,17.563481250000002,7.31915625,24.8826375,4.493750000000091,24.792251411475004,3595.0000000000728,192.6501312252251,18338.55078125,18272.849609375,18350.75,18248.69921875,538700,18161.75,0.006117230408688501,0.009734787740718787,16.100000381469727,4471.3701171875,0.007460210377712606,14897.33984375,0.004986036147378581,29068.630859375,0.01813255041224293,25330.9609375,0.014756926106456403,3572.3701171875,0.00395980298757137,,,1768.300048828125,-0.016463638235715727,74.99500274658203,-0.004133712143815305,16.299999237060547,-0.033214789621489715,,SENSEX_outperform,0.008809247254705221,Q3,positive,risk_on
2021-11-08 09:21:00+05:30,2021-11-08,ATM_PLUS_150,150,18050.0,2021-11-11,2021-11-18,2021-11-11 15:31:00+05:30,2021-11-11 15:30:00+05:30,2021-11-11 15:29:00+05:30,235.00000000000227,235.00000000000227,235.00000000000227,235.00000000000227,True,True,71.022,215.63775,1742.4750000000756,1549.2915707334755,47027.40000000001,120.0,16.70883522,0.0470274,0.48811725,0.323456625,0.811573875,16.4238375,3.5511000000000004,19.974937500000003,11.025000000000093,24.6160552716,8820.000000000073,193.1834292666001,17916.80078125,17935.05078125,17947.55078125,17900.599609375,48500,17829.19921875,0.00593697794282777,0.004913376165984751,16.1299991607666,4697.52978515625,0.003732799652949259,15971.58984375,0.0019623378893316445,29611.5703125,-0.006135348168045285,24870.509765625,-0.014060536122398104,3491.570068359375,-0.010008888236654134,,,1816.800048828125,0.012991384905561842,74.47810363769531,0.0005723416707579254,16.479999542236328,0.06735751231330078,,SENSEX_outperform,0.006887303096495767,Q3,positive,risk_on
2021-11-15 11:32:00+05:30,2021-11-15,ATM_MINUS_350,-350,17750.0,2021-11-18,2021-11-25,2021-11-18 15:31:00+05:30,2021-11-18 15:30:00+05:30,2021-11-18 15:30:00+05:30,10.000000000000496,10.000000000000496,10.000000000000496,10.000000000000496,True,True,136.6575,114.234875,278.05625000004034,81.91817338885284,57774.59375,120.0,20.527313159375,0.05777459375,0.6799957499999998,0.1713523125,0.8513480624999998,22.56345,6.8328750000000005,29.396325,0.0,25.3053157955625,0.0,196.1380766111875,18102.75,17977.599609375,18123.0,17905.900390625,249100,17873.599609375,0.005818637670805371,0.012820606684330382,16.350000381469727,4682.85009765625,0.007222656026415475,15860.9599609375,0.009976877944862572,29609.970703125,0.011343429308516617,25327.970703125,0.0031677954564917066,3539.10009765625,0.0017861402811882865,60686.69140625,0.012800466457675963,1868.5,0.0024679304285022408,74.32209777832031,-0.0011128543858798245,16.290000915527344,-0.07757638412921752,2.014022665441928e-05,NIFTY_outperform,0.0021101334741959743,Q3,positive,risk_on
2021-11-22 12:41:00+05:30,2021-11-22,ATM_MINUS_250,-250,17250.0,2021-11-25,2021-12-02,2021-11-25 15:31:00+05:30,2021-11-25 15:29:00+05:30,2021-11-25 15:29:00+05:30,627.4999999999999,627.4999999999999,627.4999999999999,627.4999999999999,True,True,354.062625,33.4835,2248.9250000000056,2045.6098003174309,57388.2375,120.0,20.390040783750003,0.0573882375,0.5621769375000001,0.05022525,0.6124021875000001,19.271700000000003,17.703131250000002,36.97483125000001,0.0,25.280537223825,0.0,203.31519968257504,17764.80078125,17890.55078125,17945.599609375,17688.5,278400,17898.650390625,-0.0004525262630551419,-0.007478195643460861,14.979999542236328,4697.9599609375,-0.001398665559303236,16057.4404296875,0.0039847207999677,29745.869140625,0.004973501624664367,25049.970703125,-0.010653751009453538,3560.3701171875,0.011264817803804394,,,1851.5999755859375,-0.005264880573540243,74.17440032958984,-0.001150062860993506,17.90999984741211,0.01819213712611245,,SENSEX_outperform,0.0017703108037774307,Q2,flat,mixed
2021-11-29 09:20:00+05:30,2021-11-29,ATM_PLUS_300,300,17150.0,2021-12-02,2021-12-09,2021-12-02 15:31:00+05:30,2021-12-02 15:29:00+05:30,2021-12-02 15:29:00+05:30,12.499999999997158,12.499999999997158,12.499999999997158,12.499999999997158,True,True,332.1675,68.17,509.593749999928,297.91357998974047,68129.34375000001,120.0,24.206355834375007,0.06812934375,0.72330375,0.102255,0.82555875,24.00234375,16.608375,40.61071875,0.0,25.969407332062502,0.0,211.68017001018757,17026.44921875,17338.75,17355.400390625,16985.69921875,356300,17536.25,-0.011262385059519597,-0.029071254187753914,16.65999984741211,4594.6201171875,-0.022724822637582465,15491.66015625,-0.0223139898909841,28751.619140625,-0.02534503127095733,24080.51953125,-0.02666274675806246,3564.090087890625,-0.005605143752033692,57107.1484375,-0.028708883866590984,1785.5,0.0006725052620286665,74.50579833984375,-0.0015973421796482423,28.6200008392334,0.540366036423789,-0.00036237032116293033,SENSEX_outperform,0.0017238804240919947,Q3,flat,risk_off
2021-12-06 09:25:00+05:30,2021-12-06,ATM_PLUS_400,400,17550.0,2021-12-09,2021-12-16,2021-12-09 15:31:00+05:30,2021-12-09 15:30:00+05:30,2021-12-09 15:30:00+05:30,2.5000000000005684,2.5000000000005684,2.5000000000005684,2.5000000000005684,True,True,123.59025,152.430125,107.32500000007192,-89.91897821685316,58073.5125,120.0,20.633518991250003,0.0580735125,0.665710125,0.2286451875,0.8943553125000001,22.08215625,6.179512500000001,28.26166875,2.071875000000091,25.324486650675,1657.5000000000728,197.2439782169251,17196.69921875,17424.900390625,17489.80078125,17180.80078125,292500,17401.650390625,0.0013360801692996471,-0.01177768586739425,18.09000015258789,4538.43017578125,-0.008448563730297565,15085.4697265625,-0.019234407705369105,28029.5703125,0.009951987107421179,23766.689453125,-0.0009348984871180299,3607.429931640625,0.009398809942228192,57696.4609375,-0.013082642159709001,1783.9000244140625,0.012027045912206047,74.9834976196289,-0.00045856976270919336,30.670000076293945,0.09731660962818656,0.0013049562923147517,NIFTY_outperform,0.0007182519356117023,Q3,flat,risk_off
2021-12-13 09:20:00+05:30,2021-12-13,ATM_PLUS_200,200,17850.0,2021-12-16,2021-12-23,2021-12-16 15:31:00+05:30,2021-12-16 15:30:00+05:30,2021-12-16 15:27:00+05:30,397.5000000000023,397.5000000000023,397.5000000000023,397.5000000000023,True,True,8.977500000000001,555.385,3075.4312499999287,2852.3655573549663,60894.63125,120.0,21.635862483125,0.06089463125,0.4854104999999999,0.8330775,1.318488,16.496156250000002,0.4488750000000001,16.945031250000003,37.59999999999991,25.5054162805875,30079.999999999927,223.0656926449624,17511.30078125,17476.05078125,17534.349609375,17405.25,204500,17516.849609375,-0.0023291190502180426,-0.00031677089480919296,16.600000381469727,4712.02001953125,0.009549073338481762,15630.599609375,0.007296951180025157,28437.76953125,-0.010015542472684436,23995.720703125,-0.010683989870586497,3666.35009765625,-0.0018213635939448025,58786.671875,-0.0003478665194250885,1784.800048828125,0.004559068992435966,75.59919738769531,0.0028639845192213187,18.690000534057617,-0.13392026876115581,3.1095624615895545e-05,NIFTY_outperform,0.006155957771019738,Q3,positive,risk_on
2021-12-21 14:45:00+05:30,2021-12-21,ATM_PLUS_400,400,17150.0,2021-12-23,2021-12-30,2021-12-23 15:31:00+05:30,2021-12-23 15:29:00+05:30,2021-12-23 15:29:00+05:30,40.00000000000057,40.00000000000057,40.00000000000057,40.00000000000057,True,True,98.25375,188.47,-707.7499999999241,-905.3909442743992,57111.0875,120.0,20.291569388750005,0.0571110875,0.6426275625,0.282705,0.9253325625,21.35398125,4.912687500000001,26.26666875,4.837500000000091,25.262762485725,3870.0000000000728,197.64094427447512,16614.19921875,16824.25,16840.099609375,16410.19921875,330600,16985.19921875,-0.009475851102901833,-0.021842546279377872,16.34000015258789,4568.02001953125,-0.01138805785140995,14980.9404296875,-0.012441874957189958,27937.810546875,-0.021294610858090146,22744.859375,-0.01930662748396228,3593.60009765625,-0.010670750867026624,55822.01171875,-0.02086809836653014,1794.5999755859375,-0.005706714326999207,76.00599670410156,-0.002120414162391282,22.8700008392334,0.06026894588789067,-0.0009744479128477312,SENSEX_outperform,0.009567188269634652,Q3,positive,risk_off
2021-12-27 10:10:00+05:30,2021-12-27,ATM_MINUS_400,-400,16600.0,2021-12-30,2022-01-06,2021-12-30 15:31:00+05:30,2021-12-30 15:29:00+05:30,2021-12-30 15:30:00+05:30,50.00000000000142,50.00000000000142,50.00000000000142,50.00000000000142,True,True,655.3575000000001,17.092624999999998,1638.9937499999746,1403.075028149012,84322.38125,120.0,29.959742058125,0.08432238125,0.761649375,0.0256389374999999,0.7872883125,25.311562500000004,32.767875000000004,58.07943750000001,0.0,27.0079315990875,0.0,235.9187218509625,17003.75,17149.5,17155.599609375,16909.599609375,182600,17072.599609375,0.004504316412526466,-0.004032754879180422,15.829999923706055,,,,,28782.58984375,-0.0005479232798895062,23223.759765625,0.0012985947791455121,3618.053955078125,-0.006940371253439492,57124.30859375,-0.003331967532655189,,,75.06739807128906,-0.005183056018317367,,,-0.0007007873465252334,SENSEX_outperform,-0.003881496728662781,Q3,negative,mixed
2022-01-03 09:57:00+05:30,2022-01-03,ATM_MINUS_400,-400,17100.0,2022-01-06,2022-01-13,2022-01-06 15:31:00+05:30,2022-01-06 15:29:00+05:30,2022-01-06 15:29:00+05:30,5.000000000000426,5.000000000000426,5.000000000000426,5.000000000000426,True,True,677.3025,22.857,317.3249999999314,84.14912866170638,80987.96250000001,120.0,28.775023076250005,0.0809879625,0.6913490625000001,0.0342855,0.7256345625,22.935018750000005,33.865125,56.80014375,0.0,26.794081986974994,0.0,233.175871338225,17354.05078125,17244.5,17400.80078125,17238.5,167000,17203.94921875,0.0023570623659947554,0.008724831757606522,16.56999969482422,4766.18017578125,-0.0026261799136575448,15644.9697265625,-0.00613597676383737,,,23397.669921875,0.012359814622217247,3639.780029296875,0.005689142660090463,58253.8203125,0.007950608252081492,1828.5999755859375,0.007992944267207092,74.43119812011719,-0.0018653421836821726,17.219999313354492,-0.006347409742402221,0.0007742235055250291,NIFTY_outperform,0.0019073131565778834,Q3,flat,risk_off
2022-01-10 09:26:00+05:30,2022-01-10,ATM_PLUS_400,400,18300.0,2022-01-13,2022-01-20,2022-01-13 15:31:00+05:30,2022-01-13 15:30:00+05:30,2022-01-13 15:30:00+05:30,317.50000000000114,317.50000000000114,317.50000000000114,317.50000000000114,True,True,129.525375,153.08174999999997,1138.8875000000396,940.4476200999144,58447.06250000001,120.0,20.76624130625,0.0584470625,0.6616500000000001,0.2296226249999999,0.891272625,22.261706250000003,6.47626875,28.737975,2.637500000000045,25.348443906375,2110.0000000000364,198.43987990012505,17812.69921875,17797.599609375,17905.0,17704.55078125,239300,17745.900390625,0.0029133049105420916,0.003764183651131514,17.979999542236328,4677.02978515625,-0.004050216740091761,14935.900390625,-0.009612181106264384,28478.560546875,-0.00032675640652690685,23493.380859375,0.018225807106970304,3579.5400390625,-0.0018237292308094233,59744.6484375,0.002396043379271129,1797.4000244140625,0.004583094939621946,74.41929626464844,-0.0001451458849398568,18.760000228881836,-0.04334525012819401,0.0013681402718603852,NIFTY_outperform,0.005647743851987519,Q3,positive,risk_off
2022-01-17 09:25:00+05:30,2022-01-17,ATM_PLUS_400,400,18700.0,2022-01-20,2022-01-27,2022-01-20 15:31:00+05:30,2022-01-20 15:29:00+05:30,2022-01-20 15:29:00+05:30,24.99999999999716,24.99999999999716,24.99999999999716,24.99999999999716,True,True,4.339125,886.661125,2948.162499999995,2685.954304229195,88844.95,120.0,31.566610735,0.0888449499999999,0.665710125,1.3299916875000002,1.9957018125,22.1046,0.21695625,22.32155625,58.9375,27.2979820233,47150.0,262.20819577080005,18255.75,18185.0,18286.94921875,18119.650390625,229500,18257.80078125,-0.003987379538326619,-0.00011232356375068253,16.700000762939453,4662.85009765625,0.0008199802697488323,14893.75,0.005871651774452147,28124.279296875,-0.012806693342136022,24383.3203125,-0.001901336755984695,3521.260009765625,-0.009563294922624088,61223.03125,-0.00020036696306646729,1816.5,-0.0026902516461966286,73.97229766845703,0.002346842694858964,19.190000534057617,-0.05514519750543956,8.804339931578475e-05,NIFTY_outperform,-0.0011010015679990826,Q3,flat,risk_on
2022-01-24 14:15:00+05:30,2022-01-24,ATM_MINUS_200,-200,16850.0,2022-01-27,2022-02-03,2022-01-27 15:31:00+05:30,2022-01-27 15:29:00+05:30,2022-01-27 15:30:00+05:30,105.00000000000256,105.00000000000256,105.00000000000256,105.00000000000256,True,True,459.4485,135.43775,3157.3374999999314,2927.427732624732,86024.05,120.0,30.564344965000004,0.08602405,0.8447315624999999,0.203156625,1.0478881875,28.12201875,22.972425000000005,51.09444375,0.0,27.1170664227,0.0,229.9097673752,17617.150390625,17613.69921875,17707.599609375,17485.849609375,277600,17757.0,-0.008070100875711028,-0.007875745304668613,17.790000915527344,4397.93994140625,-0.018914821867908604,13768.919921875,-0.02720779129382689,27522.259765625,-0.00902569245288587,24965.55078125,0.0005290552625969447,3522.570068359375,-0.009139083362554201,59037.1796875,-0.007188163287479954,1831.800048828125,-0.005861243298007857,74.45220184326172,4.027379622861815e-05,28.850000381469727,0.12739352127562054,-0.0006875820171886593,SENSEX_outperform,-0.0023840404985332464,Q3,negative,risk_off
2022-01-31 09:20:00+05:30,2022-01-31,ATM_MINUS_50,-50,17250.0,2022-02-03,2022-02-10,2022-02-03 15:31:00+05:30,2022-02-03 15:30:00+05:30,2022-02-03 15:30:00+05:30,65.00000000000057,65.00000000000057,65.00000000000057,65.00000000000057,True,True,345.135,100.25,-3338.462500000034,-3558.325339174009,77354.08750000001,120.0,27.483907288750004,0.0773540875,0.8273632499999999,0.150375,0.97773825,27.5060625,17.25675,44.7628125,0.0,26.561027047725,0.0,219.862839173975,17101.94921875,17208.30078125,17373.5,17077.099609375,355300,17110.150390625,0.005736383864795247,-0.0004793161771092791,21.06999969482422,4431.85009765625,0.024347646888076113,13770.5703125,0.03128861783890824,26717.33984375,0.02090304834753498,23550.080078125,-0.010791780647498639,3361.43994140625,-0.009666364762097701,57200.23046875,-0.0013392987756785102,1784.9000244140625,-0.0045730585486152275,75.20929718017578,0.0041965491848174885,27.65999984741211,-0.09281731534766324,0.0008599825985692311,NIFTY_outperform,0.011642039159004858,Q4,positive,risk_on
2022-02-07 09:20:00+05:30,2022-02-07,ATM_MINUS_350,-350,17150.0,2022-02-10,2022-02-17,2022-02-10 15:31:00+05:30,2022-02-10 15:29:00+05:30,2022-02-10 15:29:00+05:30,102.49999999999916,102.49999999999916,102.49999999999916,102.49999999999916,True,True,487.977,28.2705,170.18125000007558,-53.52667135196194,75869.61875000001,120.0,26.956475541875005,0.07586961875,0.7511983125,0.04240575,0.7936040625,25.0173,24.398850000000003,49.41615,0.0,26.4658221289125,0.0,223.70792135203752,17516.30078125,17590.19921875,17617.80078125,17462.55078125,261400,17560.19921875,0.0017084088640615391,-0.0024998826581151823,19.15999984741211,4500.52978515625,0.0051569298644233985,14098.009765625,0.01579308962791215,27439.990234375,0.007293323394192974,24573.2890625,0.032393113278618824,,,58644.8203125,-0.002435857167698563,1807.800048828125,0.002050924722719838,74.6438980102539,-0.002385715197588012,23.219999313354492,-0.04640661397998014,-6.402549041661931e-05,SENSEX_outperform,-0.003425380778127818,Q4,negative,risk_on
2022-02-14 09:20:00+05:30,2022-02-14,ATM_MINUS_400,-400,16500.0,2022-02-17,2022-02-24,2022-02-17 15:31:00+05:30,2022-02-17 15:29:00+05:30,2022-02-17 15:30:00+05:30,94.99999999999886,94.99999999999886,94.99999999999886,94.99999999999886,True,True,810.019875,49.02224999999999,-2256.993749999924,-2521.5003839234614,111701.86875,120.0,39.687673966875,0.1117018687499999,1.0323995625,0.073533375,1.1059329375,34.33644375,40.50099374999999,74.8374375,0.0,28.7638876504125,0.0,264.5066339235375,17374.75,17451.0,17454.75,17303.0,253100,17605.849609375,-0.008795350000748825,-0.01312629691281364,17.709999084472656,4418.64013671875,-0.01896945434456343,13791.150390625,-0.027809056735481952,,,24906.66015625,-0.0007097257662581624,3462.949951171875,-0.00658650438949715,58152.921875,-0.01311999736958358,1842.0999755859375,0.0025579357295228977,75.53839874267578,0.009751511215507547,27.360000610351562,0.14429112442310887,-6.2995432300594345e-06,SENSEX_outperform,-0.017185836306997215,Q3,negative,risk_off
2022-02-21 09:30:00+05:30,2022-02-21,ATM_MINUS_350,-350,16800.0,2022-02-24,2022-03-03,2022-02-24 15:31:00+05:30,2022-02-24 15:29:00+05:30,2022-02-24 15:29:00+05:30,390.00000000000057,390.00000000000057,390.00000000000057,390.00000000000057,True,True,105.735,684.7075,-1098.675000000031,-1351.1659292341312,96541.15,120.0,34.301070595,0.0965411499999999,0.851573625,1.02706125,1.878634875,28.633237500000007,5.2867500000000005,33.919987500000005,34.503124999999955,27.7915701141,27602.499999999964,252.4909292341,17276.30078125,17236.05078125,17380.80078125,17219.19921875,189600,17304.599609375,-0.003961306801219644,-0.0016353356196504576,22.010000228881836,4348.8701171875,-0.0071661613961429005,13548.0703125,-0.012295170961021396,27122.0703125,-0.0040685697695992395,24327.7109375,-0.018757831518734447,3490.760009765625,0.006551242329159157,57832.96875,-0.001019881102713116,1899.800048828125,-0.001156651509923723,75.06300354003906,0.0002798929025848995,27.75,-0.012806851744392778,-0.0006154545169373415,SENSEX_outperform,-0.004865091336058502,Q4,negative,risk_off
2022-02-28 09:20:00+05:30,2022-02-28,ATM_MINUS_100,-100,16350.0,2022-03-03,2022-03-10,2022-03-03 15:31:00+05:30,2022-03-03 15:29:00+05:30,2022-03-03 15:29:00+05:30,482.5000000000017,482.5000000000017,482.5000000000017,482.5000000000017,True,True,364.18725000000006,202.505,1006.6562500000488,775.5578057717362,91315.90625,120.0,32.44454149062501,0.09131590625,0.93984375,0.3037575,1.24360125,31.65316875000001,18.209362500000005,49.86253125000002,0.0,27.4564543314375,0.0,231.0984442283125,16658.400390625,16515.650390625,16748.80078125,16478.30078125,329800,16247.9501953125,0.01647593647780443,0.025261660109649586,31.979999542236328,4384.64990234375,0.022372677655603468,13694.6201171875,0.01640470550170625,26476.5,0.019471071048788202,22767.1796875,-0.0058677599327761065,3451.409912109375,0.006253703079966089,55858.51953125,0.024364782028670096,1887.5999755859375,-0.020090366122209713,75.4083023071289,0.010388153211868367,27.59000015258789,-0.09003956364492816,0.0008968780809794907,NIFTY_outperform,-0.01061331082842143,Q4,negative,risk_on
2022-03-07 09:20:00+05:30,2022-03-07,ATM_MINUS_100,-100,15750.0,2022-03-10,2022-03-17,2022-03-10 15:31:00+05:30,2022-03-10 15:25:00+05:30,2022-03-10 15:30:00+05:30,292.50000000000114,292.50000000000114,292.50000000000114,292.50000000000114,True,True,879.5456250000001,52.3305,-743.8250000000664,-1006.0426051996164,107425.575,120.0,38.1683067975,0.107425575,0.91037025,0.07849575,0.988866,30.48609375000001,43.97728125000001,74.46337500000001,0.0,28.48963182705,0.0,262.21760519955,16245.349609375,16339.4501953125,16456.0,16133.7998046875,456100,16498.05078125,-0.009613292384682781,-0.015317032007332254,28.15999984741211,4328.8701171875,-0.007934042550334475,13313.4404296875,-0.016583024660655976,25985.470703125,-0.02226710412930688,21905.2890625,-0.02501634751416071,3447.64990234375,-0.009611935286616302,54333.80859375,-0.013953424735610787,1966.5999755859375,0.015858231718947957,75.8917007446289,0.003447052820780838,31.979999542236328,0.04921259916429599,-0.0013636072717214676,SENSEX_outperform,-0.0232312275904919,Q4,negative,risk_off
2022-03-14 09:20:00+05:30,2022-03-14,ATM_PLUS_150,150,16850.0,2022-03-17,2022-03-24,2022-03-17 15:31:00+05:30,2022-03-17 15:29:00+05:30,2022-03-17 15:30:00+05:30,392.50000000000114,392.50000000000114,392.50000000000114,392.50000000000114,True,True,523.6875,68.47075,1171.0312500000384,941.999435351876,81529.43125,120.0,28.967406923125,0.0815294312499999,0.7748823750000001,0.102706125,0.8775885000000001,26.09210625,26.184375,52.27648125,0.0,26.8288085437875,0.0,229.03181464816248,16630.44921875,16528.80078125,16694.400390625,16470.900390625,343700,16594.900390625,-0.003983127817527743,0.0021421537513466316,25.579999923706055,4204.31005859375,-0.012961545123475138,12843.8095703125,-0.021793698646173865,25162.779296875,-0.020537674996398247,20553.7890625,-0.016106583015241593,3309.75,0.0041442775364544104,55550.30078125,0.0015489245492814607,1985.0,-0.007698472418572022,76.310302734375,0.002303802506705477,30.75,0.01720147091094537,0.0005932292020651708,NIFTY_outperform,0.0001954246669617632,Q4,flat,risk_off
2022-03-21 09:26:00+05:30,2022-03-21,ATM_PLUS_350,350,17650.0,2022-03-24,2022-03-31,2022-03-24 15:31:00+05:30,2022-03-24 15:30:00+05:30,2022-03-24 15:29:00+05:30,294.99999999999886,294.99999999999886,294.99999999999886,294.99999999999886,True,True,46.8825,485.21,-391.8499999999966,-624.2441806096716,79793.88750000001,120.0,28.35076822875001,0.0797938875,0.7954085625,0.727815,1.5232235625,26.67564375000001,2.344125,29.019768750000004,26.703125,26.717501180925,21362.5,232.394180609675,17287.05078125,17202.900390625,17344.599609375,17175.75,448300,16975.349609375,0.013404777308641203,0.018361988356508263,24.1200008392334,4463.1201171875,0.011662294827948783,13893.83984375,0.02049681043012841,26827.4296875,0.0065485978596364625,21412.400390625,-0.004131395096392598,3251.070068359375,0.011206712469864488,,,1929.300048828125,-0.007153099368578886,75.98159790039062,-0.00056038128406799,23.8700008392334,-0.07012073360774285,,SENSEX_outperform,0.0024555500696534782,Q4,positive,risk_on
2022-03-28 12:13:00+05:30,2022-03-28,ATM_PLUS_300,300,17350.0,2022-03-31,2022-04-07,2022-03-31 15:31:00+05:30,2022-03-31 15:30:00+05:30,2022-03-31 15:29:00+05:30,587.5,587.5,587.5,587.5,True,True,266.43225,111.2775,2486.8187500000004,2278.320598215863,67251.51875,120.0,23.894464611875,0.06725151875,0.7184917500000001,0.16691625,0.8854080000000001,24.41630625,13.3216125,37.737918750000006,0.0,25.9131089035125,0.0,208.4981517841375,17153.0,17289.0,17294.900390625,17076.55078125,237100,17222.75,0.0038466563121453134,-0.004049875890900112,23.93000030517578,4543.06005859375,0.005066170567449069,14169.2998046875,-0.0015882393904287362,28149.83984375,0.0014033678605276378,21404.880859375,-0.024654589053397014,3212.239990234375,-0.011697531710391229,57362.19921875,-0.0040537844160674075,1954.199951171875,-0.004077056466759266,76.32350158691406,-0.002990070836035863,20.809999465942383,-0.03968623014876527,3.908525167295451e-06,NIFTY_outperform,0.001681898756777267,Q4,flat,mixed
2022-04-04 09:20:00+05:30,2022-04-04,ATM_PLUS_300,300,18150.0,2022-04-07,2022-04-13,2022-04-07 15:31:00+05:30,2022-04-07 15:30:00+05:30,2022-04-07 15:25:00+05:30,2675.0,2675.0,2675.0,2675.0,True,True,23.94,476.1875,5480.425000000039,5254.080747778165,66879.6875,120.0,23.76235296875,0.0668796874999999,0.5895451875,0.71428125,1.3038264375,22.22180625,1.197,23.41880625,31.903125000000045,25.889261878125,25522.50000000004,226.34425222187508,17670.44921875,17436.900390625,17703.69921875,17422.69921875,291800,17464.75,-0.001594618266794523,0.011777965258592316,20.559999465942383,4545.85986328125,0.0034102225843584133,14261.5,0.0028817842175135056,27665.98046875,-0.005587391463920399,22039.55078125,0.0019412403427443436,3282.719970703125,0.009384422848986551,59276.69140625,0.012091474867941487,1923.699951171875,-0.013082290498042104,75.9092025756836,0.001073559340212693,19.6299991607666,-0.04523347905316466,-0.0003135096093491718,SENSEX_outperform,0.007846455339566516,Q4,positive,risk_on
2022-04-11 10:30:00+05:30,2022-04-11,ATM_PLUS_350,350,18050.0,2022-04-13,2022-04-21,2022-04-13 15:31:00+05:30,2022-04-13 15:29:00+05:30,2022-04-13 15:29:00+05:30,882.499999999996,882.499999999996,882.499999999996,882.499999999996,True,True,11.022375000000002,580.898625,998.1812499999252,766.0320695742377,72796.34375,120.0,25.864540934375,0.0727963437499999,0.6363869999999999,0.8713479375000001,1.5077349375,21.987393750000003,0.5511187500000001,22.538512500000003,35.89687499999991,26.2687207100625,28717.499999999927,232.1491804256874,17784.349609375,17698.150390625,17842.75,17600.55078125,274400,17639.55078125,0.0033220579198245392,0.008208759390795572,19.0,4488.27978515625,-0.002651026482054286,13711.0,-0.013405467774730062,26985.80078125,0.0036160520109467242,21872.009765625,0.002890061594823967,3251.85009765625,0.00468073862666496,59447.1796875,0.006982820756269437,1945.5999755859375,0.004025145299448862,75.91320037841797,-0.00042002050174216876,21.15999984741211,-0.018097420113952323,0.0012259386345261358,NIFTY_outperform,-0.0024431154191377757,Q4,negative,risk_off
2022-04-19 15:04:00+05:30,2022-04-19,ATM_MINUS_250,-250,16750.0,2022-04-21,2022-04-28,2022-04-21 15:31:00+05:30,2022-04-21 15:29:00+05:30,2022-04-21 15:29:00+05:30,322.499999999998,322.499999999998,322.499999999998,322.499999999998,True,True,681.3922500000001,18.997375,1207.837500000079,978.244927157629,76781.175,120.0,27.2803514775,0.076781175,0.623154,0.0284960624999999,0.6516500625,20.989893750000004,34.069612500000005,55.05950625000001,0.0,26.524283877450003,0.0,229.59257284245,17173.650390625,17183.44921875,17237.75,17067.849609375,376100,17475.650390625,-0.016720474794560736,-0.017281188010147552,17.790000915527344,4391.68994140625,-0.0002048682840329885,13332.3603515625,-0.0014021132712079831,26799.7109375,-0.010832187776664615,,,3195.52001953125,-0.004896884878729635,57166.73828125,-0.0200927821701391,1986.4000244140625,0.00582307957761663,76.3313980102539,0.00029614234108610304,22.170000076293945,-0.023348047085126056,0.0028115941599915484,NIFTY_outperform,0.004966843168739743,Q3,positive,risk_off
2022-04-25 12:39:00+05:30,2022-04-25,ATM_MINUS_350,-350,16600.0,2022-04-28,2022-05-05,2022-04-28 15:31:00+05:30,2022-04-28 15:29:00+05:30,2022-04-28 15:30:00+05:30,160.00000000000014,160.00000000000014,160.00000000000014,160.00000000000014,True,True,663.3375000000001,26.56625,-376.1124999999538,-611.1548045677288,83364.7875,120.0,29.619508998750003,0.0833647875,0.7324766249999999,0.039849375,0.7723259999999998,24.4537125,33.166875000000005,57.620587500000006,0.0,26.946517281525,0.0,235.04230456777495,17171.94921875,17242.75,17315.30078125,17149.19921875,262700,17392.599609375,-0.008615710862120207,-0.012686452605167986,17.850000381469727,4271.77978515625,-0.027740054250753654,12839.2900390625,-0.025454971602217213,27105.259765625,-0.016252306363141567,20638.51953125,-0.002112982570986577,3086.919921875,0.0023085395352258065,57197.1484375,-0.012338292618271796,1934.300048828125,-0.007134741141631262,76.28520202636719,0.00011802745318556518,28.209999084472656,0.2438271033900683,-0.00034815998689619043,SENSEX_outperform,-0.00948631022750357,Q3,negative,risk_off
2022-05-02 09:20:00+05:30,2022-05-02,ATM_MINUS_50,-50,16950.0,2022-05-05,2022-05-12,2022-05-05 15:31:00+05:30,2022-05-05 15:29:00+05:30,2022-05-05 15:29:00+05:30,55.00000000000114,55.00000000000114,55.00000000000114,55.00000000000114,True,True,65.83500000000001,349.621875,-864.0437500000701,-1071.2519958995829,59652.70625,120.0,21.194606530625,0.05965270625,0.5838309374999999,0.5244328125000001,1.10826375,19.41883125,3.2917500000000004,22.71058125,16.70937499999991,25.425766662637503,13367.499999999927,207.2082458995125,17102.55078125,17329.25,17377.650390625,17053.25,336200,17245.05078125,0.004882514978822083,-0.008263240381694681,19.3799991607666,4131.93017578125,-0.036284507106413955,12334.6396484375,-0.04171148368488564,,,21089.390625,0.04010721483684421,3047.06005859375,0.024056649211171344,57060.87109375,-0.008000330857088955,1911.699951171875,0.010786179779559646,76.58899688720703,0.0015273315425838874,33.400001525878906,0.11370462756871169,-0.0002629095246057256,SENSEX_outperform,-0.010413742650321911,Q4,negative,risk_off
2022-05-09 09:20:00+05:30,2022-05-09,ATM_MINUS_300,-300,15900.0,2022-05-12,2022-05-19,2022-05-12 15:31:00+05:30,2022-05-12 15:30:00+05:30,2022-05-12 15:30:00+05:30,122.50000000000227,122.50000000000227,122.50000000000227,122.50000000000227,True,True,166.5825,246.965875,577.8125000000074,366.1053843281824,70884.6125,120.0,25.18530282125,0.0708846125,0.7531531874999999,0.3704488125,1.123602,25.102087500000007,8.329125,33.43121250000001,5.75,26.146113738075,4600.0,211.70711567182505,16411.25,16415.55078125,16484.19921875,16340.900390625,300500,16682.650390625,-0.016010622000752317,-0.0162684216398562,20.290000915527344,4123.33984375,-0.0056742248424840325,12144.66015625,-0.014047298430269972,27003.560546875,0.006899380944858979,20001.9609375,-0.038062050374494394,3001.56005859375,-0.021579247060115603,54835.578125,-0.015558665002404326,1882.800048828125,0.003785305667793004,76.54180145263672,0.007107735420584627,30.190000534057617,-0.032371801416157364,-0.0007097566374518749,SENSEX_outperform,-0.011184389043339182,Q4,negative,risk_off
2022-05-16 09:20:00+05:30,2022-05-16,ATM_MINUS_300,-300,15550.0,2022-05-19,2022-05-26,2022-05-19 15:31:00+05:30,2022-05-19 15:29:00+05:30,2022-05-19 15:29:00+05:30,942.4999999999998,942.4999999999998,942.4999999999998,942.4999999999998,True,True,362.59125,125.3125,-288.3312499999775,-505.58491540624,74300.33125000002,120.0,26.398907693125008,0.07430033125,0.7363111875,0.18796875,0.9242799375,25.361437500000005,18.1295625,43.491,0.0,26.3651774443875,0.0,217.25366540626248,15782.150390625,15977.0,16083.599609375,15740.849609375,369100,15808.0,0.010690789473684292,-0.0016352232651188903,24.270000457763672,4023.889892578125,0.02386969542307149,11805.0,0.03817092317214654,26427.650390625,0.02636751143203786,19898.76953125,0.026750288781297593,3084.280029296875,0.009587605575183122,52793.62109375,-0.0025824051215930233,1808.199951171875,-0.008988284902720078,77.44380187988281,0.000328064816699003,28.8700008392334,-0.09128106946002879,0.000947181856474133,NIFTY_outperform,0.003988633816808251,Q4,positive,risk_on
2022-05-23 09:20:00+05:30,2022-05-23,ATM_MINUS_400,-400,15850.0,2022-05-26,2022-06-02,2022-05-26 15:31:00+05:30,2022-05-26 15:29:00+05:30,2022-05-26 15:29:00+05:30,919.9999999999987,919.9999999999987,919.9999999999987,919.9999999999987,True,True,411.369,75.1875,1579.5750000000198,1353.5576942721698,81125.525,120.0,28.8238990325,0.0811255249999999,0.8402954999999999,0.11278125,0.95307675,28.78785,20.56845,49.356300000000005,0.0,26.80290442035,0.0,226.01730572785,16266.150390625,16043.7998046875,16283.0498046875,16003.849609375,252400,15809.400390625,0.014826584707254176,0.028891038794289337,24.559999465942383,3901.360107421875,0.00014614176965843662,11354.6201171875,-0.002974920561311878,26739.029296875,0.01273307928671863,20717.240234375,0.02964912498684691,3146.570068359375,0.01601896958553417,54326.390625,0.029060339800534463,1842.0999755859375,0.0004888249174075376,77.42109680175781,-0.0051259688335997255,29.43000030517578,0.002725721385562929,-0.00016930100624512612,SENSEX_outperform,0.0015246265460444608,Q4,flat,mixed
2022-05-30 09:20:00+05:30,2022-05-30,ATM_MINUS_100,-100,16450.0,2022-06-02,2022-06-09,2022-06-02 15:31:00+05:30,2022-06-02 15:29:00+05:30,2022-06-02 15:29:00+05:30,512.5,512.5,512.5,512.5,True,True,279.20025,101.2525,419.34375000000017,221.55156402388764,55238.85625,120.0,19.626365625625,0.05523885625,0.5369139374999999,0.15187875,0.6887926874999999,18.3190875,13.9600125,32.2791,0.0,25.1426888067375,0.0,197.7921859761125,16352.4501953125,16296.599609375,16370.599609375,16221.9501953125,274100,16170.150390625,0.007819916061096777,0.011273847198922216,22.719999313354492,4158.240234375,0.02474226295510973,12131.1298828125,0.03325876158439245,26781.6796875,0.0066469050288811005,20697.359375,0.028890157128107496,3130.239990234375,0.00228294314553823,54884.66015625,0.011651602085386514,1851.300048828125,0.002002637633188975,77.63020324707031,0.0017149507675242592,25.719999313354492,-0.06472729769620034,-0.0003777548864642988,SENSEX_outperform,0.010729290914629708,Q4,positive,risk_on
2022-06-06 09:20:00+05:30,2022-06-06,ATM_MINUS_200,-200,16350.0,2022-06-09,2022-06-16,2022-06-09 15:31:00+05:30,2022-06-09 15:29:00+05:30,2022-06-09 15:29:00+05:30,222.499999999998,222.499999999998,222.499999999998,222.499999999998,True,True,235.41000000000005,103.057,330.4562500000742,130.5857597350867,58800.29375,120.0,20.891744369375,0.0588002937499999,0.6263870625,0.1545855,0.7809725624999999,20.997375,11.770500000000002,32.767875000000004,0.0,25.3710980393625,0.0,199.8704902649875,16584.30078125,16761.650390625,16793.849609375,16567.900390625,245500,16628.0,0.008037670833834554,-0.002628050201467391,20.31999969482422,4108.5400390625,-0.016347313992415624,12012.73046875,-0.024695330174669516,27761.5703125,0.012682970897427648,,,,,55769.23046875,-0.0008756818673598676,1850.199951171875,-0.011328456217598482,77.3604965209961,-0.00288206344256714,24.790000915527344,0.0028317801018318267,-0.0017523683341075236,SENSEX_outperform,-0.0032320664709964975,Q4,negative,risk_off
2022-06-13 09:28:00+05:30,2022-06-13,ATM_MINUS_400,-400,15400.0,2022-06-16,2022-06-23,2022-06-16 15:31:00+05:30,2022-06-16 15:30:00+05:30,2022-06-16 15:30:00+05:30,134.99999999999872,134.99999999999872,134.99999999999872,134.99999999999872,True,True,181.545,247.166375,-1310.7937500000155,-1523.726847400378,75325.23125,120.0,26.763054663125,0.07532523125,0.8083408125,0.3707495624999999,1.179090375,26.94496875,9.07725,36.02221875,2.4624999999999773,26.430908380987496,1969.9999999999816,212.93309740036244,16201.7998046875,16283.9501953125,16324.7001953125,16172.599609375,189700,16478.099609375,-0.011782269719503358,-0.016767698414100085,19.139999389648438,3900.860107421875,-0.029110303335524668,11340.01953125,-0.03523930712446288,27824.2890625,-0.014948393480034183,21806.1796875,-0.00287488900999322,3284.830078125,0.014165123773068888,54303.44140625,-0.018380959401756436,1875.5,0.012251700439144697,77.8187026977539,0.0012146282706446687,27.75,0.06362590408982616,0.0016132609876563508,NIFTY_outperform,-0.020013208650201175,Q4,negative,risk_off
2022-06-20 09:20:00+05:30,2022-06-20,ATM_PLUS_300,300,15650.0,2022-06-23,2022-06-30,2022-06-23 15:31:00+05:30,2022-06-23 15:30:00+05:30,2022-06-23 15:29:00+05:30,615.0000000000006,615.0000000000006,615.0000000000006,615.0000000000006,True,True,140.29837500000002,198.896,2232.9812500000216,2026.0991632043592,64813.18125,120.0,23.028123298125003,0.06481318125,0.7103715,0.298344,1.0087155,24.1744125,7.0149187500000005,31.18933125,5.834375000000023,25.7567285662875,4667.500000000018,206.8820867956625,15293.5,15272.650390625,15400.400390625,15183.400390625,342600,15360.599609375,-0.005725637083615065,-0.00436829362663993,22.8700008392334,3674.840087890625,0.002200865698254617,10798.349609375,0.014301012162795113,25963.0,-0.017713884825092063,21075.0,0.011012980588146037,3316.7900390625,0.009560585798410237,51360.421875,-0.002628704015695482,1840.5999755859375,-0.005027325101566338,77.97769927978516,0.0009948548239637756,31.1299991607666,-0.05523525220126546,-0.0017395896109444475,SENSEX_outperform,0.0026808774969757643,Q4,positive,risk_on
2022-06-27 09:20:00+05:30,2022-06-27,ATM_MINUS_400,-400,15450.0,2022-06-30,2022-07-07,2022-06-30 15:31:00+05:30,2022-06-30 15:29:00+05:30,2022-06-30 15:29:00+05:30,362.4999999999993,362.4999999999993,362.4999999999993,362.4999999999993,True,True,348.775875,92.781375,-3483.806249999999,-3702.340570486512,75489.45625,120.0,26.821403805625,0.0754894562499999,0.7977393749999999,0.1391720625,0.9369114375,26.82028125,17.438793750000002,44.259075,0.0,26.4414407871375,0.0,218.53432048651248,15699.25,15657.400390625,15749.25,15619.4501953125,219600,15556.650390625,0.006476329895586996,0.009166472588529428,20.8799991607666,3911.739990234375,0.03056329358583576,11607.6201171875,0.03342444110524623,26491.970703125,0.012254695634522639,21719.060546875,0.0209266778556918,3349.75,0.008915289528149017,52727.98046875,0.008844453492758975,1830.300048828125,0.0002732539002390233,78.14240264892578,-0.0006483606184687352,27.229999542236328,-0.06265059354983915,0.00032201909577045384,NIFTY_outperform,0.014456117031864668,Q4,positive,risk_on
2022-07-04 09:20:00+05:30,2022-07-04,ATM_PLUS_400,400,16100.0,2022-07-07,2022-07-14,2022-07-07 15:31:00+05:30,2022-07-07 15:30:00+05:30,2022-07-07 15:30:00+05:30,410.0000000000023,410.0000000000023,410.0000000000023,410.0000000000023,True,True,180.796875,128.370125,1263.312500000022,1059.809953943472,64667.325,120.0,22.9763005725,0.064667325,0.7338299999999999,0.1925551875,0.9263851875,24.747975,9.03984375,33.78781875,0.0,25.74737422155,0.0,203.50254605655,15752.0498046875,15703.7001953125,15793.9501953125,15511.0498046875,364100,15780.25,-0.004850988082413132,-0.0017870563085186086,21.84000015258789,3825.330078125,0.010553814029047315,11127.849609375,0.008986463811260226,25935.619140625,-0.017331081911098112,,,3387.639892578125,-0.0032307890351869206,52907.9296875,-0.0020938124339260344,1801.5,-0.003209234034982633,78.96299743652344,0.0008200083586700213,26.700000762939453,-0.07001039309054802,0.0003067561254074258,NIFTY_outperform,-0.002637739545181983,Q4,negative,risk_on
2022-07-11 09:21:00+05:30,2022-07-11,ATM_MINUS_50,-50,16100.0,2022-07-14,2022-07-21,2022-07-14 15:31:00+05:30,2022-07-14 15:30:00+05:30,2022-07-14 15:30:00+05:30,80.00000000000114,80.00000000000114,80.00000000000114,80.00000000000114,True,True,72.81750000000001,243.2065,-453.7999999999769,-646.7584462939769,48541.0,120.0,17.2466173,0.048541,0.49112475,0.36480975,0.8559345,16.368975,3.6408750000000007,20.00985,10.084375000000025,24.713128494,8067.500000000018,192.95844629400003,16220.599609375,16273.650390625,16275.5,16157.900390625,281100,16132.900390625,0.008724407675745116,0.005436047866567373,19.200000762939453,3899.3798828125,-0.000830271529819071,11635.3095703125,0.001201234056863676,26517.189453125,0.0010064033055445787,21725.779296875,0.0037978568449994476,3356.080078125,-0.002472899910903603,54481.83984375,0.005599622082288036,1742.300048828125,0.0014945667237034055,79.22160339355469,0.0022481666322731186,24.639999389648438,-0.05521474456557396,-0.00016357421572066322,SENSEX_outperform,-0.005206294513378618,Q4,negative,mixed
2022-07-19 12:30:00+05:30,2022-07-19,ATM_MINUS_400,-400,15900.0,2022-07-21,2022-07-28,2022-07-21 15:31:00+05:30,2022-07-21 15:29:00+05:30,2022-07-21 15:30:00+05:30,117.50000000000183,117.50000000000183,117.50000000000183,117.50000000000183,True,True,722.738625,10.626499999999998,346.35000000000105,110.42757653177604,82370.4625,120.0,29.26622532625,0.0823704624999999,0.6854844374999999,0.01593975,0.7014241874999999,22.852725000000003,36.13693125,58.98965625,0.0,26.882747241975,0.0,235.92242346822505,16278.5,16151.400390625,16287.9501953125,16142.2001953125,227700,16049.2001953125,0.006367930742265271,0.014287304158276504,17.600000381469727,3830.85009765625,-0.008363571580831342,11360.0498046875,-0.008065554513161488,,,20846.1796875,0.027020717862698662,3278.10009765625,0.015501582422323024,54521.1484375,0.014143529350217454,1710.199951171875,0.003874134585889255,79.72049713134766,-0.0019755852279635944,25.299999237060547,0.04416012030702099,0.00014377480805904952,NIFTY_outperform,-0.005617851479712499,Q3,negative,risk_off
2022-07-25 09:20:00+05:30,2022-07-25,ATM_MINUS_250,-250,16450.0,2022-07-28,2022-08-04,2022-07-28 15:31:00+05:30,2022-07-28 15:29:00+05:30,2022-07-28 15:29:00+05:30,227.49999999999844,227.49999999999844,227.49999999999844,227.49999999999844,True,True,494.8597500000001,24.06,-307.30624999992244,-520.1270520066599,63862.91875,120.0,22.690495031875,0.06386291875,0.566763375,0.03609,0.6028533749999999,19.02481875,24.7429875,43.76780625,0.0,25.6957844311125,0.0,212.8208020067375,16719.44921875,16661.25,16752.25,16610.900390625,190900,16605.25,0.0033724273949504724,0.006877295960614926,16.860000610351562,3961.6298828125,-0.00933246697634671,11834.1103515625,-0.018698779929550824,27914.66015625,0.0040161189889580395,20609.140625,0.0016772969518077385,3269.969970703125,-0.0006204246017343928,56072.23046875,0.0070091161583938355,1727.4000244140625,0.008170888175858204,79.7759017944336,-0.002843640493043864,23.030000686645508,-0.003461701496893066,-0.00013182019777890908,SENSEX_outperform,-0.0034031287009258504,Q3,negative,risk_off
2022-08-01 09:21:00+05:30,2022-08-01,ATM_MINUS_350,-350,16850.0,2022-08-04,2022-08-11,2022-08-04 15:31:00+05:30,2022-08-04 15:29:00+05:30,2022-08-04 15:30:00+05:30,907.5000000000016,907.5000000000016,907.5000000000016,907.5000000000016,True,True,542.3407500000001,36.2905,-499.8562499999906,-722.2862504034781,72876.79375,120.0,25.893124819375,0.0728767937499999,0.6472139999999998,0.05443575,0.7016497499999998,22.37143125,27.1170375,49.48846875,0.0,26.2738802903625,0.0,222.4300004034875,17158.25,17079.5,17172.80078125,17018.150390625,436100,16929.599609375,0.008854337614812247,0.013505953826479233,17.010000228881836,4130.2900390625,0.014207760082581844,12390.6904296875,0.018754277573103773,27801.640625,-0.0004975590396703033,20156.509765625,-0.022604721061422417,3253.239990234375,-0.008938117941477253,57570.25,0.01253057759099363,1762.9000244140625,0.007198751776515966,79.57150268554688,-0.00345526812295871,21.329999923706055,-0.04478280355650055,0.0009753762354856033,NIFTY_outperform,0.004950925575160747,Q3,positive,risk_on
2022-08-08 09:20:00+05:30,2022-08-08,ATM_PLUS_400,400,17800.0,2022-08-11,2022-08-18,2022-08-11 15:31:00+05:30,2022-08-11 15:30:00+05:30,2022-08-11 15:29:00+05:30,77.49999999999773,77.49999999999773,77.49999999999773,77.49999999999773,True,True,71.72025000000001,207.718,208.73125000000243,4.084919301564923,61524.21874999999,120.0,21.859554921874995,0.0615242187499999,0.7139053124999999,0.311577,1.0254823125,23.7554625,3.5860125000000003,27.341475,8.8125,25.5457942453125,7050.0,204.6463306984375,17397.5,17423.650390625,17474.400390625,17348.75,355300,17382.0,0.0023961794169256034,0.0008917270739845495,19.260000228881836,4145.18994140625,-0.0016257460597355333,12657.5498046875,-0.004954984210656432,28175.869140625,0.008723621078551957,20201.939453125,0.0013829848618098772,3227.030029296875,0.011912672706844818,58387.9296875,0.0015288291535262566,1791.199951171875,-0.008688955133131171,79.15489959716797,0.00046257572423424875,21.149999618530273,-0.013526161767891565,-0.0006371020795417071,SENSEX_outperform,0.00022991809167982602,Q4,flat,risk_off
2022-08-18 11:33:00+05:30,2022-08-18,ATM_MINUS_300,-300,17550.0,2022-08-18,2022-08-25,2022-08-18 15:31:00+05:30,2022-08-18 15:29:00+05:30,2022-08-18 15:30:00+05:30,27.50000000000128,27.50000000000128,27.50000000000128,27.50000000000128,True,True,469.52325,20.601375,2055.687499999999,1845.545902925474,61668.662500000006,120.0,21.910875786250003,0.0616686625,0.5584175625000001,0.0309020625,0.5893196250000001,18.5485125,23.4761625,42.024675,0.0,25.55505800077501,0.0,210.14159707452504,17944.25,17868.150390625,17965.94921875,17833.349609375,262800,17825.25,0.0024067202774153973,0.006675923198833145,17.68000030517578,4274.0400390625,-0.007237794954094601,12938.1201171875,-0.012549441898795477,29222.76953125,0.012257455272290274,19922.44921875,0.0046357679815263175,3292.530029296875,0.004469396990778307,60260.12890625,0.006983665245698933,1776.699951171875,-0.0072637874250863765,79.14600372314453,-0.005114816520474741,19.899999618530273,0.010665265554941072,-0.00030774204686578877,SENSEX_outperform,-0.002541182238042783,Q3,negative,risk_off
2022-08-25 14:56:00+05:30,2022-08-25,ATM_MINUS_250,-250,17350.0,2022-08-25,2022-09-01,2022-08-25 15:31:00+05:30,2022-08-25 15:29:00+05:30,2022-08-25 15:30:00+05:30,482.4999999999996,482.4999999999996,482.4999999999996,482.4999999999996,True,True,261.345,100.0495,-155.51875000003292,-348.17094416967046,50186.01875,120.0,17.831092461875002,0.05018601875,0.4757113124999999,0.15007425,0.6257855625,16.25925,13.06725,29.326500000000003,0.0,24.818630126512502,0.0,192.65219416963757,17604.94921875,17525.44921875,17623.650390625,17499.25,262000,17577.5,-0.002961216398805311,0.001561611079505143,19.049999237060547,4140.77001953125,0.0029161604463010526,12431.5302734375,0.004056962479091597,28313.470703125,-0.004895108447338092,19268.740234375,-0.012024137803955726,3215.199951171875,-0.01862512898306834,59085.4296875,0.0009169526257024607,1761.5,0.00017036613470566841,79.85449981689453,-0.0003667436478137498,22.81999969482422,-0.05350480642350064,0.0006446584538026823,NIFTY_outperform,0.004206247932321938,Q4,positive,risk_on
2022-08-29 15:29:00+05:30,2022-08-29,ATM_MINUS_100,-100,17250.0,2022-09-01,2022-09-08,2022-09-01 15:31:00+05:30,2022-09-01 15:29:00+05:30,2022-09-01 15:29:00+05:30,882.4999999999989,882.4999999999989,882.4999999999989,882.4999999999989,True,True,403.339125,67.718875,2942.6562500000414,2740.2442679164537,55893.19375,120.0,19.858851739375,0.0558931937499999,0.4730797499999999,0.1015783125,0.5746580625,16.570968750000002,20.16695625,36.737925,0.0,25.1846540879625,0.0,202.41198208358756,17558.900390625,17619.30078125,17685.849609375,17519.349609375,266600,17522.44921875,0.00552728453031337,0.002080255529346653,19.56999969482422,4057.659912109375,-0.03368805871951874,12141.7099609375,-0.039366165036856526,28641.380859375,0.005701430460057111,20170.0390625,0.010098876045341543,3236.219970703125,-0.003089727931266828,58833.87109375,0.001006424956308205,1749.800048828125,-0.012193731109991557,79.88289642333984,0.0010789620471156613,25.559999465942383,0.17355365748976292,0.0010738305730384479,NIFTY_outperform,-0.021086172354943256,Q4,negative,risk_off
2022-09-05 09:22:00+05:30,2022-09-05,ATM_PLUS_50,50,17650.0,2022-09-08,2022-09-15,2022-09-08 15:31:00+05:30,2022-09-08 15:30:00+05:30,2022-09-08 15:30:00+05:30,135.00000000000085,135.00000000000085,135.00000000000085,135.00000000000085,True,True,254.3625,88.22,912.8750000000052,716.8717901187304,53828.7875,120.0,19.12536819875,0.0538287874999999,0.5498461874999999,0.13233,0.6821761874999999,18.37145625,12.718125,31.08958125,0.0,25.052255457525003,0.0,196.00320988127504,17539.44921875,17598.400390625,17643.849609375,17476.44921875,256300,17542.80078125,0.0031693690231280325,-0.0001910505934481499,19.8700008392334,3924.260009765625,-0.010736500458081055,11630.8603515625,-0.013090185070848248,27650.83984375,-0.00038432010680466977,19452.08984375,-0.007410236357567768,3186.47998046875,0.0004709605740691458,58803.328125,0.00062515591508161,1722.5999755859375,0.007780919895796323,79.716796875,0.0021119020353672635,25.469999313354492,-0.003521132803927185,-0.0008162065085297598,SENSEX_outperform,0.0003991003316408115,Q4,flat,risk_off
2022-09-12 09:20:00+05:30,2022-09-12,ATM_MINUS_250,-250,17650.0,2022-09-15,2022-09-22,2022-09-15 15:31:00+05:30,2022-09-15 15:29:00+05:30,2022-09-15 15:30:00+05:30,4.999999999998295,4.999999999998295,4.999999999998295,4.999999999998295,True,True,306.78112500000003,78.09475,-31.268750000073453,-234.00650891613597,59478.78125,120.0,21.132810978125,0.0594787812499999,0.6049586250000001,0.117142125,0.7221007500000001,20.0697,15.339056250000002,35.40875625,0.0,25.4146121566875,0.0,202.7377589160625,17833.349609375,17923.349609375,17925.94921875,17786.0,270300,17798.75,0.00700046966079082,0.0019439347917691308,18.309999465942383,4067.360107421875,0.015271449816332883,12112.3095703125,0.02109062115923166,28214.75,0.005325822755722243,19362.25,0.02692342155462768,3262.050048828125,0.00817778526288837,59793.140625,0.0017578322355280562,1728.5999755859375,0.004883167452911508,79.706298828125,0.0007093007673761864,22.790000915527344,-0.03473103234333241,0.00018610255624107452,NIFTY_outperform,0.0032242961226853772,Q4,positive,risk_on
2022-09-19 09:30:00+05:30,2022-09-19,ATM_MINUS_350,-350,17150.0,2022-09-22,2022-09-29,2022-09-22 15:31:00+05:30,2022-09-22 15:29:00+05:30,2022-09-22 15:29:00+05:30,1762.4999999999973,1762.4999999999973,1762.4999999999973,1762.4999999999973,True,True,541.692375,34.937125,2982.181250000036,2752.6092994596984,80059.56874999999,120.0,28.445164776875004,0.08005956875,0.7439051250000001,0.0524056875,0.7963108125,26.431256250000004,27.08461875,53.515875,0.0,26.734540382212497,0.0,229.5719505403375,17530.849609375,17796.80078125,17820.05078125,17497.25,468500,17877.400390625,-0.004508463625240933,-0.019384853148544656,18.389999389648438,3873.330078125,-0.007182134089448455,11448.400390625,-0.008999023383428173,27567.650390625,-0.011058285232558918,18761.689453125,-0.00891114698130635,3126.39990234375,-0.02297558105396924,58840.7890625,-0.018240438523957403,1683.5,0.003696387641678456,79.8490982055664,0.004976495932699221,26.299999237060547,0.001141940570009048,-0.0011444146245872533,SENSEX_outperform,0.0005590591139836842,Q4,flat,risk_off
2022-09-26 10:18:00+05:30,2022-09-26,ATM_PLUS_400,400,17450.0,2022-09-29,2022-10-06,2022-09-29 15:31:00+05:30,2022-09-29 15:29:00+05:30,2022-09-29 15:29:00+05:30,237.4999999999972,237.4999999999972,237.4999999999972,237.4999999999972,True,True,13.86525,627.414625,1020.787500000074,774.298581331974,85760.90000000001,120.0,30.47084777000001,0.0857609,0.8039047500000001,0.9411219375,1.7450266875000002,26.90008125,0.6932625000000001,27.59334375,39.49375000000009,27.1001895606,31595.000000000076,246.48891866810007,17327.349609375,17593.849609375,17642.150390625,17291.650390625,390800,17629.80078125,-0.0020392273469836963,-0.017155677232420508,18.81999969482422,3693.22998046875,-0.017232619015461026,10867.9296875,-0.017970841690997275,,,17933.26953125,-0.011829418570237005,3088.3701171875,-0.006606751402435718,58098.921875,-0.017266605738038954,1655.5999755859375,-0.015168639801515726,81.06220245361328,0.012635806566750007,29.920000076293945,0.09396708076704297,0.00011092850561844614,NIFTY_outperform,-0.009871609448709573,Q4,negative,risk_off
2022-10-03 09:20:00+05:30,2022-10-03,ATM_MINUS_350,-350,16750.0,2022-10-06,2022-10-13,2022-10-06 15:31:00+05:30,2022-10-06 15:28:00+05:30,2022-10-06 15:30:00+05:30,442.50000000000114,442.50000000000114,442.50000000000114,442.50000000000114,True,True,583.5375,24.06,-796.4062499999557,-1026.087478460593,79491.26874999999,120.0,28.243247786875,0.0794912687499999,0.731875125,0.03609,0.7679651249999999,24.71555625,29.176875,53.89243125,0.0,26.698093030012497,0.0,229.68122846063747,17094.349609375,16798.05078125,17187.099609375,16747.69921875,376100,16818.099609375,-0.0011920983101934013,0.01642575596626905,21.299999237060547,3585.6201171875,-0.015066695771983274,10575.6201171875,-0.015077019902302924,25937.2109375,-0.01834981878446995,17222.830078125,0.003318267023555199,3024.389892578125,-0.005527442740906441,57426.921875,0.01802803832157851,1672.0,0.002037651003122365,81.48059844970703,0.000637307724343783,31.6200008392334,-0.0069095261400811125,-0.001602282355309459,SENSEX_outperform,0.00045336618105373816,Q4,flat,risk_off
2022-10-10 09:20:00+05:30,2022-10-10,ATM_MINUS_100,-100,16950.0,2022-10-13,2022-10-20,2022-10-13 15:32:00+05:30,2022-10-13 15:29:00+05:30,2022-10-13 15:30:00+05:30,167.4999999999983,167.4999999999983,167.4999999999983,167.4999999999983,True,True,235.41000000000005,162.405,508.2687500000745,311.838704588812,56682.83125,120.0,20.139409943125003,0.05668283125,0.5507484375,0.2436075,0.7943559375,18.433800000000005,11.770500000000002,30.204300000000007,0.0,25.235296699387497,0.0,196.4300454112625,17314.650390625,17287.19921875,17337.349609375,17216.94921875,216300,17331.80078125,-0.002573394597764511,-0.0009895331040011834,19.31999969482422,3639.659912109375,-0.028003617786773516,10652.400390625,-0.038011145359464704,27116.109375,-0.007146909911519339,17740.05078125,-0.015106447785191879,,,58191.2890625,-0.0005292234250068306,1709.300048828125,-0.0066829379786638166,82.3489990234375,0.008575695915630455,31.360000610351562,0.027522940366608406,-0.0004603096789943528,SENSEX_outperform,-0.012723374499625018,Q4,negative,risk_off
2022-10-17 09:20:00+05:30,2022-10-17,ATM_MINUS_350,-350,16800.0,2022-10-20,2022-10-27,2022-10-20 15:31:00+05:30,2022-10-20 15:30:00+05:30,2022-10-20 15:30:00+05:30,420.0000000000024,420.0000000000024,420.0000000000024,420.0000000000024,True,True,752.6137500000001,8.571375,-694.4062500000257,-934.3322033140382,85668.20625,120.0,30.437913680625,0.08566820625,0.7096196249999999,0.0128570624999999,0.7224766874999998,23.9549625,37.63068750000001,61.58565000000001,0.0,27.0942447396375,0.0,239.9259533140125,17185.69921875,17322.30078125,17348.55078125,17169.75,227000,17014.349609375,0.018099497127137765,0.010070888003887335,20.290000915527344,3583.070068359375,-0.02366266361565439,10321.3896484375,-0.030778111883558834,27090.759765625,0.032523771250790645,16587.689453125,0.012116587520485611,3071.989990234375,0.018442719314454736,57919.96875,0.011961853761103036,1648.9000244140625,-0.01675609754677254,82.19210052490234,-9.606354784674753e-05,32.02000045776367,0.0025046938750283854,-0.0018909657572157013,SENSEX_outperform,-0.002379794792136125,Q4,negative,risk_off
2022-10-25 09:23:00+05:30,2022-10-25,ATM_MINUS_350,-350,17400.0,2022-10-27,2022-11-03,2022-10-27 15:31:00+05:30,2022-10-27 15:30:00+05:30,2022-10-27 15:30:00+05:30,87.49999999999929,87.49999999999929,87.49999999999929,87.49999999999929,True,True,399.0,36.09,1282.0687499999678,1072.6249716644054,63126.78125,120.0,22.428945378125,0.06312678125,0.6208231874999999,0.0541349999999999,0.6749581874999999,20.678175000000003,19.95,40.628175,0.0,25.648572988687494,0.0,209.4437783355625,17730.75,17736.349609375,17777.55078125,17707.400390625,45000,17576.30078125,0.00910594499473616,0.008787356376761757,17.280000686645508,3797.340087890625,0.011881976654619875,10952.6103515625,0.00855368530117695,26974.900390625,0.003135682170299914,15180.6904296875,-0.06356313937909253,2977.56005859375,-0.020194566649236023,59831.66015625,0.00884398816278864,1654.0999755859375,-0.00132830596952771,82.54129791259766,-0.0034337282254357504,29.850000381469727,0.005389014635704514,-5.66317860268839e-05,SENSEX_outperform,0.004373801517138398,Q3,positive,risk_on
2022-10-31 09:28:00+05:30,2022-10-31,ATM_MINUS_300,-300,17650.0,2022-11-03,2022-11-10,2022-11-03 15:31:00+05:30,2022-11-03 15:29:00+05:30,2022-11-03 15:30:00+05:30,32.500000000000284,32.500000000000284,32.500000000000284,32.500000000000284,True,True,455.8575,27.017375,1238.3999999999646,1026.0178086679396,64586.1625,120.0,22.94746353625,0.0645861625,0.6076653750000001,0.0405260624999999,0.6481914375000001,20.18690625,22.792875,42.97978125,0.0,25.742168945775003,0.0,212.38219133202503,17786.80078125,17756.400390625,17838.900390625,17723.69921875,250000,17736.94921875,0.0010966469845015148,0.002810605244745412,16.600000381469727,3901.06005859375,0.024626377895927698,11102.4501953125,0.028702839582782413,27105.19921875,-0.008778164447180492,14863.0595703125,-0.03661414574093236,2915.929931640625,-0.022451296689675937,59959.8515625,0.003397296766040947,1644.800048828125,-0.012487948524672277,82.44249725341797,0.004788549436254286,25.75,-0.05987584615530317,-0.0005866915212955348,SENSEX_outperform,0.006937640951715229,Q3,positive,risk_on
2022-12-12 09:34:00+05:30,2022-12-12,ATM_MINUS_250,-250,18150.0,2022-12-15,2022-12-22,2022-12-15 15:31:00+05:30,2022-12-15 15:29:00+05:30,2022-12-15 15:30:00+05:30,187.4999999999993,187.4999999999993,187.4999999999993,187.4999999999993,True,True,304.53675000000004,37.0925,227.19374999992965,30.33438796864212,52088.49375,120.0,18.507041829375,0.0520884937499999,0.52360575,0.05563875,0.5792444999999999,17.55350625,15.226837500000002,32.78034375,0.0,24.9406434581625,0.0,196.85936203128756,18496.599609375,18662.400390625,18664.69921875,18410.099609375,215800,18609.349609375,0.0028507595570816946,-0.006058782405979346,13.399999618530273,3934.3798828125,-0.007349578247904498,11004.6201171875,-0.006982483560052377,27901.009765625,0.011843584140311059,19900.869140625,0.023168808852883638,3206.949951171875,0.0030024405280679733,62181.671875,-0.0062170942435473275,1810.699951171875,0.005106828294129784,82.2791976928711,0.0003123976510441828,22.829999923706055,0.024226064872098885,0.0001583118375679815,NIFTY_outperform,-0.005106301738949326,Q2,negative,risk_off
2022-12-20 12:32:00+05:30,2022-12-20,ATM_MINUS_400,-400,17850.0,2022-12-22,2022-12-29,2022-12-22 15:31:00+05:30,2022-12-22 15:29:00+05:30,2022-12-22 15:30:00+05:30,922.5,922.5,922.5,922.5,True,True,345.883125,39.0975,2279.662500000072,2069.3397749189216,65094.225000000006,120.0,23.1279781425,0.065094225,0.6755596875000001,0.05864625,0.7342059375000001,23.326537500000004,17.29415625,40.62069375,0.0,25.77475302615,0.0,210.32272508115,18420.44921875,18288.099609375,18431.650390625,18244.55078125,154800,18269.0,0.0010454655085117004,0.008289956688926514,14.069999694824219,3817.659912109375,-0.009007516001852345,10546.0302734375,-0.014887788556092962,27237.640625,-0.010516120998574907,19352.810546875,-0.0050311570446189835,3107.1201171875,-0.01917314308006768,61806.19140625,0.007636119112147899,1797.699951171875,-0.0013887346227137165,82.72599792480469,-0.0015919374981526735,22.420000076293945,-0.008841766380156879,0.0006538375767786153,NIFTY_outperform,-0.004351057704847783,Q2,negative,risk_off
2023-01-02 09:45:00+05:30,2023-01-02,ATM_PLUS_400,400,18550.0,2023-01-05,2023-01-12,2023-01-05 15:31:00+05:30,2023-01-05 15:29:00+05:30,2023-01-05 15:28:00+05:30,1417.5000000000011,1417.5000000000011,1417.5000000000011,1417.5000000000011,True,True,5.08725,534.3325,2737.581249999931,2506.871936191844,71029.94375,120.0,25.236939014375004,0.07102994375,0.6412741875,0.80149875,1.4427729375,22.68315,0.2543625,22.9375125,34.86562499999991,26.1554344124625,27892.499999999927,230.70931380808744,18105.30078125,18259.099609375,18265.25,18080.30078125,192000,18191.0,0.0037435880036831293,-0.00471107793689185,14.8100004196167,3839.5,-0.0025407424823445934,10466.48046875,-0.0011079667356473921,26094.5,3.181147487052449e-05,19781.41015625,0.002039878648096183,3089.260009765625,0.0050623219054994895,60840.73828125,-0.004795060124510253,1826.199951171875,0.00010950228470707479,82.83509826660156,-0.0002039674289339155,21.670000076293945,0.010727590322163083,8.398218761840326e-05,NIFTY_outperform,0.0014580502041334764,Q2,flat,risk_off
2023-01-19 15:17:00+05:30,2023-01-19,ATM_MINUS_350,-350,17750.0,2023-01-19,2023-01-25,2023-01-19 15:32:00+05:30,2023-01-19 15:29:00+05:30,2023-01-19 15:29:00+05:30,7.49999999999833,7.49999999999833,7.49999999999833,7.49999999999833,True,True,368.526375,20.300625,-567.5187499999254,-770.8072704276879,56963.83125000001,120.0,20.23924924312501,0.05696383125,0.5641318125,0.0304509375,0.59458275,18.718087500000003,18.426318750000004,37.14440625,0.0,25.2533183533875,0.0,203.2885204277625,18165.349609375,18074.30078125,18183.75,18032.44921875,255800,18053.30078125,0.001163222186039814,0.006206556323560042,14.59000015258789,3928.860107421875,-0.015562598500411085,10957.009765625,-0.012446977232457357,26791.119140625,0.024960688945471432,21678.0,0.0046510819576688345,3224.409912109375,5.270137319635104e-05,61045.73828125,0.006430053740810626,1907.0,-0.0015184168684181376,81.52549743652344,-0.0015566645518703126,20.34000015258789,0.0506198094700645,-0.00022349741725058436,SENSEX_outperform,-0.002507456729679003,Q2,negative,risk_off
2023-01-23 09:34:00+05:30,2023-01-23,ATM_MINUS_400,-400,17750.0,2023-01-25,2023-02-02,2023-01-25 15:32:00+05:30,2023-01-25 15:29:00+05:30,2023-01-25 15:30:00+05:30,332.5000000000017,332.5000000000017,332.5000000000017,332.5000000000017,True,True,263.489625,85.21249999999999,2036.974999999967,1832.773155939617,62186.775,120.0,22.0949611575,0.062186775,0.6679657499999999,0.12781875,0.7957844999999999,22.486143750000004,13.17448125,35.660625,0.0,25.58828662785,0.0,204.20184406035,18027.650390625,18115.599609375,18145.44921875,18016.19921875,237200,18107.849609375,0.0004279911843307893,-0.004428975305189153,13.960000038146973,3972.610107421875,0.018918401045981525,11140.4296875,0.02655298556861485,26553.529296875,0.0056162671369413,22044.650390625,0.018182544778662768,3264.81005859375,0.007570342400992303,60621.76953125,-0.0038886996832685483,1928.199951171875,0.00223500530341858,81.23979949951172,-0.0024092234020696157,19.850000381469727,-0.03265107511439913,-0.0005402756219206051,SENSEX_outperform,0.005036642388639656,Q2,positive,risk_on
2023-02-01 15:29:00+05:30,2023-02-01,ATM_MINUS_150,-150,17450.0,2023-02-02,2023-02-09,2023-02-02 15:31:00+05:30,2023-02-02 15:30:00+05:30,2023-02-02 15:30:00+05:30,494.99999999999886,494.99999999999886,494.99999999999886,494.99999999999886,True,True,267.379875,91.2275,1196.0437499999302,1000.8083703994678,52559.13125,120.0,18.674259333125,0.0525591312499999,0.5133050625000001,0.13684125,0.6501463125000001,17.518593750000004,13.36899375,30.88758750000001,0.0,24.970827323587503,0.0,195.2353796004625,17662.150390625,17731.44921875,17735.69921875,17537.55078125,398300,17648.94921875,0.0046744992564402565,0.0007479862801675896,17.709999084472656,4076.60009765625,0.014642470285510134,11584.5498046875,0.016740690038561823,27327.109375,-0.003874511147415882,21842.330078125,-0.010303723053935454,3255.669921875,-0.004175224878249728,59549.8984375,0.0008317300858942112,1929.5,0.0034323030329923565,81.57990264892578,0.0008821147765738502,19.399999618530273,-0.02708128891997874,-8.374380572662155e-05,SENSEX_outperform,0.008461552837265351,Q3,positive,risk_on
2023-02-06 09:42:00+05:30,2023-02-06,ATM_PLUS_350,350,18150.0,2023-02-09,2023-02-16,2023-02-09 15:31:00+05:30,2023-02-09 15:30:00+05:30,2023-02-09 15:29:00+05:30,202.50000000000057,202.50000000000057,202.50000000000057,202.50000000000057,True,True,31.42125,246.8155,2157.668749999968,1953.7988838047052,54958.83124999999,120.0,19.526872743125,0.0549588312499999,0.6142066874999998,0.37022325,0.9844299375,20.5734375,1.5710625,22.1445,16.034374999999955,25.1247296833875,12827.499999999964,203.8698661952625,17854.05078125,17721.75,17870.30078125,17584.19921875,424100,17610.400390625,0.0063229459242890584,0.013835596307890219,15.729999542236328,4136.47998046875,-0.010354610691310495,12006.9501953125,-0.015889924793735077,27509.4609375,0.00391978531488224,21660.470703125,-0.01356607143492472,3263.409912109375,-0.0067748770554901805,60841.87890625,0.015177818334286775,1876.5999755859375,-0.028071303020260174,82.0458984375,0.004107215620043236,18.329999923706055,-0.021356093342568938,-0.0013422220263965556,SENSEX_outperform,-0.001988344294241662,Q3,flat,risk_off
2023-02-20 09:55:00+05:30,2023-02-20,ATM_PLUS_350,350,18350.0,2023-02-23,2023-03-02,2023-02-23 15:31:00+05:30,2023-02-23 15:30:00+05:30,2023-02-23 15:29:00+05:30,2044.9999999999989,2044.9999999999989,2044.9999999999989,2044.9999999999989,True,True,2.4937500000000004,798.5413749999999,4078.268750000007,3827.038028846619,80786.64375,120.0,28.703494524375003,0.08078664375,0.5818760625,1.1978120625,1.7796881249999998,21.339018750000005,0.1246875,21.463706250000005,52.421875,26.7811706102625,41937.5,251.2307211533875,17944.19921875,17974.849609375,18034.25,17884.599609375,208100,18035.849609375,-0.003382152841210906,-0.005081567689351307,12.890000343322754,4079.090087890625,-0.002767405825327751,11787.26953125,-0.005782855053017344,27513.130859375,-0.0066184895015203304,20719.810546875,-0.012762701910078,3224.02001953125,-0.0076976850137139285,61002.5703125,-0.005168687704228514,1850.199951171875,-0.0008640769057450814,82.69529724121094,-0.0005125133292194217,20.020000457763672,-0.007436768367024893,8.712001487720666e-05,NIFTY_outperform,0.001189886616823177,Q1,flat,risk_off
2023-02-27 11:47:00+05:30,2023-02-27,ATM_MINUS_400,-400,16950.0,2023-03-02,2023-03-09,2023-03-02 15:31:00+05:30,2023-03-02 15:29:00+05:30,2023-03-02 15:29:00+05:30,1005.0000000000013,1005.0000000000013,1005.0000000000013,1005.0000000000013,True,True,395.8080000000001,15.0375,1334.3374999999298,1121.1322311680049,66214.7625,120.0,23.526105116250005,0.0662147625,0.671725125,0.02255625,0.6942813750000001,23.281650000000003,19.7904,43.07205,0.0,25.846617578175,0.0,213.20526883192505,17465.80078125,17591.349609375,17599.75,17421.80078125,209400,17511.25,0.0045741799914340575,-0.002595429723749043,15.079999923706055,3970.0400390625,-0.010537551485558128,11394.9404296875,-0.016863952439089114,27453.48046875,0.012882084930533111,20010.0390625,-0.01677090480121146,3267.159912109375,-0.006181047026932007,59463.9296875,-0.0023801558219250785,1817.0999755859375,-0.0053098713504031725,82.6178970336914,-0.002624480215683511,21.670000076293945,0.025070988739244404,-0.00021527390182396466,SENSEX_outperform,-0.0021299436734063537,Q2,negative,risk_off
2023-03-09 09:28:00+05:30,2023-03-09,ATM_MINUS_300,-300,17450.0,2023-03-09,2023-03-16,2023-03-09 15:31:00+05:30,2023-03-09 15:29:00+05:30,2023-03-09 15:30:00+05:30,92.50000000000009,92.50000000000009,92.50000000000009,92.50000000000009,True,True,206.38275,54.135,648.3062500000727,462.1671977352602,43658.15624999999,120.0,15.511742915625002,0.0436581562499999,0.45924525,0.0812025,0.54044775,15.32409375,10.3191375,25.64323125,0.0,24.399972192937497,0.0,186.1390522648125,17754.400390625,17665.75,17766.5,17602.25,267000,17711.44921875,-0.0025802077619724306,0.0024250512391459367,12.270000457763672,3992.010009765625,0.0014147940136839399,11576.0,0.003960851212893246,28444.189453125,0.00476980935251059,20051.25,-0.023532636702710552,3283.25,-0.0005631784728781231,60348.08984375,0.002052802205706694,1818.5999755859375,-0.0007692441835508435,82.07460021972656,0.0026901374056047533,19.110000610351562,-0.02450227353229084,0.00037224903343924254,NIFTY_outperform,0.000994141747209909,Q1,flat,risk_on
2023-03-13 09:30:00+05:30,2023-03-13,ATM_MINUS_300,-300,17250.0,2023-03-16,2023-03-23,2023-03-16 15:31:00+05:30,2023-03-16 15:30:00+05:30,2023-03-16 15:29:00+05:30,282.49999999999886,282.49999999999886,282.49999999999886,282.49999999999886,True,True,62.8425,283.055875,2403.237500000076,2201.031593061851,52731.7125,120.0,18.73557745125,0.0527317125,0.5286433125,0.4245838125,0.953227125,17.815350000000002,3.142125,20.957475,16.52500000000009,24.981895649475,13220.000000000073,202.2059069382251,17412.900390625,17443.80078125,17451.5,17324.349609375,235900,17589.599609375,-0.008288922508917773,-0.010045664635585094,12.729999542236328,3861.590087890625,-0.01447813845705137,11138.8896484375,-0.017591622044585642,28143.970703125,-0.01674098346829589,19319.919921875,-0.030403904967849837,3230.080078125,-0.01404418331952817,59135.12890625,-0.01122210459708195,1867.199951171875,0.01776952797327147,82.01840209960938,0.0006576221666980686,24.799999237060547,0.09685973319727981,0.0011764399614968557,NIFTY_outperform,0.0005168581797461158,Q1,flat,risk_off
2023-03-23 15:08:00+05:30,2023-03-23,ATM_PLUS_50,50,17100.0,2023-03-23,2023-03-29,2023-03-23 15:31:00+05:30,2023-03-23 15:30:00+05:30,2023-03-23 15:30:00+05:30,45.00000000000029,45.00000000000029,45.00000000000029,45.00000000000029,True,True,107.779875,133.33249999999998,-111.28125000007144,-277.5789256672838,25515.50625,120.0,9.065659370625,0.0255155062499999,0.2017280624999999,0.1999987499999999,0.4017268125,6.735618749999999,5.388993750000001,12.1246125,1.443749999999909,23.236411477837496,1154.9999999999272,166.29767566721236,17151.900390625,17177.44921875,17207.25,17107.849609375,0,17107.5,0.0040888042525208945,0.0025953757489405316,15.079999923706055,3936.969970703125,-0.01646322377571363,11669.9599609375,-0.016032767401691905,27466.609375,0.01933295607922858,19591.4296875,0.017273693941018076,3265.75,0.003102329169048179,58214.58984375,0.002409142108107387,1949.5999755859375,0.0043789604383639436,82.677001953125,0.0017921368953710548,22.260000228881836,0.041160014156131464,0.00018623364083314442,NIFTY_outperform,-0.0031774904680410554,Q2,negative,risk_off
2023-04-03 09:44:00+05:30,2023-04-03,ATM_PLUS_300,300,17650.0,2023-04-06,2023-04-13,2023-04-06 15:31:00+05:30,2023-04-06 15:30:00+05:30,2023-04-06 15:29:00+05:30,334.99999999999943,334.99999999999943,334.99999999999943,334.99999999999943,True,True,65.83500000000001,110.8765,540.3249999999304,356.4114426763555,42874.7375,120.0,15.23339423375,0.0428747374999999,0.5068389375,0.16631475,0.6731536874999999,17.14453125,3.2917500000000004,20.43628125,3.178124999999909,24.349728414825,2542.4999999999272,183.9135573235749,17359.75,17210.349609375,17381.599609375,17204.650390625,263900,17080.69921875,0.00759046154753884,0.016337198944623932,13.630000114440918,4109.31005859375,0.014436542471763847,12221.91015625,0.017350560198826193,28041.48046875,0.009306102133869842,20400.109375,0.0044796853324229335,3272.860107421875,0.00356001760732072,58991.51953125,0.01779551567778026,1969.0,-0.005706230646619459,82.10050201416016,-0.0018831541045766231,18.700000762939453,-0.01682437892337696,-0.0014583167331563285,SENSEX_outperform,0.00392858300090726,Q2,positive,risk_on
2023-04-10 09:39:00+05:30,2023-04-10,ATM_MINUS_400,-400,17250.0,2023-04-13,2023-04-20,2023-04-13 15:31:00+05:30,2023-04-13 15:27:00+05:30,2023-04-13 15:30:00+05:30,107.49999999999991,107.49999999999991,107.49999999999991,107.49999999999991,True,True,608.1757500000001,5.263125,1251.2250000000108,1028.1796998180607,71434.175,120.0,25.3805623775,0.071434175,0.6113495624999999,0.0078946875,0.6192442499999999,20.3839125,30.40878750000001,50.79270000000001,0.0,26.181359379450004,0.0,223.04530018195007,17599.150390625,17533.849609375,17638.69921875,17502.849609375,242700,17557.05078125,-0.0013214731884114705,0.002397874785437182,12.40999984741211,,,,,27518.310546875,0.0016627343676629547,,,3327.64990234375,0.004534167734578709,,,,,81.831298828125,-0.001448421287826962,,,,SENSEX_outperform,0.0020313480597928812,Q1,positive,mixed
2023-04-25 10:30:00+05:30,2023-04-25,ATM_PLUS_400,400,18150.0,2023-04-27,2023-05-04,2023-04-27 15:31:00+05:30,2023-04-27 15:30:00+05:30,2023-04-27 15:29:00+05:30,997.5000000000024,997.5000000000024,997.5000000000024,997.5000000000024,True,True,15.610875000000002,224.7605,2189.275000000036,1989.625901408486,51313.575,120.0,18.231713197500003,0.051313575,0.5759362500000001,0.33714075,0.913077,20.097131250000004,0.7805437500000001,20.877675000000004,14.684375000000044,24.89094481905,11747.500000000036,199.64909859155009,17743.400390625,17707.55078125,17754.5,17612.5,255700,17624.05078125,0.004737843815613374,0.006771973756565242,11.630000114440918,4137.0400390625,0.0008515791660903549,12037.2001953125,-0.0029206777855622645,28593.51953125,0.001020515821003709,19959.939453125,-0.005767711207581794,3275.409912109375,-0.007830373124134926,60056.1015625,0.006722698430003948,1999.800048828125,0.004672217446935356,82.05480194091797,-0.001048171101648676,16.889999389648438,0.0071555711752655515,4.92753265612933e-05,NIFTY_outperform,0.0010229375556778386,Q1,flat,mixed
2023-05-04 15:22:00+05:30,2023-05-04,ATM_MINUS_300,-300,17950.0,2023-05-04,2023-05-11,2023-05-04 15:31:00+05:30,2023-05-04 15:29:00+05:30,2023-05-04 15:30:00+05:30,12.499999999999469,12.499999999999469,12.499999999999469,12.499999999999469,True,True,319.79850000000005,14.53625,-94.3437499999618,-288.86853658047426,48699.20625,120.0,17.302827980625,0.0486992062499999,0.4807488749999999,0.021804375,0.50255325,15.957506249999996,15.989925000000005,31.94743125,0.0,24.7232748936375,0.0,194.52478658051248,18089.849609375,18113.80078125,18116.349609375,18042.400390625,226200,18147.650390625,-0.0018652337160124377,-0.00318502836487633,11.899999618530273,4090.75,-0.006998305064656485,12025.330078125,-0.004567662174075893,,,19699.16015625,-0.011771476912214696,,,61193.30078125,-0.002630770380687153,2037.0,0.006771092196538042,81.77870178222656,4.898131460806532e-05,18.34000015258789,0.031496031738794894,-0.000554257984189177,SENSEX_outperform,-0.0004892030373991885,Q1,flat,risk_off
2023-05-11 09:33:00+05:30,2023-05-11,ATM_PLUS_300,300,18650.0,2023-05-11,2023-05-18,2023-05-11 15:31:00+05:30,2023-05-11 15:30:00+05:30,2023-05-11 15:29:00+05:30,187.4999999999972,187.4999999999972,187.4999999999972,187.4999999999972,True,True,9.276750000000002,322.153375,2109.487500000003,1906.362635304728,50243.5375,120.0,17.85152887375,0.0502435375,0.5035306875000001,0.4832300625,0.98676075,16.887675,0.4638375000000001,17.351512500000002,22.0625,24.822319034025,17650.0,203.124864695275,18315.099609375,18313.599609375,18326.75,18211.94921875,220500,18265.94921875,0.00260870048713846,0.0026908205008338015,12.680000305175781,4137.64013671875,0.004483965263404999,12306.4404296875,0.010418334588292,29122.1796875,-0.0041254784494377805,19762.19921875,-0.005304161803330487,3319.14990234375,-0.011472247251075651,61940.19921875,0.0028961665686331184,2037.0999755859375,-0.0028391251450440302,82.1050033569336,0.003886940661095295,16.940000534057617,-0.0434781812659798,-0.00020534606779931686,SENSEX_outperform,0.002331473635728498,Q1,positive,risk_on
2023-05-16 09:37:00+05:30,2023-05-16,ATM_PLUS_350,350,18750.0,2023-05-18,2023-05-25,2023-05-18 15:31:00+05:30,2023-05-18 15:30:00+05:30,2023-05-18 15:26:00+05:30,5.000000000001137,5.000000000001137,5.000000000001137,5.000000000001137,True,True,2.9426250000000005,572.0264999999999,2460.59374999997,2232.5006079103823,65833.44374999999,120.0,23.390622564375,0.0658334437499999,0.5575905,0.8580397499999999,1.41563025,18.498637500000005,0.14713125,18.64576875000001,38.75312499999996,25.822162081462498,31002.499999999964,228.09314208958745,18398.849609375,18339.30078125,18458.900390625,18287.900390625,216100,18314.80078125,0.0013377158885115037,0.004589120522186851,12.850000381469727,4136.27978515625,0.0029581644391338813,12365.2099609375,0.0065503807998585906,29626.33984375,0.008099789922249245,19971.130859375,0.01752108910338368,3310.739990234375,0.011728502228545157,62345.7109375,0.005123702527504381,2022.699951171875,0.001435737337184717,82.20030212402344,0.0012180037061435556,17.1200008392334,0.005284800291198266,-0.0005345820053175299,SENSEX_outperform,0.001820766010442787,Q1,flat,risk_on
2023-05-25 09:43:00+05:30,2023-05-25,ATM_MINUS_400,-400,17850.0,2023-05-25,2023-06-01,2023-05-25 15:31:00+05:30,2023-05-25 15:24:00+05:30,2023-05-25 15:29:00+05:30,154.99999999999997,154.99999999999997,154.99999999999997,154.99999999999997,True,True,503.388375,5.213,1396.4312499999296,1177.8425121032672,69364.68125,120.0,24.645271248125,0.0693646812499999,0.65834175,0.0078195,0.6661612499999999,21.989887500000005,25.16941875,47.15930625000001,0.0,26.0486344672875,0.0,218.5887378966625,18285.400390625,18294.80078125,18392.599609375,18262.94921875,232600,18348.0,-0.0028994560033791528,-0.0034117947119577385,12.609999656677246,4115.240234375,-0.007318600335353365,12484.16015625,-0.0060579879978504,30682.6796875,-0.008885971047504326,19115.9296875,-0.016227484721775487,3204.75,-0.012780937441220885,61773.78125,-0.003355950443609368,1964.5999755859375,-0.00501393994128263,82.8906021118164,0.000792093763857471,20.030000686645508,0.0809498081174409,-5.584426834837064e-05,SENSEX_outperform,-0.0009023592400229097,Q1,flat,risk_off
2023-05-30 11:06:00+05:30,2023-05-30,ATM_MINUS_350,-350,18250.0,2023-06-01,2023-06-08,2023-06-01 15:31:00+05:30,2023-06-01 15:29:00+05:30,2023-06-01 15:30:00+05:30,382.5,382.5,382.5,382.5,True,True,293.4645,27.56875,1688.681250000002,1487.6511361984894,56493.20624999999,120.0,20.072036180625,0.05649320625,0.6024022499999999,0.041353125,0.6437553749999999,20.36146875,14.673225,35.03469375,0.0,25.223135289637497,0.0,201.0301138015125,18598.650390625,18619.150390625,18641.19921875,18581.25,265300,18499.349609375,0.006475945575367126,0.005367798508963517,11.899999618530273,,,,,31233.5390625,0.01026087880518678,18551.109375,-0.010444944966480407,3221.449951171875,0.0027859770184825994,62846.37890625,0.00551485075435143,,,82.57479858398438,-0.0020220055503032963,,,-0.00014705224538791306,SENSEX_outperform,0.0004301387375953425,Q1,flat,mixed
2023-06-12 10:25:00+05:30,2023-06-12,ATM_PLUS_350,350,18950.0,2023-06-15,2023-06-22,2023-06-15 15:31:00+05:30,2023-06-15 15:30:00+05:30,2023-06-15 15:30:00+05:30,609.9999999999994,609.9999999999994,609.9999999999994,609.9999999999994,True,True,13.117125,252.63,1641.5562500000733,1443.8619598693108,48405.83125,120.0,17.198591843125,0.04840583125,0.518944125,0.378945,0.8978891250000001,17.820337499999997,0.65585625,18.47619375,16.36875000000009,24.7044595813875,13095.000000000073,197.69429013076257,18563.400390625,18655.900390625,18676.650390625,18555.400390625,221800,18634.55078125,0.001145700243897485,-0.00381819725413457,11.260000228881836,4298.85986328125,0.001148059539441082,13259.1396484375,0.0015575848295441563,32265.169921875,0.019717931671762168,19389.94921875,0.004703284425544352,3231.409912109375,0.00554514537678541,62625.62890625,-0.003548393672993644,1977.199951171875,-0.0007075833575950208,82.48829650878906,-0.001571163144616472,13.829999923706055,0.013186835912539108,-0.00026980358114092606,SENSEX_outperform,0.0017049888468163577,Q1,flat,risk_on
2023-06-26 11:05:00+05:30,2023-06-26,ATM_MINUS_300,-300,18350.0,2023-06-28,2023-07-06,2023-06-28 15:31:00+05:30,2023-06-28 15:21:00+05:30,2023-06-28 15:29:00+05:30,7.499999999998863,7.499999999998863,7.499999999998863,7.499999999998863,True,True,654.85875,5.012499999999999,1298.1562500000734,1073.811219589586,71656.04375,120.0,25.459392344375,0.07165604375,0.5812745625,0.0075187499999999,0.5887933125,19.2866625,32.742937500000004,52.0296,0.0,26.195588709862506,0.0,224.34503041048757,18665.5,18741.849609375,18756.400390625,18647.099609375,210600,18771.25,-0.0015662457548112352,-0.005633615236065759,11.550000190734863,4348.330078125,-0.007658808766684566,13492.51953125,-0.010130934474014253,32781.5390625,-0.014530034668461922,18889.970703125,-0.01708673808753125,,,62979.37109375,-0.004103796393091774,1929.5999755859375,0.003067019059010967,81.91929626464844,-0.00027094376697123224,13.4399995803833,0.041053426741707755,-0.0015298188429739845,SENSEX_outperform,0.000902714064718424,Q1,flat,risk_off
2023-07-05 14:42:00+05:30,2023-07-05,ATM_MINUS_400,-400,18950.0,2023-07-06,2023-07-13,2023-07-06 15:31:00+05:30,2023-07-06 15:27:00+05:30,2023-07-06 15:30:00+05:30,69.9999999999994,69.9999999999994,69.9999999999994,69.9999999999994,True,True,537.702375,7.669125,-901.7124999999623,-1122.2060468230625,70618.4,120.0,25.09071752,0.0706184,0.6508229999999999,0.0115036875,0.6623266874999999,21.655725000000004,26.88511875,48.54084375,0.0,26.1290404656,0.0,220.4935468231,19389.0,19406.599609375,19434.150390625,19300.0,226900,19322.55078125,0.004349779129914744,0.003438946519135566,11.539999961853027,,,,,33422.51953125,-0.00980076964632659,19415.6796875,0.005650394224608002,3245.35009765625,0.0004223568566232849,65479.05078125,0.004202128465772059,,,81.95010375976562,-0.001780767966175656,,,-0.0007631819466364931,SENSEX_outperform,0.0008741667311362722,Q1,flat,mixed
2023-07-10 09:41:00+05:30,2023-07-10,ATM_MINUS_350,-350,19050.0,2023-07-13,2023-07-20,2023-07-13 15:31:00+05:30,2023-07-13 15:29:00+05:30,2023-07-13 15:29:00+05:30,870.0000000000007,870.0000000000007,870.0000000000007,870.0000000000007,True,True,425.084625,9.4235,3371.556250000006,3164.007140217644,59323.23125,120.0,21.077544063125004,0.05932323125,0.552327375,0.01413525,0.566462625,19.1869125,21.25423125,40.44114375,0.0,25.4046361129875,0.0,207.5491097823625,19331.80078125,19422.80078125,19523.599609375,19303.599609375,237100,19497.30078125,-0.0038210417347432912,-0.00848835445771845,11.84000015258789,4398.9501953125,-0.0028651005386203243,13660.7197265625,-0.0013392981121250758,32388.419921875,-0.0117352509739993,18365.69921875,-0.009029898232907785,3196.610107421875,-0.0027951224732035707,65280.44921875,-0.0076793567935251605,1932.5,0.008927626275440081,82.76840209960938,0.004542870685738221,14.829999923706055,-0.03950775085850766,-0.0008089976641932894,SENSEX_outperform,0.0035459101250145952,Q1,positive,risk_off
2023-07-18 09:20:00+05:30,2023-07-18,ATM_PLUS_350,350,20150.0,2023-07-20,2023-07-27,2023-07-20 15:31:00+05:30,2023-07-20 15:30:00+05:30,2023-07-20 15:29:00+05:30,212.5,212.5,212.5,212.5,True,True,45.984750000000005,228.57,-477.1687500000695,-676.418033132582,54889.70625,120.0,19.502312630625003,0.05488970625,0.615785625,0.342855,0.958640625,20.635781250000004,2.2992375000000003,22.935018750000005,10.678124999999907,25.1202964206375,8542.499999999927,199.2492831325124,19711.44921875,19612.150390625,19731.849609375,19562.94921875,268700,19564.5,0.0024355537133584626,0.007511013251041421,10.680000305175781,4522.7900390625,0.0038553825145495324,14244.9501953125,0.009299474849521872,,,,,3209.6298828125,-0.008669755932514733,66589.9296875,0.008008235772035688,1956.4000244140625,-0.004072490277221563,82.07679748535156,0.0005607359638599707,13.479999542236328,0.010494706750155292,-0.0004972225209942671,SENSEX_outperform,0.0038582034433904955,Q1,positive,risk_on
2023-07-24 14:08:00+05:30,2023-07-24,ATM_MINUS_400,-400,19350.0,2023-07-27,2023-08-03,2023-07-27 15:32:00+05:30,2023-07-27 15:29:00+05:30,2023-07-27 15:29:00+05:30,439.9999999999995,439.9999999999995,439.9999999999995,439.9999999999995,True,True,412.5161250000001,13.73425,4775.181249999931,4563.062604196693,64876.41875,120.0,23.050591581875004,0.06487641875,0.6484921875,0.0206013749999999,0.6690935625000001,21.947493750000003,20.62580625,42.5733,0.0,25.760784240112503,0.0,212.1186458032376,19745.0,19800.44921875,19887.400390625,19700.0,312500,19979.150390625,-0.008944382938268158,-0.011719737128305097,11.789999961853027,4536.33984375,0.0003240945218980773,14032.8095703125,-0.0021687640343482917,32304.25,-0.005733042559410095,19075.259765625,0.007778956172985074,3167.75,-0.0005584503395916762,66684.2578125,-0.013136239258114357,1966.5999755859375,-0.0021817691282455254,82.0823974609375,0.00025223152380848823,13.600000381469727,-0.02787701186768976,0.0014165021298092606,NIFTY_outperform,0.00017468821220556485,Q1,flat,mixed
2023-08-08 13:53:00+05:30,2023-08-08,ATM_PLUS_400,400,19950.0,2023-08-10,2023-08-17,2023-08-10 15:31:00+05:30,2023-08-10 15:30:00+05:30,2023-08-10 15:29:00+05:30,437.5,437.5,437.5,437.5,True,True,6.034875,379.9475,1987.1375000000712,1773.640983749721,59190.525,120.0,21.0303935325,0.059190525,0.5933045625000001,0.56992125,1.1632258125,20.1145875,0.30174375,20.41633125,25.43125000000009,25.39612513035,20345.000000000076,213.49651625035008,19597.30078125,19576.849609375,19620.44921875,19524.80078125,216600,19517.0,0.0030665373456473244,0.004114401867602702,10.569999694824219,4518.43994140625,0.00902409277936278,13994.400390625,0.006122559882137724,32254.560546875,0.0019200145024889093,19537.919921875,-7.886684437863334e-05,3268.8310546875,-0.0058553643334507965,65953.4765625,0.003533507997793617,1970.0,-0.0030868759988363914,82.69529724121094,-0.0010751376131907797,15.770000457763672,-0.07777777158106369,0.0005808938698090849,NIFTY_outperform,0.0015256405886572288,Q1,flat,risk_on
2023-08-14 09:41:00+05:30,2023-08-14,ATM_MINUS_400,-400,18900.0,2023-08-17,2023-08-24,2023-08-17 15:31:00+05:30,2023-08-17 15:29:00+05:30,2023-08-17 15:30:00+05:30,169.99999999999832,169.99999999999832,169.99999999999832,169.99999999999832,True,True,477.8025,8.571375,260.18125000000225,43.68646348386474,67868.26875,120.0,24.113595886875004,0.06786826875,0.65232675,0.0128570624999999,0.6651838124999999,21.805350000000004,23.890125,45.695475,0.0,25.9526635480125,0.0,216.4947865161375,19428.30078125,19554.25,19557.75,19412.75,235500,19543.099609375,0.00057055384498228,-0.005874136161590715,11.399999618530273,4464.0498046875,-0.0010696923700230787,13644.849609375,-0.006779785355134793,,,19075.189453125,-0.008991478430121824,3189.25,-0.020067246392118987,65322.6484375,-0.00556464270648005,1946.5999755859375,-0.0011801779461809714,82.79989624023438,-0.0008013661525181348,14.84000015258789,-0.06372241038319659,-0.0003094934551106654,SENSEX_outperform,-0.00228283281175079,Q1,negative,risk_off
2023-08-22 14:57:00+05:30,2023-08-22,ATM_MINUS_350,-350,19050.0,2023-08-24,2023-08-31,2023-08-24 15:31:00+05:30,2023-08-24 15:29:00+05:30,2023-08-24 15:30:00+05:30,217.50000000000009,217.50000000000009,217.50000000000009,217.50000000000009,True,True,359.050125,17.14275,390.5749999999671,190.36290778056704,53726.6,120.0,19.08906098,0.0537266,0.5218012499999999,0.0257141249999999,0.5475153749999999,17.52358125,17.95250625,35.4760875,0.0,25.0457017644,0.0,200.21209221940003,19393.599609375,19320.650390625,19425.94921875,19296.30078125,262600,19310.150390625,0.000543755475104879,0.0043215209131937105,12.140000343322754,4399.77001953125,0.006879188518795987,13497.58984375,0.015560378401998198,31565.640625,0.003652721277040971,17623.2890625,-0.018247634736125673,3092.97998046875,-0.01244271821410925,65216.08984375,0.004117555109784066,1923.0,0.0033915992695017216,83.16729736328125,0.0008303448630444521,17.1299991607666,-0.009826594438788527,0.00020396580340964476,NIFTY_outperform,0.0012117399798561301,Q1,flat,risk_on
2023-09-07 13:25:00+05:30,2023-09-07,ATM_PLUS_300,300,19950.0,2023-09-07,2023-09-14,2023-09-07 15:31:00+05:30,2023-09-07 15:30:00+05:30,2023-09-07 15:30:00+05:30,167.50000000000114,167.50000000000114,167.50000000000114,167.50000000000114,True,True,18.553500000000003,243.2065,3.993750000037721,-187.6974330927248,44430.08125,120.0,15.786007868125,0.04443008125,0.4687940625,0.36480975,0.8336038125,15.7156125,0.9276750000000002,16.6432875,13.934375000000044,24.4494788308875,11147.500000000036,191.69118309276251,19611.05078125,19581.19921875,19636.44921875,19491.5,287600,19574.900390625,0.0003217808519739851,0.0018467726478093027,10.819999694824219,4465.47998046875,-0.006971599351452862,13872.4697265625,-0.010589900590306622,33241.01953125,0.006182743158633208,18449.98046875,-0.0003754521987340276,3158.080078125,0.0011761336811064727,65880.5234375,0.0015242510189881209,1944.199951171875,-0.004301968923021149,83.08609771728516,0.004248542698767066,14.449999809265137,0.03140610800820931,0.00032252162882118185,NIFTY_outperform,-0.0006323164813206716,Q1,flat,risk_off
2023-09-12 09:58:00+05:30,2023-09-12,ATM_MINUS_400,-400,19550.0,2023-09-14,2023-09-21,2023-09-14 15:31:00+05:30,2023-09-14 15:29:00+05:30,2023-09-14 15:29:00+05:30,7.500000000001705,7.500000000001705,7.500000000001705,7.500000000001705,True,True,622.290375,8.02,2952.7750000000765,2724.4767372830765,76813.0,120.0,27.2916589,0.0768129999999999,0.681048375,0.01203,0.693078375,22.59586875,31.11451875,53.7103875,0.0,26.526324942,0.0,228.298262717,19996.349609375,19890.0,20008.150390625,19865.349609375,248800,19819.94921875,0.0035343572517194666,0.008900143420050854,10.779999732971191,4487.4599609375,0.006723453106275201,13917.8896484375,0.011362063076793438,32467.759765625,-0.004265365143984012,18096.44921875,-0.00580269672277145,3142.780029296875,0.008361373122613536,67127.078125,0.007930638875919938,1947.199951171875,0.0023163638817644827,83.03130340576172,-0.002525152076461201,13.800000190734863,-0.0028901706222559387,0.0009695045441309169,NIFTY_outperform,0.005691077795351607,Q1,positive,risk_on
2023-10-04 10:26:00+05:30,2023-10-04,ATM_MINUS_350,-350,19050.0,2023-10-05,2023-10-12,2023-10-05 15:33:00+05:30,2023-10-05 15:26:00+05:30,2023-10-05 15:30:00+05:30,827.5,827.5,827.5,827.5,True,True,507.478125,7.51875,940.3125000000016,725.6087761531517,64810.275,120.0,23.0270907075,0.064810275,0.5749588125,0.011278125,0.5862369375,19.8951375,25.37390625,45.26904375,0.0,25.756542176850004,0.0,214.70372384685004,19528.75,19622.400390625,19623.19921875,19479.650390625,221700,19638.30078125,-0.0008096622412556709,-0.005578424654468894,11.449999809265137,4229.4501953125,-0.013744071674259506,13059.4697265625,-0.018658258553729046,31237.939453125,-0.016433985019056907,17331.220703125,-0.026864041701385233,,,65512.1015625,-0.004804987778357472,1841.5,-0.003085725055513855,83.3593978881836,0.003909207089570321,19.780000686645508,0.1232254401523627,-0.0007734368761114219,SENSEX_outperform,-0.0042219404083723155,Q1,negative,risk_off
2023-10-09 13:55:00+05:30,2023-10-09,ATM_MINUS_200,-200,19300.0,2023-10-12,2023-10-19,2023-10-12 15:32:00+05:30,2023-10-12 15:30:00+05:30,2023-10-12 15:30:00+05:30,27.50000000000057,27.50000000000057,27.50000000000057,27.50000000000057,True,True,538.0016250000001,10.025,1649.387500000009,1440.5856545420838,58178.76250000002,120.0,20.67091431625,0.0581787625,0.462403125,0.0150374999999999,0.477440625,15.363993750000004,26.900081250000007,42.26407500000001,0.0,25.331236754175,0.0,208.801845457925,19653.5,19621.19921875,19675.75,19589.400390625,159100,19545.75,0.0038601342363429048,0.0055127073660514725,10.9399995803833,4308.5,0.011814893014644445,13431.33984375,0.015999431488532334,30994.669921875,-0.002596573450729389,17485.98046875,0.015807679604279867,,,65995.6328125,0.0055470636808863105,1845.199951171875,0.0073151555773363075,83.22489929199219,-0.002695024982784733,17.450000762939453,-0.05624656684978524,-3.435631483483803e-05,SENSEX_outperform,-0.005803077378075172,Q1,negative,risk_on
2023-10-16 09:20:00+05:30,2023-10-16,ATM_PLUS_400,400,20100.0,2023-10-19,2023-10-26,2023-10-19 15:32:00+05:30,2023-10-19 15:29:00+05:30,2023-10-19 15:29:00+05:30,117.4999999999983,117.4999999999983,117.4999999999983,117.4999999999983,True,True,3.7905,482.152375,-141.2875000000298,-363.2751110804298,66574.35,120.0,23.653866555000004,0.06657435,0.633981,0.7232285625,1.3572095625,21.144506250000003,0.189525,21.33403125,29.706249999999955,25.8696793629,23764.999999999964,221.9876110804,19751.05078125,19654.55078125,19805.400390625,19635.30078125,255000,19794.0,-0.007045024691825774,-0.0021698099802970328,10.619999885559082,4327.77978515625,-0.005018858888767519,13407.23046875,-0.012301941561011387,32315.990234375,-0.0054984394671576675,17813.44921875,-0.023289659287613396,3088.10009765625,-0.006371110927118284,66282.7421875,-0.0018920566560560736,1941.5,0.031067445565586826,83.26239776611328,0.0005334836879042903,19.31999969482422,0.15757933352966802,-0.0002777533242409591,SENSEX_outperform,-0.0006987365585177097,Q1,flat,risk_off
2023-10-31 09:37:00+05:30,2023-10-31,ATM_PLUS_400,400,19550.0,2023-11-02,2023-11-09,2023-11-02 15:32:00+05:30,2023-11-02 15:30:00+05:30,2023-11-02 15:29:00+05:30,812.5000000000028,812.5000000000028,812.5000000000028,812.5000000000028,True,True,9.3765,350.323625,4498.887500000006,4283.520116241356,59485.475,120.0,21.135189267500003,0.059485475,0.611875875,0.5254854375000001,1.1373613125,21.104606250000003,0.468825,21.57343125,26.046875,25.41504145365,20837.5,215.36738375865,19140.900390625,19053.400390625,19158.5,18940.0,180100,19047.25,0.00032290176403426685,0.004916740769664862,10.90999984741211,4166.81982421875,0.012010022325859904,12789.48046875,0.011585113500682365,30696.9609375,-0.009509920911887626,17406.359375,0.0004384748797450211,3021.552978515625,0.0012489439433864824,64112.6484375,0.005171420072650035,2005.5999755859375,0.0035526522821804907,83.41339874267578,0.0015717289953356417,19.75,-0.07146217325109949,-0.0002546793029851724,SENSEX_outperform,0.004809012441759686,Q1,positive,risk_on
2023-12-11 11:05:00+05:30,2023-12-11,ATM_PLUS_350,350,21350.0,2023-12-14,2023-12-21,2023-12-14 15:31:00+05:30,2023-12-14 15:30:00+05:30,2023-12-14 15:29:00+05:30,2.8421709430404007e-12,2.8421709430404007e-12,2.8421709430404007e-12,2.8421709430404007e-12,True,True,99.351,144.46024999999997,6010.88749999997,5811.657302280845,51650.5625,120.0,18.35144485625,0.0516505625,0.5933797499999999,0.2166903749999999,0.8100701249999999,19.680675000000004,4.96755,24.648225000000004,10.456249999999956,24.912557175375,8364.999999999964,199.23019771912493,20969.400390625,20934.099609375,21006.099609375,20862.69921875,292400,20901.150390625,0.0015764308726651244,0.003265370504707432,12.670000076293945,4604.3701171875,0.00409549786994079,14403.9697265625,0.004461613372241491,32307.859375,-0.016752207959197962,16334.3701171875,-0.0007047356551254103,2969.55908203125,0.0011304094462525338,69825.6015625,0.0043715000804605,2014.5,-0.015588362017927682,83.35489654541016,0.0007840113350505717,12.350000381469727,-0.05436447284339452,-0.0011061295757530676,SENSEX_outperform,-0.00019550436820470196,Q1,flat,risk_on
2024-01-03 10:33:00+05:30,2024-01-03,ATM_MINUS_300,-300,21250.0,2024-01-04,2024-01-11,2024-01-04 15:32:00+05:30,2024-01-04 15:30:00+05:30,2024-01-04 15:30:00+05:30,27.499999999997726,27.499999999997726,27.499999999997726,27.499999999997726,True,True,498.65025,12.180375,3820.2625000000753,3605.31779581035,65833.96249999998,120.0,23.39080687625,0.0658339625,0.6054849375,0.0182705625,0.6237555,20.1096,24.9325125,45.0421125,0.0,25.822195350975,0.0,214.94470418972497,21665.80078125,21751.349609375,21755.599609375,21555.650390625,263700,21741.900390625,0.00043460868554401344,-0.003500136051024061,14.5,4742.830078125,-0.005660579005492328,14765.9404296875,-0.016348242234944355,,,16788.55078125,-0.01518354623554008,2962.27587890625,-0.004255279338260198,71892.4765625,-0.004814230465548297,2073.39990234375,0.0007722045940339317,83.20259857177734,-0.0005525332766350699,13.199999809265137,0.06024096477831753,0.0013140944145242361,NIFTY_outperform,-0.0002169858350709042,Q2,flat,risk_off
2024-01-08 09:58:00+05:30,2024-01-08,ATM_PLUS_350,350,22050.0,2024-01-11,2024-01-18,2024-01-11 15:32:00+05:30,2024-01-11 15:30:00+05:30,2024-01-11 15:29:00+05:30,109.99999999999945,109.99999999999945,109.99999999999945,109.99999999999945,True,True,22.942500000000003,409.471125,818.606249999965,601.7034663786526,63605.40625,120.0,22.599000840625003,0.06360540625,0.6296953125,0.6142066875,1.2439019999999998,20.99488125,1.1471250000000002,22.14200625,25.174999999999955,25.679269124437496,20139.999999999964,216.9027836213124,21710.80078125,21705.75,21749.599609375,21629.19921875,309300,21658.599609375,0.0021769824215500666,0.002410182228605562,13.329999923706055,4697.240234375,0.0018256861788026324,14524.0703125,0.0009490160780862844,33377.421875,0.0026776026948291953,16535.330078125,-0.0066472738468441595,2929.179931640625,-0.008519368707448849,72026.1484375,0.002485513765090097,2049.800048828125,-9.753715701221743e-05,83.2406005859375,-0.0009301627097970666,13.350000381469727,-0.05520167916870922,-7.533153648453528e-05,SENSEX_outperform,0.0016949548980607076,Q2,flat,risk_on
2024-01-16 12:52:00+05:30,2024-01-16,ATM_MINUS_300,-300,21750.0,2024-01-18,2024-01-25,2024-01-18 15:32:00+05:30,2024-01-18 15:30:00+05:30,2024-01-18 15:29:00+05:30,20.000000000001705,20.000000000001705,20.000000000001705,20.000000000001705,True,True,81.94462500000002,287.21625,4042.7687500000047,3833.087675090717,58917.99375000001,120.0,20.933563179375003,0.05891799375,0.6081165,0.430824375,1.038940875,20.189400000000006,4.097231250000001,24.286631250000006,17.984375,25.378646611162495,14387.5,209.68107490928747,22097.44921875,22053.150390625,22115.55078125,21963.55078125,345500,21894.55078125,0.007243793716508629,0.009267074694848665,13.100000381469727,,,,,35901.7890625,0.009126083968141296,16216.330078125,-0.0017390415673497195,2886.2900390625,0.0014965380380391746,73327.9375,0.010465764974923353,,,82.87210083007812,-0.002455608441988555,,,-0.001198690280074688,SENSEX_outperform,-0.0007670215047091977,Q2,flat,mixed
2024-02-01 15:04:00+05:30,2024-02-01,ATM_MINUS_300,-300,21400.0,2024-02-01,2024-02-08,2024-02-01 15:32:00+05:30,2024-02-01 15:29:00+05:30,2024-02-01 15:30:00+05:30,52.49999999999986,52.49999999999986,52.49999999999986,52.49999999999986,True,True,358.05262500000003,67.418125,-378.4687500000359,-580.7463427933484,57350.90625,120.0,20.376776990625,0.05735090625,0.5417259375,0.1011271875,0.642853125,18.0198375,17.902631250000002,35.92246875000001,0.0,25.278143021437497,0.0,202.2775927933125,21725.69921875,21487.25,21741.349609375,21448.849609375,410600,21522.099609375,-0.00161924765740884,0.009460025419002926,16.100000381469727,4845.64990234375,-0.016105744611597972,15164.009765625,-0.022301279588428202,36286.7109375,0.006123563012977451,15485.0703125,-0.013906490618073697,2788.548095703125,-0.014830807983447047,71752.109375,0.008605732520659437,2048.39990234375,0.008318928055008667,83.10970306396484,-0.0005218806825516564,14.350000381469727,0.07813673396435372,0.0008542928983434894,NIFTY_outperform,0.0025293166089483954,Q3,positive,risk_off
2024-02-06 09:25:00+05:30,2024-02-06,ATM_PLUS_350,350,22150.0,2024-02-08,2024-02-15,2024-02-08 15:31:00+05:30,2024-02-08 15:29:00+05:30,2024-02-08 15:29:00+05:30,100.0,100.0,100.0,100.0,True,True,51.820125,411.025,3620.0562499999705,3392.802776824258,72022.00625,120.0,25.589418820625003,0.07202200625,0.73352925,0.6165375,1.35006675,24.428775,2.5910062500000004,27.01978125,27.003124999999955,26.2190593488375,21602.499999999964,227.2534731757125,21771.69921875,21921.05078125,21964.30078125,21726.94921875,440800,21853.80078125,0.0030772679166042316,-0.0037568550808078083,14.699999809265137,4942.81005859375,-0.0031863375266721894,15597.6796875,-0.002000806671063504,36354.16015625,0.005424540047899606,15510.009765625,-0.001516059766011879,2702.18505859375,-0.010243766645684826,71731.421875,-0.004913752209421918,2042.9000244140625,-0.0052587656496022595,82.99929809570312,0.0008646223013673016,13.670000076293945,-0.012996411568089838,0.0011568971286141094,NIFTY_outperform,0.0024573185336826953,Q2,positive,risk_off
2024-02-14 14:32:00+05:30,2024-02-14,ATM_MINUS_400,-400,21350.0,2024-02-15,2024-02-22,2024-02-15 15:31:00+05:30,2024-02-15 15:28:00+05:30,2024-02-15 15:30:00+05:30,577.5000000000006,577.5000000000006,577.5000000000006,577.5000000000006,True,True,656.754,16.74175,4415.581250000003,4179.958922031316,83685.84374999999,120.0,29.733580284375,0.08368584375,0.7433788124999999,0.025112625,0.7684914374999999,25.2317625,32.837700000000005,58.06946250000001,0.0,26.967107903062495,0.0,235.6223279686875,21743.25,21664.30078125,21766.80078125,21543.349609375,365800,21616.05078125,0.002232137613307872,0.005884480011507653,16.059999465942383,4953.169921875,-0.013674255653625456,15655.599609375,-0.01799901514048463,37963.96875,0.028905728931772456,,,,,71555.1875,0.006791591199962088,2007.199951171875,-0.01269062903498519,82.99019622802734,-0.000292807280148466,15.850000381469727,0.13783201968635694,-0.0009071111884544347,SENSEX_outperform,-0.007593143130626756,Q3,negative,risk_off
2024-03-07 15:13:00+05:30,2024-03-07,ATM_MINUS_350,-350,22150.0,2024-03-07,2024-03-14,2024-03-07 15:32:00+05:30,2024-03-07 15:29:00+05:30,2024-03-07 15:30:00+05:30,132.49999999999778,132.49999999999778,132.49999999999778,132.49999999999778,True,True,359.349375,33.38325,-840.9374999999613,-1044.0927186816614,57333.80000000001,120.0,20.37069914,0.0573337999999999,0.5648836875,0.050074875,0.6149585624999999,18.8677125,17.967468750000002,36.835181250000005,0.0,25.2770459292,0.0,203.1552186817,22474.05078125,22327.5,22497.19921875,22224.349609375,312300,22356.30078125,-0.001288262379890437,0.005266971542034149,14.380000114440918,5104.759765625,0.005141103203274655,16031.5400390625,0.005768667588931464,40090.78125,-0.0001707745928322124,16438.08984375,0.01704240156954362,3039.930908203125,-0.002579591405153625,74085.9921875,0.005549338843579887,2158.199951171875,0.007610088973013518,82.88480377197266,-0.0003099221559834664,14.5,0.0027662490835065334,-0.0002823673015457384,SENSEX_outperform,0.0013904925420062941,Q2,flat,risk_on
2024-03-28 14:21:00+05:30,2024-03-28,ATM_MINUS_350,-350,22150.0,2024-03-28,2024-04-04,2024-03-28 15:31:00+05:30,2024-03-28 15:29:00+05:30,2024-03-28 15:29:00+05:30,15.00000000000128,15.00000000000128,15.00000000000128,15.00000000000128,True,True,268.22775,63.759,1289.7749999999303,1088.9443137187304,58064.3,120.0,20.630245790000004,0.0580643,0.623304375,0.0956385,0.718942875,20.68815,13.411387500000002,34.099537500000004,0.0,25.3238958162,0.0,200.83068628120003,22123.650390625,22053.94921875,22193.599609375,22052.849609375,409100,22004.69921875,0.002238158291117953,0.005405716783151604,12.819999694824219,5248.490234375,0.008630626525532925,16399.51953125,0.005137342249128984,40762.73046875,0.009027648315163894,16392.83984375,-0.013568186465896748,2993.138916015625,-0.012647957074146898,72996.3125,0.007258361669296054,2190.60009765625,0.006154761521633523,83.34549713134766,-0.0008619234960582922,12.779999732971191,-0.0347432058987206,-0.00185264488614445,SENSEX_outperform,0.0018057245547022927,Q1,flat,risk_on
2024-04-30 14:08:00+05:30,2024-04-30,ATM_MINUS_400,-400,22400.0,2024-05-02,2024-05-09,2024-05-02 15:32:00+05:30,2024-05-02 15:29:00+05:30,2024-05-02 15:30:00+05:30,40.00000000000093,40.00000000000093,40.00000000000093,40.00000000000093,True,True,364.735875,40.501,1885.090624999984,1709.21834469204,32443.321875,120.0,11.5271122621875,0.0324433218749999,0.33492271875,0.03037575,0.36529846875,11.148309375,9.118396875,20.26670625,0.0,23.68072000513125,0.0,175.87228030794375,22643.400390625,22475.55078125,22655.80078125,22441.900390625,292000,22419.94921875,0.0024800039445895816,0.00996662256880243,10.930000305175781,5116.169921875,0.0031784486665891176,15983.080078125,0.003464341573386376,,,17746.91015625,0.005425128872952101,3113.04296875,0.007902188062922422,74671.28125,0.012764451451979575,2357.699951171875,0.004473415225983546,83.40229797363281,0.0012063890628539742,14.670000076293945,-0.023952073391426465,-0.0027978288831771447,SENSEX_outperform,0.001600907963231979,Q1,flat,risk_on
2024-05-16 15:01:00+05:30,2024-05-16,ATM_PLUS_350,350,22750.0,2024-05-16,2024-05-23,2024-05-16 15:32:00+05:30,2024-05-16 15:30:00+05:30,2024-05-16 15:29:00+05:30,97.50000000000084,97.50000000000084,97.50000000000084,97.50000000000084,True,True,39.600750000000005,349.822375,948.4343750000392,772.9584458624204,28645.334375,120.0,10.1776873034375,0.0286453343749999,0.28289296875,0.2623667812499999,0.5452597499999999,9.479990625,0.9900187500000002,10.470009375000002,10.817187500000044,23.43713987480625,8653.750000000036,175.47592913761878,22200.55078125,22255.599609375,22297.55078125,22151.75,231900,22217.849609375,0.001699084324707556,-0.0007786004689536163,20.200000762939453,5308.14990234375,0.011715927882596233,16742.390625,0.0140032960621852,38385.73046875,0.0007735903032757285,,,3119.902099609375,-0.008224311976090193,72987.03125,-0.0016083544663629823,2394.89990234375,0.014831137526316152,83.52420043945312,0.00022393310402812894,12.449999809265137,-0.07228019832446109,0.000829753997409366,NIFTY_outperform,0.005344391617536193,Q4,positive,risk_on
2024-06-04 10:24:00+05:30,2024-06-04,ATM_MINUS_350,-350,22450.0,2024-06-06,2024-06-13,2024-06-06 15:31:00+05:30,2024-06-06 15:29:00+05:30,2024-06-06 15:30:00+05:30,187.4999999999972,187.4999999999972,187.4999999999972,187.4999999999972,True,True,519.59775,75.738875,1887.4343749999664,1684.7593418910228,59497.946875,120.0,21.139620524687498,0.0594979468749999,0.6680785312499999,0.0568041562499999,0.7248826875,22.345246875,12.98994375,35.335190625,0.0,25.415841324881253,0.0,202.67503310894375,23263.900390625,23337.900390625,23338.69921875,23062.30078125,569400,22530.69921875,0.035826725306565166,0.03254231769535276,24.600000381469727,5283.39990234375,0.0011160825806737495,16828.669921875,0.005596072980382338,38923.03125,0.011305704654324122,18403.0390625,0.017889196651960315,3078.489013671875,-0.002696624201393494,76468.78125,0.03390243716943231,2369.300048828125,0.019975095111743002,83.45079803466797,0.001559009460365246,13.109999656677246,0.014705849788028802,-0.0013601194740795464,SENSEX_outperform,-0.0036279552958803363,Q4,negative,risk_on
2024-06-10 09:20:00+05:30,2024-06-10,ATM_MINUS_250,-250,23150.0,2024-06-13,2024-06-20,2024-06-13 15:31:00+05:30,2024-06-13 15:29:00+05:30,2024-06-13 15:30:00+05:30,48.750000000000426,48.750000000000426,48.750000000000426,48.750000000000426,True,True,290.6715,57.04225,-397.4156250000341,-574.0678690638279,34451.471875,120.0,12.2406079571875,0.034451471875,0.386614125,0.0427816875,0.4293958125,12.871490625000002,7.266787499999999,20.138278125,0.0,23.80951069723125,0.0,176.65224406379374,23290.150390625,22821.849609375,23320.19921875,22789.05078125,473600,22821.400390625,1.968410098895923e-05,0.020539931466807104,16.799999237060547,5346.990234375,-0.0011152197300303701,17133.130859375,-0.002328539208430902,38683.9296875,-0.0005059497286008519,18366.94921875,-0.005945377871448221,3051.279052734375,0.0008151116364212285,76693.359375,0.021563265743188342,2325.0,-0.027562802725095148,83.47309875488281,0.0011069744698637418,12.220000267028809,-0.028616825028659476,-0.001023334276381238,SENSEX_outperform,0.0012451615602995236,Q3,flat,risk_off
2024-06-19 14:22:00+05:30,2024-06-19,ATM_PLUS_350,350,23950.0,2024-06-20,2024-06-27,2024-06-20 15:31:00+05:30,2024-06-20 15:30:00+05:30,2024-06-20 15:29:00+05:30,83.74999999999915,83.74999999999915,83.74999999999915,83.74999999999915,True,True,23.94,377.64175,766.0843750000026,588.6425319588839,30088.084375,120.0,10.690296378437498,0.0300880843749999,0.3002236875,0.2832313125,0.5834550000000001,10.041084375,0.5985,10.639584375,11.96875,23.52966920330625,9575.0,177.44184304111872,23557.900390625,23570.80078125,23579.05078125,23499.69921875,272200,23465.599609375,0.00448320834013427,0.003933450786960613,12.819999694824219,5487.02978515625,0.0025213273947457537,17862.23046875,0.0002918145153441021,38482.109375,0.009964400042033139,17915.55078125,-0.001146756397732318,3030.24609375,0.00475978075121275,77301.140625,0.0040051445574995626,2346.89990234375,0.007685660087483948,83.51010131835938,-0.0004991187349230319,12.300000190734863,-0.03529410268746169,-7.169377053894976e-05,SENSEX_outperform,0.0030541439413944715,Q1,positive,risk_on
2024-06-26 15:29:00+05:30,2024-06-26,ATM_PLUS_200,200,24050.0,2024-06-27,2024-07-04,2024-06-27 15:31:00+05:30,2024-06-27 15:30:00+05:30,2024-06-27 15:30:00+05:30,114.99999999999916,114.99999999999916,114.99999999999916,114.99999999999916,True,True,160.248375,164.30975,111.18437500000056,-53.04962913713069,24026.165625,120.0,8.5364966465625,0.024026165625,0.23755490625,0.1232323125,0.36078721875,7.993715625,4.006209375,11.999925,0.171875,23.140894106193752,137.5,164.23400413713125,23721.30078125,23577.099609375,23754.150390625,23562.05078125,298100,23537.849609375,0.0016675270108092999,0.007793879853915442,14.0600004196167,5469.2998046875,0.003933590015736899,17717.650390625,0.012621154825899206,39173.1484375,0.009496284977134062,18072.900390625,0.0025066661697465964,2949.99609375,-0.004422068519568612,78053.5234375,0.00921173236489592,2330.800048828125,-0.00580099559892866,83.46040344238281,-0.0012217987448578382,12.84000015258789,-0.03675917283740937,-0.0014178525109804774,SENSEX_outperform,7.5831765786738e-05,Q2,flat,risk_on
2024-07-01 09:20:00+05:30,2024-07-01,ATM_MINUS_250,-250,23750.0,2024-07-04,2024-07-11,2024-07-04 15:32:00+05:30,2024-07-04 15:29:00+05:30,2024-07-04 15:30:00+05:30,7.500000000000639,7.500000000000639,7.500000000000639,7.500000000000639,True,True,584.485125,15.0375,384.9593749999656,201.88499006762183,36980.54687499999,120.0,13.1391883046875,0.036980546875,0.3305994375,0.011278125,0.3418775625,10.9725,14.612128125000002,25.584628125,0.0,23.97171039328125,0.0,183.07438493234372,24010.599609375,24085.900390625,24174.0,23985.80078125,354800,24044.5,0.0017218237278795456,-0.0014099020825968367,14.149999618530273,5460.47998046875,-0.004083652583445674,17732.599609375,-0.007059876784354269,39583.078125,0.006139542790033703,17718.609375,0.00012071658688905806,2967.403076171875,0.007315718854553399,79032.7265625,-0.0026557884959933498,2339.60009765625,0.001283916748531011,83.45089721679688,-0.001549422412494672,12.4399995803833,0.01633985400367921,0.001245886413396513,NIFTY_outperform,-0.0007351082818485288,Q2,flat,risk_off
2024-07-08 09:53:00+05:30,2024-07-08,ATM_PLUS_350,350,24650.0,2024-07-11,2024-07-18,2024-07-11 15:31:00+05:30,2024-07-11 15:30:00+05:30,2024-07-11 15:29:00+05:30,31.25000000000142,31.25000000000142,31.25000000000142,31.25000000000142,True,True,37.7055,281.80275,2227.4468749999837,2051.216241680627,29036.378125,120.0,10.3166251478125,0.0290363781249999,0.3160506562499999,0.2113520625,0.52740271875,10.51365,0.9426375,11.4562875,10.439062499999975,23.462219074668745,8351.249999999982,176.23063331935623,24323.849609375,24213.349609375,24363.0,24168.849609375,298400,24302.150390625,-0.0036540297801900268,0.0008928929498506211,12.859999656677246,5567.18994140625,0.005448765178485582,18352.759765625,0.00904202027187373,40912.37109375,-3.122048017667467e-05,17799.609375,-0.012683957138085677,2949.93310546875,-0.0025811044465690047,79996.6015625,-0.0006629672709074219,2397.699951171875,0.011943973155452259,83.49340057373047,2.631733090363575e-05,12.479999542236328,0.03225801362500036,0.001555860220758043,NIFTY_outperform,0.00023021065599926338,Q1,flat,risk_on
2024-07-15 09:20:00+05:30,2024-07-15,ATM_MINUS_300,-300,24250.0,2024-07-18,2024-07-25,2024-07-18 15:32:00+05:30,2024-07-18 15:29:00+05:30,2024-07-18 15:29:00+05:30,22.49999999999872,22.49999999999872,22.49999999999872,22.49999999999872,True,True,619.098375,64.76149999999998,51.2906250000384,-134.85062152769285,40448.940625,120.0,14.371508604062502,0.040448940625,0.350824875,0.0485711249999999,0.399396,11.65828125,15.477459375,27.135740625,0.0,24.194152358043752,0.0,186.14124652773123,24502.150390625,24387.94921875,24592.19921875,24331.150390625,325800,24315.94921875,0.0029610195083185076,0.007657573644356042,14.0,5615.35009765625,0.0055170270744306915,18398.44921875,0.006291991565953836,41190.6796875,-0.024472796650381046,18293.380859375,0.02585476935600095,2971.294921875,0.000305670269806102,80519.34375,0.007784989723140789,2420.699951171875,-0.0004954586152440266,83.51850128173828,0.0002706512030592467,12.460000038146973,-0.035603717912586985,-0.0001274160787847478,SENSEX_outperform,0.003487417120037639,Q2,positive,risk_on
2024-07-23 12:34:00+05:30,2024-07-23,ATM_MINUS_350,-350,23950.0,2024-07-25,2024-08-01,2024-07-25 15:32:00+05:30,2024-07-25 15:29:00+05:30,2024-07-25 15:30:00+05:30,323.75000000000114,323.75000000000114,323.75000000000114,323.75000000000114,True,True,492.615375,30.075,423.43125000004136,240.92550644199136,37597.7,120.0,13.35846281,0.0375977,0.3640202812499999,0.02255625,0.3865765312499999,12.39643125,12.315384375000002,24.711815625000003,0.0,24.011290891799995,0.0,182.50574355805,24509.25,24445.75,24595.19921875,24362.30078125,324200,24530.900390625,-0.0034711481955037593,-0.0008825762723847497,14.829999923706055,5564.41015625,0.01079203564940956,18007.5703125,0.015830756353462316,39599.0,-0.011601225779591773,17635.880859375,0.012527568297836744,2964.216064453125,-0.006066781504015628,80502.078125,-0.0012725111328973915,2394.699951171875,-0.0018340820746385322,83.73030090332031,0.0006692587221097668,14.90999984741211,-0.09745766136434542,0.0003899348605126418,NIFTY_outperform,0.002433790941175351,Q2,positive,risk_on
2024-07-29 09:33:00+05:30,2024-07-29,ATM_MINUS_350,-350,24550.0,2024-08-01,2024-08-08,2024-08-01 15:32:00+05:30,2024-08-01 15:29:00+05:30,2024-08-01 15:30:00+05:30,4.999999999999716,4.999999999999716,4.999999999999716,4.999999999999716,True,True,478.30125,32.932125,-442.22812500003386,-623.2175444942276,36363.321875,120.0,12.9198882621875,0.0363633218749999,0.35454665625,0.02469909375,0.37924575,11.764265625,11.957531250000002,23.721796875000003,0.0,23.93212528513125,0.0,180.98941949419373,24834.849609375,24423.349609375,24861.150390625,24410.900390625,383800,24406.099609375,0.0007067905267981178,0.01756732976027453,12.619999885559082,5459.10009765625,0.011090468702846357,17357.880859375,0.010252765674276132,37667.41015625,-0.00533678817939276,17021.310546875,-3.522573962000397e-05,2890.89697265625,0.0014393490580040247,81332.71875,0.01615348770836067,2381.0,0.011684724877841557,83.73760223388672,-6.44111409591197e-05,16.389999389648438,-0.11213433355830271,0.0014138420519138606,NIFTY_outperform,0.004366894649285857,Q1,positive,risk_on
2024-08-05 09:23:00+05:30,2024-08-05,ATM_PLUS_400,400,24650.0,2024-08-08,2024-08-14,2024-08-08 15:32:00+05:30,2024-08-08 15:30:00+05:30,2024-08-08 15:29:00+05:30,66.24999999999943,66.24999999999943,66.24999999999943,66.24999999999943,True,True,24.488625000000003,568.8686250000001,-284.8656250000005,-475.32290710803176,41480.015625,120.0,14.7378495515625,0.041480015625,0.39969675,0.42665146875,0.82634821875,13.322859375000002,0.612215625,13.935075,16.65625,24.26027932209375,13325.0,190.45728210803128,24717.69921875,24789.0,24851.900390625,24686.849609375,345000,25010.900390625,-0.008872147230180372,-0.011722935491954689,12.930000305175781,5346.56005859375,-0.018381860868696753,16776.16015625,-0.024310025495816623,35909.69921875,-0.05813906072944175,16945.509765625,-0.02077156794362167,2905.337890625,-0.009224250621739594,80981.953125,-0.010817396927162992,2469.800048828125,-0.004434053443846175,83.743896484375,0.0003117635656566531,23.389999389648438,0.2582032919667483,-0.0009055385647916969,SENSEX_outperform,-0.01678350422924113,Q1,negative,risk_off
2024-08-12 09:20:00+05:30,2024-08-12,ATM_PLUS_350,350,24650.0,2024-08-14,2024-08-22,2024-08-14 15:32:00+05:30,2024-08-14 15:30:00+05:30,2024-08-14 15:29:00+05:30,198.7499999999997,198.7499999999997,198.7499999999997,198.7499999999997,True,True,22.942500000000003,505.96175,723.2343750000013,538.1730371995325,35735.85937499999,120.0,12.696950835937498,0.0357358593749999,0.3355618125,0.3794713125,0.7150331249999999,11.327859375,0.5735625000000001,11.901421875,15.8203125,23.891883605156245,12656.25,185.06133780046872,24367.5,24386.849609375,24419.75,24311.19921875,215100,24117.0,0.01118918644006306,0.010386864037815746,16.600000381469727,5344.16015625,0.004671676849538509,16745.30078125,0.0051189165678968696,35025.0,0.005565465716637075,17090.23046875,0.011745346105625831,2862.194091796875,-0.0026853844207721522,79705.90625,0.010390756623760655,2473.39990234375,0.004100131252962713,83.98899841308594,0.0005551466585134168,20.3700008392334,-0.1437578791374391,-3.892585944909044e-06,SENSEX_outperform,-0.0019472337642351123,Q3,flat,risk_on
2024-08-21 09:47:00+05:30,2024-08-21,ATM_MINUS_350,-350,24350.0,2024-08-22,2024-08-29,2024-08-22 15:31:00+05:30,2024-08-22 15:29:00+05:30,2024-08-22 15:29:00+05:30,11.249999999999716,11.249999999999716,11.249999999999716,11.249999999999716,True,True,511.9170000000001,21.95475,669.2343750000034,489.1839091449722,34775.515625,120.0,12.3557407015625,0.0347755156249999,0.3220656562499999,0.0164660625,0.3385317187499999,10.6932,12.797925000000005,23.491125000000004,0.0,23.830292919093747,0.0,180.05046585503123,24698.849609375,24648.900390625,24734.30078125,24607.19921875,238300,24572.650390625,0.0031030433749665853,0.005135759339910173,14.319999694824219,5597.1201171875,-0.0019845553982971165,17816.939453125,-0.003346805921529139,38062.921875,0.01803491975698246,17511.080078125,-0.003329064589211228,2866.660888671875,-0.009335254392558445,80802.859375,0.004702284037306326,2550.60009765625,0.003659563471229532,83.87860107421875,-0.00013350790006627644,15.880000114440918,0.08395908040535782,0.00043347530260384737,NIFTY_outperform,-0.0007408777499521291,Q2,flat,risk_off
2024-08-29 14:56:00+05:30,2024-08-29,ATM_PLUS_200,200,25400.0,2024-08-29,2024-09-05,2024-08-29 15:31:00+05:30,2024-08-29 15:30:00+05:30,2024-08-29 15:30:00+05:30,198.7499999999997,198.7499999999997,198.7499999999997,198.7499999999997,True,True,54.663,245.6125,1594.1093749999825,1427.939692162701,20367.640625,120.0,7.2366227140625,0.020367640625,0.19041234375,0.184209375,0.37462171875,6.513674999999999,1.366575,7.880249999999999,7.751562499999977,22.90625826384375,6201.249999999982,166.1696828372812,25052.349609375,25030.80078125,25129.599609375,24964.650390625,220400,25017.75,0.0005216608707816484,0.0013830024432652799,13.630000114440918,5592.18017578125,-0.00597597320797616,17556.029296875,-0.011196453251911764,38371.76171875,0.0021714186258217083,17692.44921875,-0.010194353457794403,2837.428955078125,-0.003967381308940143,81785.5625,0.0009032321599218296,2537.800048828125,-0.00591478479111629,83.92160034179688,0.00045184980105150707,17.110000610351562,0.10887882514248881,0.0004797702833434503,NIFTY_outperform,-0.0006805281097713722,Q2,flat,risk_off
2024-09-09 09:33:00+05:30,2024-09-09,ATM_MINUS_350,-350,24450.0,2024-09-12,2024-09-19,2024-09-12 15:32:00+05:30,2024-09-12 15:28:00+05:30,2024-09-12 15:29:00+05:30,141.24999999999943,141.24999999999943,141.24999999999943,141.24999999999943,True,True,864.13425,12.581375,-2104.125000000036,-2299.6764134763107,46596.2875,120.0,16.55566094875,0.0465962875,0.36898265625,0.00943603125,0.3784186874999999,12.378975,21.60335625,33.98233125,0.0,24.588406302524994,0.0,195.55141347627497,24852.150390625,25093.69921875,25168.75,24801.30078125,311700,25145.099609375,-0.0020441514022014884,-0.011650350298901935,14.210000038146973,5408.419921875,-0.01726024985928465,16690.830078125,-0.02550436394346589,36391.46875,-0.007246104229282846,,,2765.806884765625,-0.00807193177020371,81183.9296875,-0.012374844940213348,2524.60009765625,-0.007274585855684523,83.98359680175781,1.3081687690430499e-05,22.3799991607666,0.12462309496363155,0.0007244946413114128,NIFTY_outperform,-0.0011568415428084844,Q2,flat,risk_off
2024-09-19 11:24:00+05:30,2024-09-19,ATM_MINUS_400,-400,25050.0,2024-09-19,2024-09-26,2024-09-19 15:32:00+05:30,2024-09-19 15:29:00+05:30,2024-09-19 15:30:00+05:30,5.000000000001137,5.000000000001137,5.000000000001137,5.000000000001137,True,True,499.34850000000006,44.561125,2169.0656250000216,1986.5765900460156,37845.228125,120.0,13.4464095528125,0.0378452281249999,0.36454659375,0.03342084375,0.3979674374999999,12.095934375,12.4837125,24.579646875,0.0,24.02716586056875,0.0,182.48903495400623,25377.55078125,25402.400390625,25482.19921875,25285.55078125,215700,25418.55078125,-0.0006353781049119878,-0.0016129951842196455,12.59000015258789,5618.259765625,-0.002896455862498093,17573.30078125,-0.003106397636846503,36380.171875,0.0048877732729220025,,,2717.281005859375,0.0048781355428286766,82948.2265625,-0.0015819719704244228,2598.60009765625,0.002391681664119183,83.77059936523438,-0.001351906402673797,18.229999542236328,0.03520720672322497,-3.102321379522266e-05,SENSEX_outperform,0.004314837193859722,Q1,positive,risk_off
2024-09-26 13:25:00+05:30,2024-09-26,ATM_MINUS_350,-350,25750.0,2024-09-26,2024-10-03,2024-09-26 15:32:00+05:30,2024-09-26 15:29:00+05:30,2024-09-26 15:30:00+05:30,52.50000000000057,52.50000000000057,52.50000000000057,52.50000000000057,True,True,461.74275,37.242875,-1037.9406249999818,-1215.6972581995506,33149.509374999994,120.0,11.778020680937502,0.033149509375,0.31011084375,0.02793215625,0.338043,10.337840624999998,11.54356875,21.881409375,0.0,23.72601063425625,0.0,177.75663319956874,26004.150390625,25899.44921875,26032.80078125,25871.349609375,278500,25940.400390625,-0.0015786638316422907,0.0024575565157058943,13.390000343322754,5722.259765625,-0.0018612489301417234,18082.2109375,0.00042553862838246026,37870.26171875,-0.0018536381561180537,19129.099609375,0.0067650142311797,2896.305908203125,0.011588708255324986,85169.8671875,0.003012789496583679,2684.699951171875,0.0028763358878876044,83.56759643554688,9.56874540964936e-05,15.40999984741211,0.0012995129072905787,-0.0005552329808777845,SENSEX_outperform,4.806924976286098e-05,Q2,flat,mixed
2024-10-14 09:21:00+05:30,2024-10-14,ATM_MINUS_300,-300,24750.0,2024-10-17,2024-10-24,2024-10-17 15:32:00+05:30,2024-10-17 15:30:00+05:30,2024-10-17 15:30:00+05:30,212.50000000000037,212.50000000000037,212.50000000000037,212.50000000000037,True,True,196.756875,141.3525,1548.809375000037,1378.8860328451308,29472.203125,120.0,10.4714737703125,0.029472203125,0.31289278125,0.106014375,0.4189071562499999,10.589709375,4.918921875,15.50863125,0.0046875000000454,23.490170275218752,3.75000000003638,169.92334215490635,24964.25,24985.30078125,25028.650390625,24920.05078125,210500,24998.44921875,-0.0005259701265843963,-0.0013680536120755926,13.5,5815.02978515625,0.006051847587953629,18342.939453125,0.003330516505153147,39605.80078125,0.0057111495621489095,,,3217.738037109375,-0.025496630643410678,81381.359375,-0.002818807879566454,2676.300048828125,0.014018868380057281,83.94599914550781,4.526255554204717e-05,20.459999084472656,-0.022455863060207304,0.0014507542674908613,NIFTY_outperform,0.0023713597945060894,Q2,positive,risk_on
2024-11-21 14:55:00+05:30,2024-11-21,ATM_MINUS_250,-250,23100.0,2024-11-21,2024-11-28,2024-11-21 15:31:00+05:30,2024-11-21 15:29:00+05:30,2024-11-21 15:30:00+05:30,26.249999999998508,26.249999999998508,26.249999999998508,26.249999999998508,True,True,351.12,105.062,-391.3781250001094,-622.3302653482282,86004.83437499999,120.0,30.557517653437504,0.086004834375,0.7784161875000001,0.2363895,1.0148056875,25.843978125000003,26.334,52.177978125,0.0,27.11583404780625,0.0,230.9521403481188,23518.5,23529.55078125,23780.650390625,23464.80078125,297500,23453.80078125,0.0032297537062973003,0.002758581406631766,15.170000076293945,5917.10986328125,2.195086225209586e-05,18966.140625,-0.0011233764864474471,38352.33984375,-0.0016163156463625539,19705.009765625,0.0021023463023051026,3367.989013671875,0.006568720309294562,,,2651.699951171875,0.007867712342027655,84.39759826660156,-1.0666878798915036e-05,17.15999984741211,0.049541250583724494,,SENSEX_outperform,-0.0012777507600399973,Q3,flat,mixed
2024-12-02 09:31:00+05:30,2024-12-02,ATM_MINUS_400,-400,23650.0,2024-12-05,2024-12-12,2024-12-05 15:31:00+05:30,2024-12-05 15:25:00+05:30,2024-12-05 15:29:00+05:30,135.00000000000193,135.00000000000193,135.00000000000193,135.00000000000193,True,True,1079.743875,14.13525,463.26562499990587,126.73062058961216,166993.096875,120.0,59.33264731968751,0.166993096875,1.27544315625,0.0318043125,1.30724746875,42.437390625000006,80.98079062500001,123.41818125000002,0.0,32.30993527498125,0.0,336.5350044102937,24131.099609375,23927.150390625,24188.44921875,23927.150390625,282100,23914.150390625,0.000543611200383598,0.009072001940535257,15.210000038146973,6032.3798828125,0.005607785488815242,19218.169921875,0.008273110081539414,38208.03125,-0.003677465599455032,19423.609375,0.0029250039633379465,3326.4560546875,0.009332789794105345,79802.7890625,0.009602871195033558,2657.0,0.00647755531983174,84.47160339355469,0.0006076743010343666,13.510000228881836,-0.041843981320970114,-0.0005308692544983007,SENSEX_outperform,0.00040404292211415616,Q3,flat,risk_on
2024-12-26 13:36:00+05:30,2024-12-26,ATM_MINUS_400,-400,23350.0,2024-12-26,2025-01-02,2024-12-26 15:31:00+05:30,2024-12-26 15:28:00+05:30,2024-12-26 15:29:00+05:30,389.9999999999992,389.9999999999992,389.9999999999992,389.9999999999992,True,True,505.183875,46.81675,4594.30312499995,4337.985557139006,104691.571875,120.0,37.196915487187496,0.1046915718749999,0.94589634375,0.1053376875,1.05123403125,31.761646875000004,37.888790625000006,69.65043750000001,0.0,28.31428927063125,0.0,256.31756786094377,23727.650390625,23769.099609375,23867.650390625,23685.150390625,177700,23753.44921875,0.0006588681281978204,-0.0010861087115143775,13.520000457763672,,,,,39130.4296875,0.0023971739844381723,,,3393.35009765625,-5.244645443625018e-05,,,,,85.18150329589844,0.0009706759399226161,,,,SENSEX_outperform,0.002029294507981394,Q2,positive,mixed
2025-01-02 09:54:00+05:30,2025-01-02,ATM_MINUS_350,-350,23450.0,2025-01-02,2025-01-09,2025-01-02 15:31:00+05:30,2025-01-02 15:29:00+05:30,2025-01-02 15:29:00+05:30,352.5000000000002,352.5000000000002,352.5000000000002,352.5000000000002,True,True,751.5165000000001,21.0525,-442.33125000010034,-732.4668254735878,130294.29375,120.0,46.293562569375005,0.13029429375,1.0827,0.047368125,1.130068125,36.26161875,56.363737500000006,92.62535625,0.0,29.956294235362503,0.0,290.1355754734875,23742.900390625,23637.650390625,23822.80078125,23562.80078125,154900,23644.80078125,-0.0003024085798459808,0.004148887118253564,13.970000267028809,,,,,,,,,,,78507.40625,0.004714654662419049,,,,,,,-0.0005657675441654852,SENSEX_outperform,0.0016889094725274223,Q2,flat,mixed
2025-01-13 09:42:00+05:30,2025-01-13,ATM_PLUS_400,400,23650.0,2025-01-16,2025-01-23,2025-01-16 15:31:00+05:30,2025-01-16 15:30:00+05:30,2025-01-16 15:29:00+05:30,18.75,18.75,18.75,18.75,True,True,74.8125,351.27599999999995,4450.284375000061,4182.87901707098,111437.840625,120.0,39.5938647740625,0.111437840625,1.19491734375,0.7903709999999999,1.98528834375,39.650625000000005,5.6109375,45.2615625,31.706250000000068,28.746954470643747,25365.00000000005,267.40535792908133,23431.5,23551.900390625,23596.599609375,23344.349609375,261000,23526.5,0.0010796502082757176,-0.004037999702463213,14.65999984741211,5827.0400390625,-0.01541164380306681,19161.630859375,-0.01628686998448936,39190.3984375,-0.01047065939973979,19064.2890625,-0.00917845051676236,3168.52392578125,-0.013349079274488584,77378.90625,-0.00310878680417781,2715.0,0.008993589539443514,85.91999816894531,0.00014546981421426075,19.540000915527344,0.1039548063998117,-0.0009292128982854031,SENSEX_outperform,-0.010076162831018087,Q2,negative,risk_off
2025-02-03 09:40:00+05:30,2025-02-03,ATM_PLUS_150,150,23450.0,2025-02-06,2025-02-13,2025-02-06 15:30:00+05:30,2025-02-06 15:29:00+05:30,2025-02-06 15:30:00+05:30,45.000000000001705,45.000000000001705,45.000000000001705,45.000000000001705,True,True,313.21500000000003,104.56074999999998,4054.743750000114,3824.625055378276,86563.06875,120.0,30.755858326875003,0.08656306875,0.8298444375,0.2352616874999999,1.065106125,27.56840625,23.491125000000004,51.059531250000006,0.0,27.151635851212497,0.0,230.1186946218375,23482.150390625,23528.599609375,23632.44921875,23318.30078125,281000,23508.400390625,0.0008592340786426345,-0.0011166221250199504,17.389999389648438,6040.52978515625,-0.005046825754019935,19627.439453125,-0.0027594368831531657,39572.48828125,0.001480983386413115,,,,,77500.5703125,0.009650333792829313,2812.5,-0.0037194473963868546,86.64700317382812,7.388062704660747e-05,16.43000030517578,0.03724748402174094,-0.010766955917849264,SENSEX_outperform,-0.006932958802401523,Q3,negative,risk_off
2025-03-06 14:32:00+05:30,2025-03-06,ATM_MINUS_350,-350,22150.0,2025-03-06,2025-03-13,2025-03-06 15:31:00+05:30,2025-03-06 15:29:00+05:30,2025-03-06 15:30:00+05:30,86.2499999999983,86.2499999999983,86.2499999999983,86.2499999999983,True,True,437.553375,43.9095,-150.39375000005464,-398.9638624118046,99083.25,120.0,35.204278724999995,0.0990832499999999,0.94567078125,0.0987963749999999,1.04446715625,31.451175,32.816503125000004,64.267678125,0.0,27.9546051555,0.0,248.57011241175,22337.30078125,22073.05078125,22394.900390625,22067.80078125,305900,22082.650390625,-0.00043471273625173,0.011531695069225467,13.829999923706055,5842.6298828125,0.011159277893187936,18552.73046875,0.014633194908524993,37418.23828125,0.0023320611477797293,23594.2109375,0.028439018418404016,3341.965087890625,0.005341156894950627,73730.2265625,0.010142452228266485,2926.0,0.0018489016514391388,87.21700286865234,-0.0012893063491654644,21.93000030517578,-0.06720544059225653,0.0013892428409589819,NIFTY_outperform,0.006224961085795844,Q2,positive,risk_on
2025-03-20 15:08:00+05:30,2025-03-20,ATM_MINUS_400,-400,22800.0,2025-03-20,2025-03-27,2025-03-20 15:31:00+05:30,2025-03-20 15:29:00+05:30,2025-03-20 15:30:00+05:30,3.7499999999973888,3.7499999999973888,3.7499999999973888,3.7499999999973888,True,True,412.965,28.17025,-595.6031250001104,-842.0192294209292,97168.884375,120.0,34.524104618437505,0.097168884375,0.963603,0.0633830624999999,1.0269860625,31.963640625,30.972375000000003,62.936015625,0.0,27.831829230506248,0.0,246.4161044208188,22907.599609375,22874.94921875,22940.69921875,22807.94921875,324000,22834.30078125,0.0017801481153028043,0.0032100316461272094,13.210000038146973,5675.2900390625,0.010798495567894584,17750.7890625,0.014092107114519692,37751.87890625,-0.002471711613070804,24771.140625,0.0012356349151965151,3426.428955078125,-0.00097093646893609,75449.046875,0.0019626373687939846,3041.199951171875,0.00013151221301255234,86.57610321044922,-0.0039151862669418724,19.899999618530273,-0.08294935857713559,0.0012473942773332247,NIFTY_outperform,0.005631318959634868,Q2,positive,risk_on
2025-04-03 15:10:00+05:30,2025-04-03,ATM_MINUS_400,-400,22850.0,2025-04-03,2025-04-09,2025-04-03 15:31:00+05:30,2025-04-03 15:28:00+05:30,2025-04-03 15:29:00+05:30,11.24999999999563,11.24999999999563,11.24999999999563,11.24999999999563,True,True,432.665625,42.80675,-922.9499999998922,-1174.170038785992,102106.65,120.0,36.27849274500001,0.10210665,0.9990163125,0.0963151875,1.0953315,33.145678125,32.449921875,65.59559999999999,0.0,28.1485078911,0.0,251.2200387861,23332.349609375,23192.599609375,23350.0,23158.44921875,341000,23165.69921875,0.001161216433442469,0.0071938424586863725,13.779999732971191,5670.97021484375,0.006728194715792668,17601.05078125,0.008662527433463518,35725.87109375,0.002846094137118449,23202.529296875,-0.0001857446728646961,3350.126953125,0.0005052791831539061,76617.4375,0.007799191399730621,3166.199951171875,0.00642083635469648,85.61009979248047,0.0016614185704497686,21.510000228881836,-0.011943051144452932,-0.0006053489410442481,SENSEX_outperform,-0.007802421580887509,Q2,negative,risk_on
2025-04-07 09:21:00+05:30,2025-04-07,ATM_MINUS_100,-100,21900.0,2025-04-09,2025-04-17,2025-04-09 15:31:00+05:30,2025-04-09 15:29:00+05:30,2025-04-09 15:30:00+05:30,873.7499999999983,873.7499999999983,873.7499999999983,873.7499999999983,True,True,702.24,137.3425,5520.309374999903,5192.520877326297,176767.75312500002,120.0,62.8055826853125,0.1767677531249999,1.69814728125,0.309020625,2.00716790625,57.194156250000006,52.668,109.86215625,0.0,32.93682307891875,0.0,327.78849767360623,22904.44921875,23190.400390625,23214.69921875,22857.44921875,466800,23250.099609375,-0.002567697332613861,-0.014866619775066536,13.600000381469727,5074.080078125,-0.05974960534553109,15587.7900390625,-0.05817425293064171,33780.578125,-0.027503267397613107,,,,,75364.6875,-0.012198276312267553,3035.39990234375,-0.027645209398080794,85.28289794921875,-0.004300014412361386,45.310001373291016,0.5093271379872046,-0.0026683434627989833,SENSEX_outperform,-0.05003607889365114,Q2,negative,risk_off
2025-04-17 11:36:00+05:30,2025-04-17,ATM_PLUS_400,400,23950.0,2025-04-17,2025-04-24,2025-04-17 15:31:00+05:30,2025-04-17 15:29:00+05:30,2025-04-17 15:29:00+05:30,150.0,150.0,150.0,150.0,True,True,142.74225,243.006,-165.4312500001062,-403.9770902828936,97690.74375,120.0,34.709521254375005,0.09769074375,1.031722875,0.5467635000000001,1.5784863750000002,34.368862500000006,10.70566875,45.07453125000001,9.220312499999864,27.8652981596625,7376.249999999891,238.5458402827874,23437.19921875,23344.099609375,23452.19921875,23273.05078125,348400,23328.55078125,0.0006665149614650812,0.004657316201027051,16.1299991607666,5275.7001953125,-0.0224083715440897,16307.16015625,-0.03067256456549472,33920.3984375,-0.010130305078717705,21056.98046875,-0.019066613409664313,3276.00390625,0.0025528333700926,77044.2890625,0.004032043767574045,3346.39990234375,0.03271201184870143,85.72669982910156,-0.00369691110105419,32.63999938964844,0.08366528818726215,0.0006252724334530058,NIFTY_outperform,-0.0015082693561233596,Q3,flat,risk_off
2025-04-30 15:00:00+05:30,2025-04-30,ATM_PLUS_250,250,24650.0,2025-04-30,2025-05-08,2025-04-30 15:30:00+05:30,2025-04-30 15:30:00+05:30,2025-04-30 15:29:00+05:30,337.49999999999574,337.49999999999574,337.49999999999574,337.49999999999574,True,True,83.5905,426.413375,-1827.4218750000489,-2073.7475635837422,93531.94687499998,120.0,33.23190072468749,0.0935319468749999,0.8262354375,0.95943009375,1.7856655312499998,27.740475,6.269287500000001,34.0097625,29.60624999999993,27.598577880881244,23684.999999999945,246.32568858369365,24335.94921875,24370.69921875,24457.650390625,24290.75,357600,24328.5,0.0017345590048707393,0.0003061930965739812,16.940000534057617,5560.830078125,0.005802410694099036,17461.3203125,0.005481327642628653,,,22008.109375,0.0016452076172366326,3286.655029296875,-0.0005352152160594814,80288.3828125,0.0008728128912964817,3333.60009765625,-0.004211803244400514,85.1603012084961,-0.0026304620352640695,24.170000076293945,-0.038966185172991996,-0.0005666197947225005,SENSEX_outperform,0.00025072219066357704,Q3,flat,risk_on
2025-05-08 13:23:00+05:30,2025-05-08,ATM_MINUS_400,-400,23950.0,2025-05-08,2025-05-15,2025-05-08 15:59:00+05:30,2025-05-08 15:48:00+05:30,2025-05-08 15:48:00+05:30,348.75000000000256,348.75000000000256,348.75000000000256,348.75000000000256,True,True,417.50362500000006,226.26425,-9786.149999999936,-10052.106851599625,125422.96875,120.0,44.562780796875,0.12542296875,1.15476721875,0.5090945625,1.66386178125,38.6481375,31.312771875000006,69.96090937500001,0.0,29.643876677812504,0.0,265.9568515996875,24414.400390625,24233.30078125,24449.599609375,24220.0,330100,24379.599609375,-0.0060008708292625945,0.0014274549954715887,19.0,5631.27978515625,0.00434635623313584,17738.16015625,0.00274171462716688,36779.66015625,-0.0013855631825402392,22691.880859375,0.0012871329451911162,3342.6650390625,0.008006668432134267,80746.78125,0.0013108821235923163,3391.89990234375,-0.009027739290512815,84.79319763183594,0.006796365138147964,23.549999237060547,-0.048869183385945925,0.00011657287187927245,NIFTY_outperform,0.0007003903065980754,Q4,flat,risk_on
2025-05-15 10:58:00+05:30,2025-05-15,ATM_MINUS_400,-400,24350.0,2025-05-15,2025-05-22,2025-05-15 15:59:00+05:30,2025-05-15 15:50:00+05:30,2025-05-15 15:50:00+05:30,206.24999999999787,206.24999999999787,206.24999999999787,206.24999999999787,True,True,726.1800000000001,40.551125,-1969.031249999878,-2260.443508276716,133483.06875,120.0,47.42653432687501,0.13348306875,1.13942896875,0.09124003125,1.2306689999999998,37.99726875,54.46350000000001,92.46076875,0.0,30.1608031312125,0.0,291.4122582768375,24666.900390625,24613.80078125,24767.55078125,24535.55078125,345500,24578.349609375,0.0014423739770337285,0.0036027960647213586,18.200000762939453,5892.580078125,0.001024415597859818,19146.810546875,0.007192007205055306,38128.12890625,-0.001443900023683109,23640.650390625,0.02303854291880425,3403.947998046875,0.008615708123111077,81330.5625,0.0022470456260015315,3188.300048828125,-0.018320093326394504,85.060302734375,0.0011134433559039092,18.6200008392334,0.021953981391520827,0.0013557504387198271,NIFTY_outperform,0.001116833801115602,Q3,flat,risk_on
2025-05-26 09:45:00+05:30,2025-05-26,ATM_MINUS_400,-400,24650.0,2025-05-29,2025-06-05,2025-05-29 15:59:00+05:30,2025-05-29 15:45:00+05:30,2025-05-29 15:45:00+05:30,131.25,131.25,131.25,131.25,True,True,334.1625,106.96675,3157.509375000119,2885.6692531916874,130453.115625,120.0,46.349991981562496,0.1304531156249999,1.46220890625,0.2406751875,1.70288409375,48.628125,25.0621875,73.6903125,0.0,29.966480117493745,0.0,271.8401218084312,24853.150390625,24639.5,24909.05078125,24614.05078125,270500,24609.69921875,0.001210936427345377,0.009892488718005854,17.260000228881836,5802.81982421875,-0.006708297825321674,18737.2109375,-0.009961528296397737,37160.46875,0.004720658215874973,23601.259765625,0.0024188102105016096,3348.3720703125,-0.009412756169009273,81721.078125,0.009500518970782634,3365.800048828125,0.02148711648805013,85.97489929199219,0.004376101790735554,22.290000915527344,0.09911243396581493,0.00039196974722321976,NIFTY_outperform,0.002663614781608148,Q3,positive,risk_off
2025-06-12 15:25:00+05:30,2025-06-12,ATM_MINUS_250,-250,24600.0,2025-06-12,2025-06-19,2025-06-12 15:59:00+05:30,2025-06-12 15:44:00+05:30,2025-06-12 15:44:00+05:30,483.7500000000013,483.7500000000013,483.7500000000013,483.7500000000013,True,True,352.1175,81.954375,-1005.3187500000462,-1238.3677643622086,87075.43125000001,120.0,30.937900723124997,0.0870754312499999,0.8125889062499999,0.18439734375,0.99698625,27.43374375,26.4088125,53.84255625,0.0,27.184495707787494,0.0,233.0490143621625,25141.400390625,25134.150390625,25222.400390625,25081.30078125,301200,25104.25,0.0011910489508748512,0.0014798446727146697,14.020000457763672,6022.240234375,-0.002743888954607865,19615.880859375,-0.005027107486322402,38421.19140625,0.00548734342266588,24366.939453125,0.008445615928817762,3402.31591796875,0.005170148221975257,82515.140625,0.0014979888376220885,3343.699951171875,8.974362531821711e-05,85.65280151367188,-0.0012033583002453163,17.260000228881836,0.01828905321468688,-1.814416490741877e-05,SENSEX_outperform,0.0009167678715937821,Q2,flat,risk_off
2025-06-19 15:24:00+05:30,2025-06-19,ATM_MINUS_50,-50,24750.0,2025-06-19,2025-06-26,2025-06-19 15:59:00+05:30,2025-06-19 15:42:00+05:30,2025-06-19 15:42:00+05:30,292.4999999999983,292.4999999999983,292.4999999999983,292.4999999999983,True,True,206.4825,175.53775,-711.1124999999987,-910.9445752167736,60938.28749999999,120.0,21.65137354875,0.0609382874999999,0.4811248125,0.3949599374999999,0.87608475,16.249274999999997,15.486187500000002,31.7354625,0.0,25.508216130525,0.0,199.832075216775,24812.05078125,24788.349609375,24947.55078125,24750.44921875,237600,24853.400390625,-0.002617379522624086,-0.0016637405234334324,14.399999618530273,5980.8701171875,-0.0003092402101070313,19546.26953125,0.0012898709908895079,38885.1484375,0.009040987166771153,23710.689453125,-0.011243033629328214,3388.80908203125,0.00041449213254152184,81444.65625,-0.001699375121018032,3408.10009765625,0.00035228370275119936,86.36270141601562,0.0030021664296442374,20.139999389648438,-0.06759263731651588,3.5634597584599526e-05,NIFTY_outperform,-0.0003546978574077153,Q2,flat,mixed
2025-06-23 10:27:00+05:30,2025-06-23,ATM_MINUS_400,-400,24500.0,2025-06-26,2025-07-03,2025-06-26 15:59:00+05:30,2025-06-26 15:43:00+05:30,2025-06-26 15:43:00+05:30,82.49999999999957,82.49999999999957,82.49999999999957,82.49999999999957,True,True,1037.69925,11.32825,-1818.131249999993,-2146.731795198106,160059.35625000004,120.0,56.869089275624994,0.1600593562499999,1.22254875,0.0254885625,1.2480373125000002,40.630668750000005,77.82744375,118.4581125,0.0,31.865246753737495,0.0,328.60054519811246,25112.400390625,24787.650390625,25136.19921875,24783.650390625,574700,24793.25,-0.00022585217246628986,0.01287247095983779,14.260000228881836,5967.83984375,-0.002178658486505891,19447.41015625,-0.00505771062053284,38403.23046875,-0.0022113028347160446,23530.48046875,0.012597620569919199,3359.89501953125,-0.0006581854848606294,82408.171875,0.012859890310638722,3385.699951171875,-0.006572619888652764,86.58380126953125,-0.00034406160763977844,20.6200008392334,0.023833240522920462,1.258064919906765e-05,NIFTY_outperform,-0.006875105045292873,Q2,negative,risk_off
2025-07-03 13:40:00+05:30,2025-07-03,ATM_MINUS_350,-350,25250.0,2025-07-03,2025-07-10,2025-07-03 15:59:00+05:30,2025-07-03 15:43:00+05:30,2025-07-03 15:43:00+05:30,378.7500000000035,378.7500000000035,378.7500000000035,378.7500000000035,True,True,266.083125,83.75887499999999,2258.596875000061,2030.7162505801548,85025.95312500001,120.0,30.209721145312507,0.085025953125,0.878340375,0.18845746875,1.06679784375,29.509790625,19.956234375,49.466025,0.0,27.05305447771875,0.0,227.88062441990624,25453.400390625,25588.30078125,25608.099609375,25378.75,309800,25541.80078125,0.0018205450899191344,-0.0034610085397696055,12.529999732971191,6227.419921875,0.004745096791088033,20393.130859375,0.00941648588344024,39762.48046875,-0.005598104820983774,24221.41015625,0.006195128327310506,3454.7919921875,-0.0008546252993377745,83409.6875,-0.003436211204943973,3359.699951171875,0.002955371126468709,85.6427993774414,-0.0008306404128991529,16.639999389648438,-0.011289396014196651,-2.479733482563251e-05,SENSEX_outperform,0.002031132106382172,Q1,positive,risk_on
2025-08-04 09:49:00+05:30,2025-08-04,ATM_MINUS_400,-400,24200.0,2025-08-07,2025-08-14,2025-08-07 15:59:00+05:30,2025-08-07 15:29:00+05:30,2025-08-07 15:43:00+05:30,828.7499999999987,828.7499999999987,828.7499999999987,828.7499999999987,True,True,489.722625,20.801875,6092.859374999895,5825.602914892865,115766.015625,120.0,41.1316653515625,0.115766015625,1.152624375,0.04680421875,1.19942859375,39.055865625,36.729196875,75.78506250000001,0.0,29.02453764609375,0.0,267.2564601070312,24565.349609375,24734.900390625,24784.150390625,24535.05078125,263400,24768.349609375,-0.0013504823404680844,-0.008195943742782208,11.539999961853027,6238.009765625,-0.015992133140148468,20650.130859375,-0.022360965552978174,40799.6015625,-0.006579496767794679,24507.810546875,-0.01071795880540316,3559.951904296875,-0.003709860575326629,80599.90625,-0.007213989091735651,3399.800048828125,0.03236976170193273,87.4894027709961,-0.0025673814779043624,20.3799991607666,0.21889952139464608,-0.000981954651046557,SENSEX_outperform,0.0012497754912179637,Q1,flat,risk_off
2026-01-12 12:21:00+05:30,2026-01-12,ATM_MINUS_400,-400,25250.0,2026-01-13,2026-01-20,2026-01-13 15:59:00+05:30,2026-01-13 15:29:00+05:30,2026-01-13 15:30:00+05:30,25.999999999997137,25.999999999997137,25.999999999997137,25.999999999997137,True,True,512.4157500000001,21.8545,406.6400000000573,158.65421835476474,97264.00125000002,120.0,34.55789964412501,0.09726400125,0.94000164375,0.0426162749999999,0.98261791875,31.203046875,33.307023750000006,64.51007062500001,0.0,27.8379294561675,0.0,247.98578164529252,25683.30078125,25840.400390625,25940.599609375,25623.0,348800,25876.849609375,-0.0014085647712229754,-0.007479613285493514,10.600000381469727,6966.27978515625,0.006475487031883276,23671.349609375,0.008148633687052653,51939.890625,0.016092976786905133,26231.7890625,0.003154137294639092,4120.42578125,0.009171435196684508,83576.2421875,-0.00718355722321784,4500.89990234375,0.009011972396955503,89.90540313720703,0.00045624702269941864,14.489999771118164,-0.062135925566243366,-0.0002960560622756736,SENSEX_outperform,-0.000554835226257322,Q1,flat,risk_on
2026-01-20 15:10:00+05:30,2026-01-20,ATM_MINUS_400,-400,24850.0,2026-01-20,2026-01-27,2026-01-20 15:59:00+05:30,2026-01-20 15:29:00+05:30,2026-01-20 15:30:00+05:30,705.2499999999968,705.2499999999968,705.2499999999968,705.2499999999968,True,True,455.90737500000006,45.864375,2352.2931250000065,2113.385196758635,89914.150625,120.0,31.9464977170625,0.089914150625,0.85105483125,0.0894355312499999,0.9404903625,28.930492500000003,29.633979375000003,58.56447187500001,0.0,27.366554136183748,0.0,238.9079282413712,25585.5,25653.099609375,25653.30078125,25494.349609375,443100,25694.349609375,-0.0016054113307834017,-0.004236324757381116,11.369999885559082,,,,,53583.5703125,-0.006537385769927684,26563.900390625,-0.010469769262445916,4114.0,0.0029466528932406977,83246.1796875,-0.003879029691020941,,,90.7020034790039,0.003767094488324574,,,-0.00035729506636017483,SENSEX_outperform,-0.00020320958159891767,Q1,flat,mixed
2026-02-01 12:50:00+05:30,2026-02-01,ATM_PLUS_350,350,25350.0,2026-02-03,2026-02-10,2026-02-03 15:59:00+05:30,2026-02-03 15:29:00+05:30,2026-02-03 15:30:00+05:30,1790.750000000001,1790.750000000001,1790.750000000001,1790.750000000001,True,True,473.8125,60.15,3956.6556250000513,3700.89427358989,107265.835625,120.0,38.11155139756251,0.107265835625,1.06423395,0.1172925,1.18152645,37.083808125,30.7978125,67.88162062500001,0.0,28.479387101973742,0.0,255.7613514101612,25320.650390625,25247.55078125,25370.69921875,25213.650390625,508400,25418.900390625,-0.006741031545101639,-0.003865234077404689,13.369999885559082,6939.02978515625,-0.004301899620894223,23461.8203125,-0.009427811057196478,53322.8515625,-0.0009882792597332157,27387.109375,-0.020772976345391436,4117.9482421875,-0.009628619451636178,82269.78125,-0.003592091399958086,4745.10009765625,-0.10779554287274529,91.78189849853516,-0.002812920984896161,17.440000534057617,0.03317543845574367,-0.0002731426774466028,SENSEX_outperform,,Q2,flat,risk_off
2026-02-17 09:57:00+05:30,2026-02-17,ATM_PLUS_400,400,26050.0,2026-02-17,2026-02-24,2026-02-17 15:59:00+05:30,2026-02-17 15:30:00+05:30,2026-02-17 15:29:00+05:30,77.99999999999926,77.99999999999926,77.99999999999926,77.99999999999926,True,True,41.944875,350.524125,981.7437499999072,748.1755184372972,80552.29000000001,120.0,28.620228637000004,0.08055229,0.82652115,0.6835220437499999,1.51004319375,27.491100000000003,2.726416875,30.217516875,26.373749999999884,26.766140566860003,21098.999999999905,233.5682315626099,25682.75,25423.599609375,25697.0,25372.69921875,275800,25471.099609375,-0.001864858633057076,0.008309432803093486,13.289999961853027,,,,,56806.41015625,-0.00238064465851473,26705.939453125,0.00522526781188426,,,83277.1484375,0.007871428605197073,,,90.57119750976562,7.834601949152642e-05,,,0.0004380041978964133,NIFTY_outperform,-0.0017443919070192493,Q2,flat,mixed
2026-03-02 15:23:00+05:30,2026-03-02,ATM_MINUS_350,-350,24500.0,2026-03-02,2026-03-10,2026-03-02 15:59:00+05:30,2026-03-02 15:30:00+05:30,2026-03-02 15:30:00+05:30,601.25,601.25,601.25,601.25,True,True,528.6750000000001,140.85125,1873.3731249999591,1616.544789858803,109885.953125,120.0,39.04247914531251,0.109885953125,0.9889712625000002,0.2746599375,1.2636312000000005,33.40103812500001,34.36387500000001,67.76491312500002,0.0,28.64742571771875,0.0,256.8283351411563,25178.650390625,25459.849609375,25476.400390625,25141.30078125,438900,25496.55078125,-0.0014394563480323308,-0.012468368500212268,13.0600004196167,6878.8798828125,-0.00433935281103115,22668.2109375,-0.00918639842420832,58850.26953125,0.001648907496561991,26630.5390625,0.009458297506448776,4162.880859375,0.003918844129387811,81287.1875,-0.01168921738988371,5247.89990234375,0.01033839763814104,91.00740051269531,0.0006201593825552187,19.860000610351562,0.06602262506673928,-0.0007791511103285576,SENSEX_outperform,-0.020628603303471493,Q2,negative,risk_off
2026-03-17 09:46:00+05:30,2026-03-17,ATM_MINUS_300,-300,23150.0,2026-03-17,2026-03-24,2026-03-17 15:59:00+05:30,2026-03-17 15:29:00+05:30,2026-03-17 15:30:00+05:30,770.2500000000015,770.2500000000015,770.2500000000015,770.2500000000015,True,True,557.004,118.445375,1091.7887499999097,835.1235787612621,107911.03375000002,120.0,38.340790291375,0.10791103375,0.95094894375,0.23096848125,1.181917425,32.30852625,36.20526,68.51378625000001,0.0,28.520766238522505,0.0,256.6651712386476,23408.80078125,23116.099609375,23502.0,22955.25,540300,23151.099609375,-0.0015118072398525584,0.011131271353117311,22.649999618530273,6699.3798828125,0.010130883162251969,22374.1796875,0.012160865966468926,53751.1484375,-0.0012720444888959515,25834.01953125,0.014467357043474793,4084.785888671875,-0.0026034048973603285,75502.8515625,0.012592278730644502,5002.2001953125,-0.011754943537568896,92.5635986328125,0.0018800585876033171,23.510000228881836,-0.13534388499059757,-0.0014610073775271903,SENSEX_outperform,0.003605414830459841,Q4,positive,risk_on
2026-03-20 15:21:00+05:30,2026-03-20,ATM_MINUS_400,-400,22750.0,2026-03-24,2026-03-30,2026-03-24 15:59:00+05:30,2026-03-24 15:29:00+05:30,2026-03-24 15:30:00+05:30,22.749999999997783,22.749999999997783,22.749999999997783,22.749999999997783,True,True,469.8225000000001,236.48975,4402.149374999908,4123.828746024019,138401.989375,120.0,49.17422682493751,0.138401989375,1.3905025875,0.4611550125,1.8516576,46.14160687500001,30.5384625,76.68006937500002,0.0,30.47627318657625,0.0,278.3206289758888,23002.150390625,23197.75,23378.69921875,22930.349609375,550100,23777.80078125,-0.024394635424290323,-0.03262077926216955,18.719999313354492,6606.490234375,-0.002748797741878972,22090.689453125,-0.0027866241687231064,53372.53125,-0.0337959362394622,25500.580078125,-0.020166431332347523,4006.552001953125,-0.01388927112167293,74207.2421875,-0.03255223067450019,4605.7001953125,-0.05933172427837352,93.24659729003906,0.00925737528067927,24.059999465942383,-0.041052239154301895,-6.854858766935923e-05,SENSEX_outperform,0.004695213193807168,Q4,positive,risk_off
2026-04-07 11:38:00+05:30,2026-04-07,ATM_PLUS_200,200,23150.0,2026-04-07,2026-04-13,2026-04-07 15:59:00+05:30,2026-04-07 15:30:00+05:30,2026-04-07 15:30:00+05:30,409.499999999997,409.499999999997,409.499999999997,409.499999999997,True,True,334.5615,353.4815,740.6912499999061,472.26188718218367,105425.27125,120.0,37.457598875125,0.1054252712499999,0.906671025,0.689288925,1.59595995,45.720163125,32.61974625,78.33990937499999,2.569124999999858,28.361344346347497,1712.7499999999054,268.4293628177224,22968.25,22780.30078125,22998.349609375,22542.94921875,426400,22713.099609375,0.002958696656587545,0.01123362266767347,25.520000457763672,6611.830078125,0.0044267825126402816,21996.33984375,0.005354869694540465,53413.6796875,0.00546258191317639,,,,,74106.8515625,0.01073799172330192,4684.7001953125,0.0010684445138191556,92.97100067138672,-2.7982389312009026e-05,24.170000076293945,0.012568044680059565,0.0004956309443715501,NIFTY_outperform,-0.005640428907295991,Q4,negative,risk_on
2026-04-13 13:52:00+05:30,2026-04-13,ATM_MINUS_400,-400,23450.0,2026-04-13,2026-04-21,2026-04-13 15:59:00+05:30,2026-04-13 15:29:00+05:30,2026-04-13 15:30:00+05:30,325.0000000000037,325.0000000000037,325.0000000000037,325.0000000000037,True,True,543.2385,158.89624999999998,-401.2612500000884,-703.744339208261,120140.94625,120.0,42.686078202625005,0.12014094625,1.115451675,0.3098476874999999,1.4252993625,55.980697500000005,52.965753750000005,108.94645125,0.0,29.305119446797494,0.0,302.48308920817254,24050.599609375,23880.55078125,24074.05078125,23856.349609375,481300,23775.099609375,0.004435361937807247,0.011587753764504383,20.43000030517578,6816.89013671875,-0.0011385210916523558,22902.890625,0.003525949632005032,56924.109375,0.018405638553428805,25893.5390625,0.005480602574289728,3986.22509765625,0.005056312431380716,77550.25,0.011987234794371027,4787.39990234375,-0.006351203332555011,92.46980285644531,0.0021132496428377667,19.229999542236328,-0.013340186348648642,-0.000399481029866644,SENSEX_outperform,-0.019167921277950195,Q4,negative,mixed
2026-04-20 12:26:00+05:30,2026-04-20,ATM_PLUS_300,300,24750.0,2026-04-21,2026-04-28,2026-04-21 15:59:00+05:30,2026-04-21 15:29:00+05:30,2026-04-21 15:29:00+05:30,269.7500000000022,269.7500000000022,269.7500000000022,269.7500000000022,True,True,162.39300000000003,331.77737499999995,378.7387500001037,118.0743171497536,92931.15,120.0,33.018437595,0.09293115,0.9103852875,0.64696588125,1.55735116875,45.6958490625,15.833317500000003,61.52916656250001,16.906500000000143,27.5600463741,11271.000000000096,260.6644328503501,24353.55078125,24165.900390625,24371.900390625,24096.05078125,498600,24196.75,-0.0012749484693191926,0.006480241406387144,18.09000015258789,7126.06005859375,0.012040463669150903,24468.48046875,0.015175945510511601,58475.8984375,-0.017514625054842914,26160.330078125,-0.008862900099386839,4051.425048828125,-0.0010164030133062996,78493.5390625,0.0064734956024767865,4879.60009765625,0.014828587206488386,93.04789733886719,-0.003629049552730912,17.479999542236328,-0.02564108016318145,6.745803910357395e-06,NIFTY_outperform,0.0015582622464735962,Q3,flat,risk_on
2026-04-28 09:24:00+05:30,2026-04-28,ATM_MINUS_350,-350,23750.0,2026-04-28,2026-05-05,2026-04-28 15:59:00+05:30,2026-04-28 15:29:00+05:30,2026-04-28 15:30:00+05:30,305.49999999999835,305.49999999999835,305.49999999999835,305.49999999999835,True,True,364.137375,108.16975,828.4006249999547,569.545843996676,88497.199375,120.0,31.4430549379375,0.0884971993749999,0.86454346875,0.2109310125,1.07547448125,43.4686809375,35.5033940625,78.97207499999999,0.0,27.27567938471625,0.0,258.8547810032788,24092.69921875,23945.44921875,24130.69921875,23936.19921875,430300,23897.94921875,0.001987618249800871,0.008149234824183171,19.709999084472656,7173.91015625,0.0012323767534654362,24887.099609375,0.0020332896126786792,60537.359375,0.013751376792643155,25925.650390625,-0.0020178527983187866,4086.343994140625,0.0015794730143190439,77303.6328125,0.008340552484408681,4693.7001953125,-0.009955853952519855,94.25029754638672,0.00145992490332425,18.020000457763672,-0.03687860291140321,-0.00019131766022550956,SENSEX_outperform,-0.0017764231286999665,Q4,flat,risk_on
2026-05-04 13:18:00+05:30,2026-05-04,ATM_MINUS_400,-400,23700.0,2026-05-05,2026-05-12,2026-05-05 15:59:00+05:30,2026-05-05 15:29:00+05:30,2026-05-05 15:30:00+05:30,116.99999999999888,116.99999999999888,116.99999999999888,116.99999999999888,True,True,463.0395,71.72887499999999,3741.7656250000487,3455.706209524885,106129.65187500004,120.0,37.707865311187504,0.106129651875,1.0714669875,0.1398713062499999,1.21133829375,53.481211875,45.14635125,98.627563125,0.0,28.40651909335125,0.0,286.05941547516375,23997.55078125,23996.94921875,24087.44921875,23796.849609375,505500,24177.650390625,-0.007473892994377507,-0.007449012061355398,17.440000534057617,7230.1201171875,0.002928328889657106,25114.439453125,0.0089235953340574,59513.12109375,0.0038491948969949785,,,,,,,4644.5,0.0032183994361183466,94.75910186767578,-0.0016593642795715846,16.989999771118164,0.00592068591376127,,SENSEX_outperform,0.002750280668290861,Q3,positive,risk_on
2026-05-11 13:38:00+05:30,2026-05-11,ATM_MINUS_300,-300,23650.0,2026-05-12,2026-05-19,2026-05-12 15:59:00+05:30,2026-05-12 15:29:00+05:30,2026-05-12 15:30:00+05:30,58.50000000000037,58.50000000000037,58.50000000000037,58.50000000000037,True,True,153.8145,340.900125,5324.06062500005,5054.372897887201,93405.804375,120.0,33.1870822944375,0.093405804375,0.9201596625,0.6647552437500001,1.58491490625,45.8660475,14.996913750000004,60.862961250000005,26.36887500000007,27.59048785778625,17579.250000000047,269.68772711284885,24176.150390625,24233.650390625,24253.80078125,24126.650390625,335900,24326.650390625,-0.0038229677537454654,-0.006186630612244115,16.6200008392334,7398.93017578125,0.008425703533400997,26247.080078125,0.0170843003899106,62713.6484375,-0.0019128451571459593,26393.7109375,-0.008734542170985793,4179.953125,-3.3174361171561806e-05,77328.1875,-0.006632912820316195,4730.7001953125,0.00420308080816989,94.25299835205078,-0.0037523607995186836,17.190000534057617,0.006440316794081857,0.00044628220807207963,NIFTY_outperform,-0.008522894584983343,Q3,negative,risk_on
2026-05-18 10:33:00+05:30,2026-05-18,ATM_MINUS_250,-250,23150.0,2026-05-19,2026-05-26,2026-05-19 15:59:00+05:30,2026-05-19 15:29:00+05:30,2026-05-19 15:30:00+05:30,9.749999999998522,9.749999999998522,9.749999999998522,9.749999999998522,True,True,523.039125,73.934375,-1368.6643749999964,-1648.8476422338526,98892.503125,120.0,35.1365063603125,0.098892503125,0.90344548125,0.14417203125,1.0476175125,44.96156437500001,50.9963146875,95.9578790625,0.0,27.942371795418747,0.0,280.18326723385627,23643.5,23731.400390625,23839.30078125,23610.30078125,408900,23689.599609375,0.001764520377687484,-0.0019459851637491088,18.610000610351562,7408.5,-0.012363320128051747,26225.140625,-0.015396158443578667,61409.2890625,-0.01986721853142348,25962.73046875,-0.016154760040345773,4135.38916015625,-0.010179195065573299,75237.9921875,-0.0021316882456970943,4561.89990234375,-0.02633767474608395,95.70989990234375,0.0001473327040335537,18.43000030517578,0.06778679378787822,0.00018570308194798546,NIFTY_outperform,-0.006822204041279867,Q4,negative,risk_off
