entry_timestamp,entry_date,candidate_label,shift_points,strike,near_expiry,far_expiry,near_exit_timestamp,far_call_exit_timestamp,far_put_exit_timestamp,chart_pnl_inr,estimated_max_profit_inr,estimated_min_pnl_inr,estimated_equal_max_profit_loss_inr,estimated_all_green_flatline,estimated_flatline_is_constant,far_call_exit_executed_per_unit,far_put_exit_executed_per_unit,gross_pnl_inr,net_pnl_inr,premium_turnover_inr,brokerage,exchange_transaction,sebi_fee,stamp_duty_entry,stamp_duty_exit,stamp_duty,stt_entry_sales,stt_exit_sales,stt_sale_transactions,stt_exercise,gst,exercised_intrinsic_inr,total_costs,near_call,near_put,far_call,far_put,flatline_inr,near_lot_size,estimated_six_order_cost_inr,cost_to_flatline,estimated_gate_uses_future_exit_prices
2021-06-01 03:50:00+00:00,2021-06-01,ATM_PLUS_400,400,16000.0,2021-06-03,2021-06-10,2021-06-03 15:31:00+05:30,2021-06-03 15:30:00+05:30,2021-06-03 15:29:00+05:30,187.50000000000426,187.50000000000426,187.50000000000426,187.50000000000426,True,True,16.9575,327.51674999999994,-44.268750000019,-288.985925959669,91265.09999999999,120.0,32.42649003,0.09126509999999999,0.9810840937499999,0.7369126874999998,1.7179967812499997,32.72672812500001,1.2718125,33.99854062500001,29.029687499999966,27.453195923399996,23223.74999999997,244.71717595964995,2.35,414.55,20.4,435.1,187.50000000000426,75,219.71997709402498,1.1718398778347732,False
2021-06-07 03:54:00+00:00,2021-06-07,ATM_MINUS_300,-300,15400.0,2021-06-10,2021-06-17,2021-06-10 15:31:00+05:30,2021-06-10 15:30:00+05:30,2021-06-10 15:30:00+05:30,168.75000000000108,168.75000000000108,168.75000000000108,168.75000000000108,True,True,355.80825,24.36075,-437.18437499999396,-667.3867907253502,81811.003125,120.0,29.067449410312502,0.081811003125,0.798942375,0.0548116875,0.8537540625,26.666915625000005,26.68561875,53.352534375000005,0.0,26.84686687441875,0.0,230.20241572535627,309.75,14.2,340.0,46.7,168.75000000000108,75,229.1863908171187,1.3581415752125465,False
2021-06-14 03:52:00+00:00,2021-06-14,ATM_MINUS_400,-400,15300.0,2021-06-17,2021-06-24,2021-06-17 15:31:00+05:30,2021-06-17 15:29:00+05:30,2021-06-17 15:30:00+05:30,266.24999999999926,266.24999999999926,266.24999999999926,266.24999999999926,True,True,405.88275,25.613875,-746.718749999971,-999.1190701787335,103615.33125,120.0,36.814527193125,0.10361533125,1.06747453125,0.057631218750000004,1.1251057500000001,35.6706,30.44120625,66.11180625,0.0,28.245265654387502,0.0,252.40032017876254,439.95,11.25,462.0,36.85,266.24999999999926,75,258.6382859970375,0.9714114028057773,False
2021-06-21 07:47:00+00:00,2021-06-21,ATM_PLUS_300,300,15950.0,2021-06-24,2021-07-01,2021-06-24 15:31:00+05:30,2021-06-24 15:30:00+05:30,2021-06-24 15:29:00+05:30,2171.249999999999,2171.249999999999,2171.249999999999,2171.249999999999,True,True,57.106875,192.17924999999997,3871.499999999949,3650.6564985961368,72919.78124999999,120.0,25.908398278125002,0.07291978125,0.7828146562499999,0.4324033124999999,1.2152179687499998,28.1295,4.283015625,32.412515625,14.957812499999932,26.276637250687497,11966.249999999945,220.84350140381238,11.75,293.05,54.0,364.25,2171.249999999999,75,211.38407564328753,0.09735593581728848,False
2021-06-28 03:51:00+00:00,2021-06-28,ATM_PLUS_300,300,16200.0,2021-07-01,2021-07-08,2021-07-01 15:31:00+05:30,2021-07-01 15:30:00+05:30,2021-07-01 15:29:00+05:30,108.75000000000341,108.75000000000341,108.75000000000341,108.75000000000341,True,True,3.4413750000000003,497.94174999999996,1890.037500000011,1633.424544614786,90077.21250000001,120.0,32.00443360125001,0.0900772125,0.7874386874999999,1.1203689374999999,1.9078076249999998,26.225521875000005,0.25810312500000004,26.483625000000007,48.75,27.377011946475,39000.0,256.612955385225,4.75,322.2,26.9,345.8,108.75000000000341,75,205.24436694999378,1.8873045236780446,False
2021-07-05 03:51:00+00:00,2021-07-05,ATM_PLUS_400,400,16200.0,2021-07-08,2021-07-15,2021-07-08 15:31:00+05:30,2021-07-08 15:30:00+05:30,2021-07-08 15:29:00+05:30,232.5000000000017,232.5000000000017,232.5000000000017,232.5000000000017,True,True,5.735625000000001,474.18249999999995,348.96562500003796,87.50094528733166,99000.77812500001,120.0,35.174976467812506,0.09900077812500001,0.9439790625000001,1.0669106249999998,2.0108896874999997,31.540950000000006,0.4301718750000001,31.971121875000005,44.259375000000034,27.94931590426875,35407.50000000003,261.4646797127063,2.6,408.7,9.8,419.0,232.5000000000017,75,215.8068645538875,0.9282015679737028,False
2021-07-12 03:52:00+00:00,2021-07-12,ATM_MINUS_400,-400,15400.0,2021-07-15,2021-07-22,2021-07-15 15:31:00+05:30,2021-07-15 15:28:00+05:30,2021-07-15 15:30:00+05:30,603.7499999999974,603.7499999999974,603.7499999999974,603.7499999999974,True,True,533.56275,6.91725,635.6343749999525,380.0431525922712,101145.74062499999,120.0,35.9370816440625,0.10114574062499998,0.9023627812499998,0.015563812500000001,0.9179265937499999,30.53098125,40.01720625,70.5481875,0.0,28.08688092924375,0.0,255.59122240768124,383.15,5.6,394.45,24.95,603.7499999999974,75,241.27743146686873,0.39963135646686504,False
2021-07-19 03:51:00+00:00,2021-07-19,ATM_PLUS_400,400,16200.0,2021-07-22,2021-07-29,2021-07-22 15:31:00+05:30,2021-07-22 15:30:00+05:30,2021-07-22 15:29:00+05:30,476.2500000000017,476.2500000000017,476.2500000000017,476.2500000000017,True,True,5.236875,384.809625,50.35312500006057,-197.8990818330333,90928.54687500001,120.0,32.3069127046875,0.090928546875,0.920295,0.86582165625,1.78611665625,30.998559375000006,0.39276562500000006,31.391325000000005,35.24531250000007,27.43161142528125,28196.250000000055,248.25220683309388,3.5,395.75,12.25,410.85,476.2500000000017,75,214.66516703559378,0.4507405082112189,False
2021-08-02 03:51:00+00:00,2021-08-02,ATM_MINUS_300,-300,15550.0,2021-08-05,2021-08-12,2021-08-05 15:31:00+05:30,2021-08-05 15:15:00+05:30,2021-08-05 15:29:00+05:30,25.000000000001066,25.000000000001066,25.000000000001066,25.000000000001066,True,True,729.9206250000001,7.1678749999999996,-1153.6500000000103,-1379.5083579908353,71369.36250000002,120.0,25.357534496250004,0.0713693625,0.518643375,0.0107518125,0.5293951875,17.226825,36.49603125000001,53.72285625000001,0.0,26.177202694575,0.0,225.85835799082503,310.75,9.95,334.95,34.65,25.000000000001066,50,198.36829607410002,7.934731842963663,False
2021-08-09 03:50:00+00:00,2021-08-09,ATM_MINUS_300,-300,16000.0,2021-08-12,2021-08-18,2021-08-12 15:31:00+05:30,2021-08-12 15:29:00+05:30,2021-08-12 15:29:00+05:30,134.99999999999767,134.99999999999767,134.99999999999767,134.99999999999767,True,True,368.92537500000003,9.52375,-198.55624999998156,-397.8919879195191,52377.11875,120.0,18.609590291875,0.05237711875,0.5010495,0.014285625,0.515335125,16.7530125,18.44626875,35.19928125,0.0,24.959154133912502,0.0,199.33573791953754,295.0,13.1,320.1,40.9,134.99999999999767,50,196.520191001925,1.455705118532803,False
2021-08-16 03:50:00+00:00,2021-08-16,ATM_MINUS_200,-200,16350.0,2021-08-18,2021-08-26,2021-08-18 15:31:00+05:30,2021-08-18 15:29:00+05:30,2021-08-18 15:30:00+05:30,260.00000000000085,260.00000000000085,260.00000000000085,260.00000000000085,True,True,242.3925,37.643874999999994,-513.6562499999258,-699.0750402971632,41436.168750000004,120.0,14.722270756875002,0.04143616875,0.4086440625,0.05646581249999999,0.465109875,13.81288125,12.119625000000001,25.932506250000003,0.0,24.2574672466125,0.0,185.4187902972375,200.55,32.8,238.95,76.4,260.00000000000085,50,186.00902697206254,0.7154193345079305,False
2021-08-23 04:18:00+00:00,2021-08-23,ATM_PLUS_300,300,16850.0,2021-08-26,2021-09-02,2021-08-26 15:31:00+05:30,2021-08-26 15:29:00+05:30,2021-08-26 15:29:00+05:30,57.49999999999886,57.49999999999886,57.49999999999886,57.49999999999886,True,True,19.900125,244.55987499999998,-608.1312500000678,-802.7504681121802,48280.35625,120.0,17.154010575625,0.048280356249999996,0.5263124999999998,0.3668398125,0.8931523124999998,17.513606250000002,0.99500625,18.5086125,13.318749999999909,24.696412367737498,10654.999999999927,194.61921811211238,5.75,317.0,33.0,345.4,57.49999999999886,50,184.51552274531252,3.2089656129620203,False
2021-08-30 03:50:00+00:00,2021-08-30,ATM_PLUS_250,250,17050.0,2021-09-02,2021-09-09,2021-09-02 15:31:00+05:30,2021-09-02 15:29:00+05:30,2021-09-02 15:29:00+05:30,480.00000000000114,480.00000000000114,480.00000000000114,480.00000000000114,True,True,237.50475,46.716499999999996,736.4374999999285,548.4815493346035,44399.862499999996,120.0,15.775271146249999,0.04439986249999999,0.44676412499999996,0.07007474999999999,0.5168388749999999,15.296662499999998,11.875237499999999,27.171899999999997,0.0,24.447540781574997,0.0,187.95595066532496,7.7,263.4,33.7,299.0,480.00000000000114,50,179.174095546725,0.3732793657223429,False
2021-09-06 03:50:00+00:00,2021-09-06,ATM,0,17400.0,2021-09-09,2021-09-16,2021-09-09 15:31:00+05:30,2021-09-09 15:30:00+05:30,2021-09-09 15:30:00+05:30,15.000000000000568,15.000000000000568,15.000000000000568,15.000000000000568,True,True,85.336125,118.29499999999999,-158.44374999999857,-334.2401678916361,35381.518749999996,120.0,12.571053611875,0.03538151874999999,0.37871943750000003,0.17744249999999998,0.5561619375,12.575981250000002,4.26680625,16.8427875,1.921875,23.869158323512497,1537.5,175.7964178916375,87.15,106.55,145.3,165.0,15.000000000000568,50,179.16864679995,11.944576453329548,False
2021-09-13 03:51:00+00:00,2021-09-13,ATM_MINUS_100,-100,17250.0,2021-09-16,2021-09-23,2021-09-16 15:31:00+05:30,2021-09-16 15:29:00+05:30,2021-09-16 15:30:00+05:30,137.5,137.5,137.5,137.5,True,True,388.675875,24.009874999999997,-668.3187500000003,-862.0907264590877,46281.44375,120.0,16.443796964375004,0.046281443750000005,0.38360662500000003,0.0360148125,0.4196214375,12.86026875,19.43379375,32.294062499999995,0.0,24.568214113462496,0.0,193.77197645908748,137.0,65.1,190.0,120.85,137.5,50,181.815751371925,1.3222963736139999,False
2021-09-20 03:50:00+00:00,2021-09-20,ATM_PLUS_300,300,17750.0,2021-09-23,2021-09-30,2021-09-23 15:31:00+05:30,2021-09-23 15:30:00+05:30,2021-09-23 15:29:00+05:30,129.9999999999983,129.9999999999983,129.9999999999983,129.9999999999983,True,True,186.5325,94.235,1007.1374999999641,816.3838413187641,50133.05,120.0,17.812272665000002,0.05013305,0.5408236875,0.1413525,0.6821761875,18.067218750000002,9.326625,27.393843750000002,0.0,24.8152330287,0.0,190.7536586812,17.75,301.35,58.3,344.5,129.9999999999983,50,187.2918071878,1.440706209136942,False
2021-09-27 04:04:00+00:00,2021-09-27,ATM_MINUS_250,-250,17650.0,2021-09-30,2021-10-07,2021-09-30 15:31:00+05:30,2021-09-30 15:29:00+05:30,2021-09-30 15:29:00+05:30,25.0,25.0,25.0,25.0,True,True,143.14125,174.93625,-69.33750000006782,-263.3266801446927,54738.81250000001,120.0,19.448700081250003,0.054738812500000004,0.583605375,0.262404375,0.84600975,19.381425000000004,7.157062500000001,26.538487500000006,1.990624999999909,25.110619000874998,1592.4999999999272,193.9891801446249,303.6,27.6,360.5,85.0,25.0,50,205.35100339200002,8.214040135680001,False
2021-10-04 03:50:00+00:00,2021-10-04,ATM_MINUS_350,-350,17300.0,2021-10-07,2021-10-14,2021-10-07 15:31:00+05:30,2021-10-07 15:29:00+05:30,2021-10-07 15:29:00+05:30,129.99999999999972,129.99999999999972,129.99999999999972,129.99999999999972,True,True,535.75725,16.14025,1490.8250000000721,1272.4359337503722,68604.54999999999,120.0,24.375196615000004,0.06860455,0.614733,0.024210375000000003,0.638943375,20.518575000000002,26.7878625,47.3064375,0.0,25.9998842097,0.0,218.38906624969997,338.8,22.95,385.85,72.6,129.99999999999972,50,208.9495464451375,1.6073042034241383,False
2021-10-11 03:50:00+00:00,2021-10-11,ATM_PLUS_250,250,18150.0,2021-10-14,2021-10-21,2021-10-14 15:31:00+05:30,2021-10-14 15:29:00+05:30,2021-10-14 15:29:00+05:30,165.0000000000034,165.0000000000034,165.0000000000034,165.0000000000034,True,True,253.5645,48.621249999999996,901.2875000000392,709.3479587857893,48458.87500000001,120.0,17.217438287500002,0.048458875,0.49901943750000005,0.07293187500000001,0.5719513125000001,16.71560625,12.678225000000001,29.39383125,0.0,24.707861489249996,0.0,191.93954121425,21.3,264.0,67.85,313.85,165.0000000000034,50,184.72880808147502,1.1195685338270982,False
2021-10-18 03:50:00+00:00,2021-10-18,ATM_MINUS_200,-200,18250.0,2021-10-21,2021-10-28,2021-10-21 15:31:00+05:30,2021-10-21 15:30:00+05:30,2021-10-21 15:30:00+05:30,277.4999999999999,277.4999999999999,277.4999999999999,277.4999999999999,True,True,146.383125,150.375,3585.5625000000737,3392.912368774849,49774.7125,120.0,17.68495535125,0.0497747125,0.5211997500000001,0.2255625,0.7467622500000001,17.563481250000002,7.31915625,24.8826375,4.493750000000091,24.792251411475004,3595.0000000000728,192.6501312252251,239.95,40.6,306.0,112.2,277.4999999999999,50,198.5848628752625,0.7156211274784238,False
2021-11-08 03:51:00+00:00,2021-11-08,ATM_PLUS_150,150,18050.0,2021-11-11,2021-11-18,2021-11-11 15:31:00+05:30,2021-11-11 15:30:00+05:30,2021-11-11 15:29:00+05:30,235.00000000000227,235.00000000000227,235.00000000000227,235.00000000000227,True,True,71.022,215.63774999999998,1742.4750000000756,1549.2915707334755,47027.40000000001,120.0,16.70883522,0.0470274,0.48811725,0.323456625,0.811573875,16.4238375,3.5511000000000004,19.974937500000003,11.025000000000091,24.616055271599997,8820.000000000073,193.18342926660006,67.95,190.0,134.6,261.35,235.00000000000227,50,187.6941808037125,0.7986986417179178,False
2021-11-15 06:02:00+00:00,2021-11-15,ATM_MINUS_350,-350,17750.0,2021-11-18,2021-11-25,2021-11-18 15:31:00+05:30,2021-11-18 15:30:00+05:30,2021-11-18 15:30:00+05:30,10.000000000000497,10.000000000000497,10.000000000000497,10.000000000000497,True,True,136.6575,114.234875,278.05625000004034,81.91817338885284,57774.59375,120.0,20.527313159375,0.05777459375,0.6799957499999998,0.17135231250000002,0.8513480624999998,22.56345,6.8328750000000005,29.396325,0.0,25.3053157955625,0.0,196.1380766111875,400.0,18.25,433.95,52.4,10.000000000000497,50,215.78556953006247,21.578556953005176,False
2021-11-22 07:11:00+00:00,2021-11-22,ATM_MINUS_250,-250,17250.0,2021-11-25,2021-12-02,2021-11-25 15:31:00+05:30,2021-11-25 15:29:00+05:30,2021-11-25 15:29:00+05:30,627.4999999999999,627.4999999999999,627.4999999999999,627.4999999999999,True,True,354.062625,33.4835,2248.9250000000056,2045.6098003174307,57388.2375,120.0,20.390040783750003,0.0573882375,0.5621769375000001,0.05022525,0.6124021875000001,19.271700000000003,17.703131250000002,36.97483125000001,0.0,25.280537223825,0.0,203.31519968257504,298.85,37.85,336.0,87.55,627.4999999999999,50,203.19530205075003,0.3238172144235061,False
2021-11-29 03:50:00+00:00,2021-11-29,ATM_PLUS_300,300,17150.0,2021-12-02,2021-12-09,2021-12-02 15:31:00+05:30,2021-12-02 15:29:00+05:30,2021-12-02 15:29:00+05:30,12.499999999997158,12.499999999997158,12.499999999997158,12.499999999997158,True,True,332.1675,68.17,509.59374999992804,297.91357998974047,68129.34375000001,120.0,24.206355834375007,0.06812934375000002,0.72330375,0.102255,0.82555875,24.00234375,16.608375,40.610718750000004,0.0,25.969407332062502,0.0,211.68017001018754,64.3,342.1,138.9,416.95,12.499999999997158,50,205.80791590315,16.464633272255742,False
2021-12-06 03:55:00+00:00,2021-12-06,ATM_PLUS_400,400,17550.0,2021-12-09,2021-12-16,2021-12-09 15:31:00+05:30,2021-12-09 15:30:00+05:30,2021-12-09 15:30:00+05:30,2.5000000000005684,2.5000000000005684,2.5000000000005684,2.5000000000005684,True,True,123.59025000000001,152.430125,107.32500000007192,-89.91897821685316,58073.512500000004,120.0,20.633518991250003,0.0580735125,0.665710125,0.2286451875,0.8943553125000001,22.08215625,6.179512500000001,28.261668750000002,2.071875000000091,25.324486650675,1657.5000000000728,197.2439782169251,21.25,378.8,63.9,421.5,2.5000000000005684,50,197.00509771708752,78.80203908681709,False
2021-12-13 03:50:00+00:00,2021-12-13,ATM_PLUS_200,200,17850.0,2021-12-16,2021-12-23,2021-12-16 15:31:00+05:30,2021-12-16 15:30:00+05:30,2021-12-16 15:27:00+05:30,397.5000000000023,397.5000000000023,397.5000000000023,397.5000000000023,True,True,8.977500000000001,555.385,3075.4312499999287,2852.3655573549663,60894.63125,120.0,21.635862483125,0.06089463125,0.48541049999999997,0.8330775,1.3184879999999999,16.496156250000002,0.4488750000000001,16.945031250000003,37.59999999999991,25.5054162805875,30079.999999999927,223.0656926449624,32.9,237.6,85.2,297.85,397.5000000000023,50,185.080660762475,0.46561172518861366,False
2021-12-21 09:15:00+00:00,2021-12-21,ATM_PLUS_400,400,17150.0,2021-12-23,2021-12-30,2021-12-23 15:31:00+05:30,2021-12-23 15:29:00+05:30,2021-12-23 15:29:00+05:30,40.00000000000057,40.00000000000057,40.00000000000057,40.00000000000057,True,True,98.25375000000001,188.47,-707.7499999999241,-905.3909442743992,57111.087499999994,120.0,20.291569388750005,0.057111087500000005,0.6426275625,0.282705,0.9253325625,21.35398125,4.912687500000001,26.26666875,4.837500000000091,25.262762485725002,3870.0000000000728,197.64094427447512,9.3,382.85,44.5,418.85,40.00000000000057,50,194.18999268508747,4.854749817127118,False
2021-12-27 04:40:00+00:00,2021-12-27,ATM_MINUS_400,-400,16600.0,2021-12-30,2022-01-06,2021-12-30 15:31:00+05:30,2021-12-30 15:29:00+05:30,2021-12-30 15:30:00+05:30,50.00000000000142,50.00000000000142,50.00000000000142,50.00000000000142,True,True,655.3575000000001,17.092624999999998,1638.9937499999746,1403.075028149012,84322.38125,120.0,29.959742058125002,0.08432238125000001,0.761649375,0.025638937499999997,0.7872883125,25.311562500000004,32.767875000000004,58.07943750000001,0.0,27.0079315990875,0.0,235.9187218509625,431.85,27.0,479.5,75.65,50.00000000000142,50,224.6669570293875,4.493339140587622,False
2022-01-03 04:27:00+00:00,2022-01-03,ATM_MINUS_400,-400,17100.0,2022-01-06,2022-01-13,2022-01-06 15:31:00+05:30,2022-01-06 15:29:00+05:30,2022-01-06 15:29:00+05:30,5.000000000000426,5.000000000000426,5.000000000000426,5.000000000000426,True,True,677.3025,22.857,317.3249999999314,84.14912866170638,80987.96250000001,120.0,28.775023076250005,0.08098796250000001,0.6913490625000001,0.0342855,0.7256345625,22.935018750000005,33.865125,56.800143750000004,0.0,26.794081986974994,0.0,233.175871338225,404.05,16.75,443.0,55.8,5.000000000000426,50,217.20172708147498,43.440345416291294,False
2022-01-10 03:56:00+00:00,2022-01-10,ATM_PLUS_400,400,18300.0,2022-01-13,2022-01-20,2022-01-13 15:31:00+05:30,2022-01-13 15:30:00+05:30,2022-01-13 15:30:00+05:30,317.50000000000114,317.50000000000114,317.50000000000114,317.50000000000114,True,True,129.525375,153.08174999999997,1138.8875000000396,940.4476200999145,58447.06250000001,120.0,20.766241306250002,0.05844706250000001,0.6616500000000001,0.22962262499999997,0.891272625,22.261706250000003,6.47626875,28.737975000000002,2.6375000000000455,25.348443906375,2110.0000000000364,198.43987990012505,14.85,385.05,54.95,431.5,317.50000000000114,50,196.79090096835,0.6198138613176356,False
2022-01-17 03:55:00+00:00,2022-01-17,ATM_PLUS_400,400,18700.0,2022-01-20,2022-01-27,2022-01-20 15:31:00+05:30,2022-01-20 15:29:00+05:30,2022-01-20 15:29:00+05:30,24.999999999997158,24.999999999997158,24.999999999997158,24.999999999997158,True,True,4.339125,886.661125,2948.162499999995,2685.954304229195,88844.95,120.0,31.566610735,0.08884494999999999,0.665710125,1.3299916875000002,1.9957018125000001,22.104599999999998,0.21695625000000002,22.321556249999997,58.9375,27.2979820233,47150.0,262.20819577080005,8.05,403.1,39.6,435.15,24.999999999997158,50,195.6236545989625,7.82494618395939,False
2022-01-24 08:45:00+00:00,2022-01-24,ATM_MINUS_200,-200,16850.0,2022-01-27,2022-02-03,2022-01-27 15:31:00+05:30,2022-01-27 15:29:00+05:30,2022-01-27 15:30:00+05:30,105.00000000000256,105.00000000000256,105.00000000000256,105.00000000000256,True,True,459.4485,135.43775,3157.3374999999314,2927.4277326247316,86024.05,120.0,30.564344965000004,0.08602405,0.8447315624999999,0.203156625,1.0478881875,28.12201875,22.972425000000005,51.09444375,0.0,27.1170664227,0.0,229.90976737519998,338.85,109.1,452.65,225.0,105.00000000000256,50,231.37631899856248,2.2035839904624464,False
2022-01-31 03:50:00+00:00,2022-01-31,ATM_MINUS_50,-50,17250.0,2022-02-03,2022-02-10,2022-02-03 15:31:00+05:30,2022-02-03 15:30:00+05:30,2022-02-03 15:30:00+05:30,65.00000000000057,65.00000000000057,65.00000000000057,65.00000000000057,True,True,345.135,100.25,-3338.462500000034,-3558.325339174009,77354.08750000001,120.0,27.483907288750004,0.0773540875,0.8273632499999999,0.150375,0.9777382499999999,27.506062500000002,17.25675,44.7628125,0.0,26.561027047725,0.0,219.862839173975,266.05,204.05,346.15,285.45,65.00000000000057,50,224.060556684,3.447085487446124,False
2022-02-07 03:50:00+00:00,2022-02-07,ATM_MINUS_350,-350,17150.0,2022-02-10,2022-02-17,2022-02-10 15:31:00+05:30,2022-02-10 15:29:00+05:30,2022-02-10 15:29:00+05:30,102.49999999999915,102.49999999999915,102.49999999999915,102.49999999999915,True,True,487.97700000000003,28.2705,170.18125000007558,-53.52667135196194,75869.61875000001,120.0,26.956475541875005,0.07586961875,0.7511983125,0.04240575,0.7936040625,25.0173,24.398850000000003,49.41615,0.0,26.4658221289125,0.0,223.70792135203752,404.75,36.0,463.55,96.85,102.49999999999915,50,223.4407490053125,2.179909746393311,False
2022-02-14 03:50:00+00:00,2022-02-14,ATM_MINUS_400,-400,16500.0,2022-02-17,2022-02-24,2022-02-17 15:31:00+05:30,2022-02-17 15:29:00+05:30,2022-02-17 15:30:00+05:30,94.99999999999886,94.99999999999886,94.99999999999886,94.99999999999886,True,True,810.019875,49.02224999999999,-2256.993749999924,-2521.5003839234614,111701.86875,120.0,39.687673966874996,0.11170186874999999,1.0323995625,0.073533375,1.1059329375,34.33644375,40.50099374999999,74.8374375,0.0,28.7638876504125,0.0,264.5066339235375,535.0,99.55,587.0,153.45,94.99999999999886,50,250.9236892668375,2.6413019922825316,False
2022-02-21 04:00:00+00:00,2022-02-21,ATM_MINUS_350,-350,16800.0,2022-02-24,2022-03-03,2022-02-24 15:31:00+05:30,2022-02-24 15:29:00+05:30,2022-02-24 15:29:00+05:30,390.00000000000057,390.00000000000057,390.00000000000057,390.00000000000057,True,True,105.735,684.7075,-1098.6750000000313,-1351.1659292341312,96541.15,120.0,34.301070595,0.09654114999999999,0.851573625,1.02706125,1.878634875,28.633237500000007,5.2867500000000005,33.919987500000005,34.503124999999955,27.7915701141,27602.499999999964,252.49092923409998,410.85,72.2,494.1,163.25,390.00000000000057,50,233.74749949073748,0.5993525627967619,False
2022-02-28 03:50:00+00:00,2022-02-28,ATM_MINUS_100,-100,16350.0,2022-03-03,2022-03-10,2022-03-03 15:31:00+05:30,2022-03-03 15:29:00+05:30,2022-03-03 15:29:00+05:30,482.5000000000017,482.5000000000017,482.5000000000017,482.5000000000017,True,True,364.18725000000006,202.505,1006.6562500000487,775.5578057717362,91315.90625000001,120.0,32.44454149062501,0.09131590625000001,0.93984375,0.3037575,1.24360125,31.65316875000001,18.209362500000005,49.86253125000002,0.0,27.4564543314375,0.0,231.0984442283125,297.35,192.85,432.15,337.3,482.5000000000017,50,238.90334817587504,0.4951364729033662,False
2022-03-07 03:50:00+00:00,2022-03-07,ATM_MINUS_100,-100,15750.0,2022-03-10,2022-03-17,2022-03-10 15:31:00+05:30,2022-03-10 15:25:00+05:30,2022-03-10 15:30:00+05:30,292.50000000000114,292.50000000000114,292.50000000000114,292.50000000000114,True,True,879.5456250000001,52.3305,-743.8250000000664,-1006.0426051996164,107425.575,120.0,38.1683067975,0.107425575,0.91037025,0.07849575,0.988866,30.486093750000006,43.97728125000001,74.46337500000001,0.0,28.48963182705,0.0,262.21760519955,304.75,173.4,432.0,306.5,292.50000000000114,50,236.09703712926253,0.8071693577068774,False
2022-03-14 03:50:00+00:00,2022-03-14,ATM_PLUS_150,150,16850.0,2022-03-17,2022-03-24,2022-03-17 15:31:00+05:30,2022-03-17 15:29:00+05:30,2022-03-17 15:30:00+05:30,392.50000000000114,392.50000000000114,392.50000000000114,392.50000000000114,True,True,523.6875,68.47075,1171.0312500000384,941.999435351876,81529.43125,120.0,28.967406923125,0.08152943124999999,0.7748823750000001,0.102706125,0.8775885000000001,26.09210625,26.184375,52.27648125,0.0,26.8288085437875,0.0,229.03181464816248,126.65,303.05,212.25,396.5,392.50000000000114,50,214.28540905970002,0.5459500867763042,False
2022-03-21 03:56:00+00:00,2022-03-21,ATM_PLUS_350,350,17650.0,2022-03-24,2022-03-31,2022-03-24 15:31:00+05:30,2022-03-24 15:30:00+05:30,2022-03-24 15:29:00+05:30,294.99999999999886,294.99999999999886,294.99999999999886,294.99999999999886,True,True,46.8825,485.21,-391.8499999999966,-624.2441806096716,79793.88750000001,120.0,28.350768228750006,0.07979388750000001,0.7954085625,0.727815,1.5232235625000001,26.675643750000006,2.344125,29.019768750000004,26.703125,26.717501180924998,21362.5,232.394180609675,58.25,381.3,147.65,476.6,294.99999999999886,50,212.65444164796253,0.7208625140608927,False
2022-03-28 06:43:00+00:00,2022-03-28,ATM_PLUS_300,300,17350.0,2022-03-31,2022-04-07,2022-03-31 15:31:00+05:30,2022-03-31 15:30:00+05:30,2022-03-31 15:29:00+05:30,587.5,587.5,587.5,587.5,True,True,266.43225,111.27749999999999,2486.8187500000004,2278.320598215863,67251.51875,120.0,23.894464611875,0.06725151875,0.7184917500000001,0.16691625,0.8854080000000001,24.41630625,13.3216125,37.737918750000006,0.0,25.9131089035125,0.0,208.4981517841375,55.55,321.3,156.5,434.0,587.5,50,207.9554846369375,0.3539667823607447,False
2022-04-04 03:50:00+00:00,2022-04-04,ATM_PLUS_300,300,18150.0,2022-04-07,2022-04-13,2022-04-07 15:31:00+05:30,2022-04-07 15:30:00+05:30,2022-04-07 15:25:00+05:30,2675.0,2675.0,2675.0,2675.0,True,True,23.94,476.1875,5480.425000000039,5254.080747778165,66879.6875,120.0,23.76235296875,0.06687968749999999,0.5895451875,0.71428125,1.3038264375,22.22180625,1.197,23.41880625,31.903125000000045,25.889261878125,25522.500000000036,226.34425222187508,18.6,320.0,72.05,426.95,2675.0,50,196.76031532094999,0.07355525806390653,False
2022-04-11 05:00:00+00:00,2022-04-11,ATM_PLUS_350,350,18050.0,2022-04-13,2022-04-21,2022-04-13 15:31:00+05:30,2022-04-13 15:29:00+05:30,2022-04-13 15:29:00+05:30,882.499999999996,882.499999999996,882.499999999996,882.499999999996,True,True,11.022375000000002,580.898625,998.1812499999251,766.0320695742377,72796.34375,120.0,25.864540934375,0.07279634374999999,0.6363869999999999,0.8713479375000001,1.5077349375,21.987393750000003,0.5511187500000001,22.538512500000003,35.89687499999991,26.2687207100625,28717.499999999927,232.1491804256874,16.9,348.05,75.15,423.95,882.499999999996,50,197.2825355073875,0.22354961530582254,False
2022-04-19 09:34:00+00:00,2022-04-19,ATM_MINUS_250,-250,16750.0,2022-04-21,2022-04-28,2022-04-21 15:31:00+05:30,2022-04-21 15:29:00+05:30,2022-04-21 15:29:00+05:30,322.499999999998,322.499999999998,322.499999999998,322.499999999998,True,True,681.3922500000001,18.997374999999998,1207.837500000079,978.244927157629,76781.175,120.0,27.280351477500002,0.076781175,0.623154,0.028496062499999995,0.6516500625,20.989893750000004,34.069612500000005,55.05950625000001,0.0,26.524283877450003,0.0,229.59257284245,330.2,22.85,391.55,90.65,322.499999999998,50,210.55680505376247,0.6528893179961668,False
2022-04-25 07:09:00+00:00,2022-04-25,ATM_MINUS_350,-350,16600.0,2022-04-28,2022-05-05,2022-04-28 15:31:00+05:30,2022-04-28 15:29:00+05:30,2022-04-28 15:30:00+05:30,160.00000000000014,160.00000000000014,160.00000000000014,160.00000000000014,True,True,663.3375000000001,26.56625,-376.1124999999538,-611.1548045677288,83364.7875,120.0,29.619508998750003,0.0833647875,0.7324766249999999,0.039849375,0.7723259999999998,24.4537125,33.166875000000005,57.620587500000006,0.0,26.946517281524997,0.0,235.04230456777498,372.1,46.1,441.0,118.2,160.00000000000014,50,221.2436189095,1.3827726181843736,False
2022-05-02 03:50:00+00:00,2022-05-02,ATM_MINUS_50,-50,16950.0,2022-05-05,2022-05-12,2022-05-05 15:31:00+05:30,2022-05-05 15:29:00+05:30,2022-05-05 15:29:00+05:30,55.00000000000114,55.00000000000114,55.00000000000114,55.00000000000114,True,True,65.83500000000001,349.621875,-864.0437500000701,-1071.2519958995827,59652.70625,120.0,21.194606530625002,0.05965270625,0.5838309374999999,0.5244328125000001,1.1082637499999999,19.41883125,3.2917500000000004,22.71058125,16.70937499999991,25.425766662637503,13367.499999999927,207.20824589951246,161.9,127.8,260.45,227.45,55.00000000000114,50,201.53580312507498,3.664287329546742,False
2022-05-09 03:50:00+00:00,2022-05-09,ATM_MINUS_300,-300,15900.0,2022-05-12,2022-05-19,2022-05-12 15:31:00+05:30,2022-05-12 15:30:00+05:30,2022-05-12 15:30:00+05:30,122.50000000000227,122.50000000000227,122.50000000000227,122.50000000000227,True,True,166.5825,246.96587499999998,577.8125000000074,366.10538432818237,70884.6125,120.0,25.18530282125,0.0708846125,0.7531531874999999,0.3704488125,1.123602,25.102087500000007,8.329125,33.43121250000001,5.75,26.146113738074998,4600.0,211.70711567182502,361.3,69.35,431.5,142.0,122.50000000000227,50,222.3393774792125,1.8150153263608846,False
2022-05-16 03:50:00+00:00,2022-05-16,ATM_MINUS_300,-300,15550.0,2022-05-19,2022-05-26,2022-05-19 15:31:00+05:30,2022-05-19 15:29:00+05:30,2022-05-19 15:29:00+05:30,942.4999999999998,942.4999999999998,942.4999999999998,942.4999999999998,True,True,362.59125,125.3125,-288.3312499999775,-505.58491540624,74300.33125000002,120.0,26.398907693125008,0.07430033125000002,0.7363111875,0.18796875000000002,0.9242799375,25.361437500000005,18.1295625,43.491,0.0,26.3651774443875,0.0,217.25366540626248,356.85,73.6,416.05,151.65,942.4999999999998,50,221.5782290786875,0.23509626427446956,False
2022-05-23 03:50:00+00:00,2022-05-23,ATM_MINUS_400,-400,15850.0,2022-05-26,2022-06-02,2022-05-26 15:31:00+05:30,2022-05-26 15:29:00+05:30,2022-05-26 15:29:00+05:30,919.9999999999989,919.9999999999989,919.9999999999989,919.9999999999989,True,True,411.36899999999997,75.1875,1579.5750000000198,1353.5576942721698,81125.525,120.0,28.823899032499998,0.08112552499999999,0.8402954999999999,0.11278125,0.9530767499999999,28.787850000000002,20.56845,49.356300000000005,0.0,26.80290442035,0.0,226.01730572785,443.4,63.8,495.0,133.8,919.9999999999989,50,233.1966188167,0.25347458567032644,False
2022-05-30 03:50:00+00:00,2022-05-30,ATM_MINUS_100,-100,16450.0,2022-06-02,2022-06-09,2022-06-02 15:31:00+05:30,2022-06-02 15:29:00+05:30,2022-06-02 15:29:00+05:30,512.5,512.5,512.5,512.5,True,True,279.20025,101.2525,419.34375000000017,221.55156402388764,55238.856250000004,120.0,19.626365625625002,0.05523885625,0.5369139374999999,0.15187875,0.6887926874999999,18.319087500000002,13.9600125,32.2791,0.0,25.1426888067375,0.0,197.79218597611253,180.3,105.25,251.8,187.0,512.5,50,197.74317384603754,0.38584033921178057,False
2022-06-06 03:50:00+00:00,2022-06-06,ATM_MINUS_200,-200,16350.0,2022-06-09,2022-06-16,2022-06-09 15:31:00+05:30,2022-06-09 15:29:00+05:30,2022-06-09 15:29:00+05:30,222.499999999998,222.499999999998,222.499999999998,222.499999999998,True,True,235.41000000000003,103.05699999999999,330.4562500000742,130.5857597350867,58800.293750000004,120.0,20.891744369374997,0.05880029374999999,0.6263870625,0.1545855,0.7809725624999999,20.997375,11.770500000000002,32.767875000000004,0.0,25.3710980393625,0.0,199.8704902649875,276.65,66.0,350.55,144.35,222.499999999998,50,208.92380323723748,0.9389833853359072,False
2022-06-13 03:58:00+00:00,2022-06-13,ATM_MINUS_400,-400,15400.0,2022-06-16,2022-06-23,2022-06-16 15:31:00+05:30,2022-06-16 15:30:00+05:30,2022-06-16 15:30:00+05:30,134.99999999999872,134.99999999999872,134.99999999999872,134.99999999999872,True,True,181.54500000000002,247.166375,-1310.7937500000155,-1523.726847400378,75325.23125,120.0,26.763054663125,0.07532523125,0.8083408125,0.37074956249999996,1.179090375,26.94496875,9.07725,36.02221875,2.4624999999999773,26.430908380987496,1969.9999999999818,212.93309740036244,437.7,37.55,500.0,102.55,134.99999999999872,50,229.74780313686247,1.70183557879159,False
2022-06-20 03:50:00+00:00,2022-06-20,ATM_PLUS_300,300,15650.0,2022-06-23,2022-06-30,2022-06-23 15:31:00+05:30,2022-06-23 15:30:00+05:30,2022-06-23 15:29:00+05:30,615.0000000000006,615.0000000000006,615.0000000000006,615.0000000000006,True,True,140.29837500000002,198.896,2232.9812500000216,2026.0991632043592,64813.181249999994,120.0,23.028123298125003,0.06481318125,0.7103715,0.298344,1.0087155,24.1744125,7.0149187500000005,31.18933125,5.834375000000023,25.7567285662875,4667.500000000018,206.8820867956625,42.3,364.9,107.5,442.4,615.0000000000006,50,204.20826140105,0.332045953497642,False
2022-06-27 03:50:00+00:00,2022-06-27,ATM_MINUS_400,-400,15450.0,2022-06-30,2022-07-07,2022-06-30 15:31:00+05:30,2022-06-30 15:29:00+05:30,2022-06-30 15:29:00+05:30,362.4999999999993,362.4999999999993,362.4999999999993,362.4999999999993,True,True,348.775875,92.781375,-3483.806249999999,-3702.3405704865118,75489.45625,120.0,26.821403805624996,0.07548945624999999,0.7977393749999999,0.1391720625,0.9369114374999999,26.82028125,17.438793750000002,44.259075,0.0,26.4414407871375,0.0,218.53432048651248,452.95,27.5,503.0,84.8,362.4999999999993,50,229.2232907043375,0.6323401122878288,False
2022-07-04 03:50:00+00:00,2022-07-04,ATM_PLUS_400,400,16100.0,2022-07-07,2022-07-14,2022-07-07 15:31:00+05:30,2022-07-07 15:30:00+05:30,2022-07-07 15:30:00+05:30,410.0000000000023,410.0000000000023,410.0000000000023,410.0000000000023,True,True,180.796875,128.370125,1263.312500000022,1059.809953943472,64667.325,120.0,22.9763005725,0.064667325,0.7338299999999999,0.1925551875,0.9263851874999999,24.747975,9.039843750000001,33.78781875,0.0,25.747374221549997,0.0,203.50254605655,22.2,408.65,79.35,474.0,410.0000000000023,50,204.09438817491247,0.49779119067051547,False
2022-07-11 03:51:00+00:00,2022-07-11,ATM_MINUS_50,-50,16100.0,2022-07-14,2022-07-21,2022-07-14 15:31:00+05:30,2022-07-14 15:30:00+05:30,2022-07-14 15:30:00+05:30,80.00000000000114,80.00000000000114,80.00000000000114,80.00000000000114,True,True,72.81750000000001,243.20649999999998,-453.79999999997693,-646.7584462939769,48541.0,120.0,17.2466173,0.048541,0.49112475,0.36480975,0.8559345,16.368975,3.6408750000000007,20.00985,10.084375000000023,24.713128494,8067.500000000018,192.95844629400003,146.4,106.9,219.7,181.8,80.00000000000114,50,191.894164817125,2.398677060214028,False
2022-07-19 07:00:00+00:00,2022-07-19,ATM_MINUS_400,-400,15900.0,2022-07-21,2022-07-28,2022-07-21 15:31:00+05:30,2022-07-21 15:29:00+05:30,2022-07-21 15:30:00+05:30,117.50000000000185,117.50000000000185,117.50000000000185,117.50000000000185,True,True,722.738625,10.626499999999998,346.35000000000105,110.42757653177603,82370.4625,120.0,29.266225326249998,0.08237046249999999,0.6854844374999999,0.01593975,0.7014241874999999,22.852725000000003,36.136931249999996,58.989656249999996,0.0,26.882747241975,0.0,235.92242346822502,407.25,9.45,446.4,50.95,117.50000000000185,50,217.12814679935002,1.8478991216965668,False
2022-07-25 03:50:00+00:00,2022-07-25,ATM_MINUS_250,-250,16450.0,2022-07-28,2022-08-04,2022-07-28 15:31:00+05:30,2022-07-28 15:29:00+05:30,2022-07-28 15:29:00+05:30,227.49999999999844,227.49999999999844,227.49999999999844,227.49999999999844,True,True,494.8597500000001,24.06,-307.30624999992244,-520.1270520066599,63862.91875,120.0,22.690495031875,0.06386291875,0.566763375,0.036090000000000004,0.6028533749999999,19.024818749999998,24.7429875,43.76780625,0.0,25.6957844311125,0.0,212.8208020067375,283.65,36.9,340.0,97.8,227.49999999999844,50,203.4282875688125,0.8941902750277534,False
2022-08-01 03:51:00+00:00,2022-08-01,ATM_MINUS_350,-350,16850.0,2022-08-04,2022-08-11,2022-08-04 15:31:00+05:30,2022-08-04 15:29:00+05:30,2022-08-04 15:30:00+05:30,907.5000000000017,907.5000000000017,907.5000000000017,907.5000000000017,True,True,542.3407500000001,36.2905,-499.8562499999906,-722.2862504034781,72876.79375,120.0,25.893124819375,0.07287679374999999,0.6472139999999998,0.054435750000000005,0.7016497499999998,22.37143125,27.117037500000002,49.48846875,0.0,26.2738802903625,0.0,222.4300004034875,370.3,25.2,405.2,78.25,907.5000000000017,50,213.567491295825,0.23533607856289213,False
2022-08-08 03:50:00+00:00,2022-08-08,ATM_PLUS_400,400,17800.0,2022-08-11,2022-08-18,2022-08-11 15:31:00+05:30,2022-08-11 15:30:00+05:30,2022-08-11 15:29:00+05:30,77.49999999999773,77.49999999999773,77.49999999999773,77.49999999999773,True,True,71.72025000000001,207.718,208.73125000000243,4.084919301564923,61524.218749999985,120.0,21.859554921874995,0.061524218749999984,0.7139053124999999,0.311577,1.0254823124999999,23.755462499999997,3.5860125000000003,27.341474999999996,8.8125,25.5457942453125,7050.0,204.6463306984375,10.15,426.4,48.35,466.15,77.49999999999773,50,200.01202526656252,2.580800326020237,False
2022-08-18 06:03:00+00:00,2022-08-18,ATM_MINUS_300,-300,17550.0,2022-08-18,2022-08-25,2022-08-18 15:31:00+05:30,2022-08-18 15:29:00+05:30,2022-08-18 15:30:00+05:30,27.50000000000128,27.50000000000128,27.50000000000128,27.50000000000128,True,True,469.52325,20.601375,2055.687499999999,1845.5459029254741,61668.662500000006,120.0,21.910875786250003,0.061668662500000006,0.5584175625000001,0.030902062500000004,0.5893196250000001,18.548512499999998,23.4761625,42.024675,0.0,25.555058000775006,0.0,210.14159707452504,317.2,1.65,369.7,54.7,27.50000000000128,50,203.75737719891254,7.409359170869203,False
2022-08-25 09:26:00+00:00,2022-08-25,ATM_MINUS_250,-250,17350.0,2022-08-25,2022-09-01,2022-08-25 15:31:00+05:30,2022-08-25 15:29:00+05:30,2022-08-25 15:30:00+05:30,482.49999999999955,482.49999999999955,482.49999999999955,482.49999999999955,True,True,261.345,100.0495,-155.51875000003292,-348.17094416967046,50186.01875,120.0,17.831092461875002,0.05018601875,0.4757113124999999,0.15007425,0.6257855625,16.25925,13.067250000000001,29.326500000000003,0.0,24.818630126512502,0.0,192.65219416963754,242.45,0.35,316.0,83.55,482.49999999999955,50,196.110885471075,0.4064474310281351,False
2022-08-29 09:59:00+00:00,2022-08-29,ATM_MINUS_100,-100,17250.0,2022-09-01,2022-09-08,2022-09-01 15:31:00+05:30,2022-09-01 15:29:00+05:30,2022-09-01 15:29:00+05:30,882.4999999999989,882.4999999999989,882.4999999999989,882.4999999999989,True,True,403.339125,67.718875,2942.6562500000414,2740.2442679164537,55893.19375,120.0,19.858851739375,0.05589319374999999,0.4730797499999999,0.1015783125,0.5746580625,16.570968750000002,20.166956250000002,36.737925000000004,0.0,25.1846540879625,0.0,202.41198208358753,161.8,84.55,230.05,170.45,882.4999999999989,50,192.38712411668752,0.21800240693109096,False
2022-09-05 03:52:00+00:00,2022-09-05,ATM_PLUS_50,50,17650.0,2022-09-08,2022-09-15,2022-09-08 15:31:00+05:30,2022-09-08 15:30:00+05:30,2022-09-08 15:30:00+05:30,135.00000000000085,135.00000000000085,135.00000000000085,135.00000000000085,True,True,254.3625,88.22,912.8750000000053,716.8717901187304,53828.7875,120.0,19.12536819875,0.053828787499999996,0.5498461874999999,0.13233,0.6821761874999999,18.37145625,12.718125,31.089581250000002,0.0,25.052255457525003,0.0,196.00320988127504,114.85,167.2,198.45,253.5,135.00000000000085,50,195.7336331424875,1.4498787640184168,False
2022-09-12 03:50:00+00:00,2022-09-12,ATM_MINUS_250,-250,17650.0,2022-09-15,2022-09-22,2022-09-15 15:31:00+05:30,2022-09-15 15:29:00+05:30,2022-09-15 15:30:00+05:30,4.999999999998295,4.999999999998295,4.999999999998295,4.999999999998295,True,True,306.78112500000003,78.09475,-31.268750000073453,-234.00650891613594,59478.78125,120.0,21.132810978125,0.059478781249999994,0.6049586250000001,0.11714212500000001,0.7221007500000001,20.0697,15.339056250000002,35.40875625,0.0,25.4146121566875,0.0,202.7377589160625,299.65,39.45,362.85,102.75,4.999999999998295,50,207.21650358165,41.44330071634413,False
2022-09-19 04:00:00+00:00,2022-09-19,ATM_MINUS_350,-350,17150.0,2022-09-22,2022-09-29,2022-09-22 15:31:00+05:30,2022-09-22 15:29:00+05:30,2022-09-22 15:29:00+05:30,1762.4999999999973,1762.4999999999973,1762.4999999999973,1762.4999999999973,True,True,541.692375,34.937125,2982.181250000036,2752.6092994596984,80059.56874999999,120.0,28.445164776875004,0.08005956875,0.7439051250000001,0.052405687500000006,0.7963108125,26.431256250000004,27.084618749999997,53.515875,0.0,26.734540382212497,0.0,229.5719505403375,407.95,44.85,449.85,122.0,1762.4999999999973,50,224.936949226825,0.12762380097975906,False
2022-09-26 04:48:00+00:00,2022-09-26,ATM_PLUS_400,400,17450.0,2022-09-29,2022-10-06,2022-09-29 15:31:00+05:30,2022-09-29 15:29:00+05:30,2022-09-29 15:29:00+05:30,237.49999999999716,237.49999999999716,237.49999999999716,237.49999999999716,True,True,13.865250000000001,627.414625,1020.787500000074,774.298581331974,85760.90000000001,120.0,30.470847770000006,0.0857609,0.8039047500000001,0.9411219375000001,1.7450266875000002,26.90008125,0.6932625000000001,27.59334375,39.49375000000009,27.1001895606,31595.000000000073,246.48891866810007,37.2,420.1,114.5,502.15,237.49999999999716,50,211.329190604825,0.8898071183361158,False
2022-10-03 03:50:00+00:00,2022-10-03,ATM_MINUS_350,-350,16750.0,2022-10-06,2022-10-13,2022-10-06 15:31:00+05:30,2022-10-06 15:28:00+05:30,2022-10-06 15:30:00+05:30,442.50000000000114,442.50000000000114,442.50000000000114,442.50000000000114,True,True,583.5375,24.06,-796.4062499999557,-1026.087478460593,79491.26874999999,120.0,28.243247786874996,0.07949126874999998,0.731875125,0.036090000000000004,0.7679651249999999,24.715556250000002,29.176875,53.89243125,0.0,26.698093030012497,0.0,229.68122846063747,366.0,51.9,434.8,129.55,442.50000000000114,50,221.423546117575,0.5003921946159874,False
2022-10-10 03:50:00+00:00,2022-10-10,ATM_MINUS_100,-100,16950.0,2022-10-13,2022-10-20,2022-10-13 15:32:00+05:30,2022-10-13 15:29:00+05:30,2022-10-13 15:30:00+05:30,167.4999999999983,167.4999999999983,167.4999999999983,167.4999999999983,True,True,235.41000000000003,162.405,508.2687500000745,311.838704588812,56682.83125,120.0,20.139409943125003,0.05668283125,0.5507484375,0.2436075,0.7943559375,18.433800000000005,11.770500000000002,30.204300000000007,0.0,25.235296699387497,0.0,196.4300454112625,200.5,85.9,280.35,169.1,167.4999999999983,50,199.73228710544998,1.1924315648086687,False
2022-10-17 03:50:00+00:00,2022-10-17,ATM_MINUS_350,-350,16800.0,2022-10-20,2022-10-27,2022-10-20 15:31:00+05:30,2022-10-20 15:30:00+05:30,2022-10-20 15:30:00+05:30,420.0000000000024,420.0000000000024,420.0000000000024,420.0000000000024,True,True,752.6137500000001,8.571375,-694.4062500000257,-934.3322033140382,85668.20625,120.0,30.437913680625,0.08566820625,0.7096196249999999,0.012857062499999999,0.7224766874999998,23.9549625,37.63068750000001,61.58565000000001,0.0,27.0942447396375,0.0,239.9259533140125,381.1,28.0,443.9,99.2,420.0000000000024,50,219.968457729325,0.5237344231650566,False
2022-10-25 03:53:00+00:00,2022-10-25,ATM_MINUS_350,-350,17400.0,2022-10-27,2022-11-03,2022-10-27 15:31:00+05:30,2022-10-27 15:30:00+05:30,2022-10-27 15:30:00+05:30,87.49999999999929,87.49999999999929,87.49999999999929,87.49999999999929,True,True,399.0,36.089999999999996,1282.0687499999678,1072.6249716644054,63126.78125,120.0,22.428945378125,0.06312678125,0.6208231874999999,0.054134999999999996,0.6749581874999999,20.678175000000003,19.95,40.628175,0.0,25.648572988687498,0.0,209.4437783355625,341.8,8.25,404.6,72.8,87.49999999999929,50,210.6005319624125,2.406863222427591,False
2022-10-31 03:58:00+00:00,2022-10-31,ATM_MINUS_300,-300,17650.0,2022-11-03,2022-11-10,2022-11-03 15:31:00+05:30,2022-11-03 15:29:00+05:30,2022-11-03 15:30:00+05:30,32.500000000000284,32.500000000000284,32.500000000000284,32.500000000000284,True,True,455.8575,27.017374999999998,1238.3999999999646,1026.0178086679396,64586.1625,120.0,22.94746353625,0.0645861625,0.6076653750000001,0.040526062499999994,0.6481914375000001,20.18690625,22.792875000000002,42.97978125,0.0,25.742168945775003,0.0,212.38219133202503,332.35,24.1,380.0,72.4,32.500000000000284,50,207.9533624024375,6.398564996998021,False
2022-12-12 04:04:00+00:00,2022-12-12,ATM_MINUS_250,-250,18150.0,2022-12-15,2022-12-22,2022-12-15 15:31:00+05:30,2022-12-15 15:29:00+05:30,2022-12-15 15:30:00+05:30,187.4999999999993,187.4999999999993,187.4999999999993,187.4999999999993,True,True,304.53675000000004,37.0925,227.19374999992965,30.33438796864212,52088.493749999994,120.0,18.507041829374998,0.05208849374999999,0.52360575,0.05563875,0.5792444999999999,17.55350625,15.226837500000002,32.78034375,0.0,24.9406434581625,0.0,196.85936203128753,309.4,12.8,335.4,42.55,187.4999999999993,50,199.11707874194997,1.0619577532904039,False
2022-12-20 07:02:00+00:00,2022-12-20,ATM_MINUS_400,-400,17850.0,2022-12-22,2022-12-29,2022-12-22 15:31:00+05:30,2022-12-22 15:29:00+05:30,2022-12-22 15:30:00+05:30,922.5,922.5,922.5,922.5,True,True,345.883125,39.0975,2279.6625000000718,2069.3397749189216,65094.225000000006,120.0,23.1279781425,0.065094225,0.6755596875000001,0.05864625,0.7342059375000001,23.326537500000004,17.29415625,40.62069375,0.0,25.77475302615,0.0,210.32272508115,438.5,5.2,444.05,29.2,922.5,50,216.99459602097502,0.23522449433168025,False
2023-01-02 04:15:00+00:00,2023-01-02,ATM_PLUS_400,400,18550.0,2023-01-05,2023-01-12,2023-01-05 15:31:00+05:30,2023-01-05 15:29:00+05:30,2023-01-05 15:28:00+05:30,1417.5000000000011,1417.5000000000011,1417.5000000000011,1417.5000000000011,True,True,5.08725,534.3325,2737.581249999931,2506.871936191844,71029.94375,120.0,25.236939014375004,0.07102994375,0.6412741875,0.80149875,1.4427729375,22.68315,0.2543625,22.9375125,34.86562499999991,26.1554344124625,27892.499999999927,230.70931380808744,7.5,389.4,37.05,447.3,1417.5000000000011,50,196.172224300575,0.13839310356301576,False
2023-01-19 09:47:00+00:00,2023-01-19,ATM_MINUS_350,-350,17750.0,2023-01-19,2023-01-25,2023-01-19 15:32:00+05:30,2023-01-19 15:29:00+05:30,2023-01-19 15:29:00+05:30,7.49999999999833,7.49999999999833,7.49999999999833,7.49999999999833,True,True,368.52637500000003,20.300625,-567.5187499999254,-770.8072704276879,56963.83125000001,120.0,20.239249243125006,0.056963831250000006,0.5641318125,0.0304509375,0.59458275,18.718087500000003,18.426318750000004,37.14440625,0.0,25.2533183533875,0.0,203.2885204277625,356.5,0.1,375.05,18.8,7.49999999999833,50,203.65250953780003,27.15366793837938,False
2023-01-23 04:04:00+00:00,2023-01-23,ATM_MINUS_400,-400,17750.0,2023-01-25,2023-02-02,2023-01-25 15:32:00+05:30,2023-01-25 15:29:00+05:30,2023-01-25 15:30:00+05:30,332.5000000000017,332.5000000000017,332.5000000000017,332.5000000000017,True,True,263.489625,85.21249999999999,2036.974999999967,1832.773155939617,62186.775,120.0,22.094961157500002,0.062186775,0.6679657499999999,0.12781875,0.7957844999999999,22.486143750000004,13.17448125,35.660625,0.0,25.588286627849996,0.0,204.20184406034997,406.35,4.7,439.5,44.5,332.5000000000017,50,215.70995584548749,0.6487517469037184,False
2023-02-01 09:59:00+00:00,2023-02-01,ATM_MINUS_150,-150,17450.0,2023-02-02,2023-02-09,2023-02-02 15:31:00+05:30,2023-02-02 15:30:00+05:30,2023-02-02 15:30:00+05:30,494.99999999999886,494.99999999999886,494.99999999999886,494.99999999999886,True,True,267.379875,91.22749999999999,1196.0437499999302,1000.8083703994678,52559.13125,120.0,18.674259333125,0.052559131249999995,0.5133050625000001,0.13684125,0.6501463125000001,17.518593750000004,13.368993750000001,30.887587500000006,0.0,24.970827323587503,0.0,195.23537960046252,184.0,33.0,308.35,167.25,494.99999999999886,50,199.81197149825,0.40366054848131405,False
2023-02-06 04:12:00+00:00,2023-02-06,ATM_PLUS_350,350,18150.0,2023-02-09,2023-02-16,2023-02-09 15:31:00+05:30,2023-02-09 15:30:00+05:30,2023-02-09 15:29:00+05:30,202.50000000000057,202.50000000000057,202.50000000000057,202.50000000000057,True,True,31.42125,246.8155,2157.668749999968,1953.7988838047054,54958.83124999999,120.0,19.526872743124997,0.054958831249999986,0.6142066874999998,0.37022325,0.9844299374999999,20.5734375,1.5710625,22.1445,16.034374999999955,25.1247296833875,12827.499999999964,203.8698661952625,9.55,370.15,38.3,402.95,202.50000000000057,50,191.85633355255,0.9474386842101209,False
2023-02-20 04:25:00+00:00,2023-02-20,ATM_PLUS_350,350,18350.0,2023-02-23,2023-03-02,2023-02-23 15:31:00+05:30,2023-02-23 15:30:00+05:30,2023-02-23 15:29:00+05:30,2044.9999999999989,2044.9999999999989,2044.9999999999989,2044.9999999999989,True,True,2.4937500000000004,798.5413749999999,4078.2687500000065,3827.038028846619,80786.64375,120.0,28.703494524375003,0.08078664375,0.5818760625,1.1978120625,1.7796881249999998,21.339018750000005,0.12468750000000002,21.463706250000005,52.421875,26.7811706102625,41937.5,251.2307211533875,5.05,359.35,27.6,422.8,2044.9999999999989,50,192.14850512327502,0.0939601492045355,False
2023-02-27 06:17:00+00:00,2023-02-27,ATM_MINUS_400,-400,16950.0,2023-03-02,2023-03-09,2023-03-02 15:31:00+05:30,2023-03-02 15:29:00+05:30,2023-03-02 15:29:00+05:30,1005.0000000000011,1005.0000000000011,1005.0000000000011,1005.0000000000011,True,True,395.80800000000005,15.0375,1334.3374999999298,1121.1322311680049,66214.7625,120.0,23.526105116250005,0.06621476250000001,0.671725125,0.02255625,0.6942813750000001,23.281650000000003,19.7904,43.072050000000004,0.0,25.846617578175,0.0,213.20526883192503,437.3,7.65,439.05,29.5,1005.0000000000011,50,216.5258150514875,0.2154485721905346,False
2023-03-09 03:58:00+00:00,2023-03-09,ATM_MINUS_300,-300,17450.0,2023-03-09,2023-03-16,2023-03-09 15:31:00+05:30,2023-03-09 15:29:00+05:30,2023-03-09 15:30:00+05:30,92.50000000000007,92.50000000000007,92.50000000000007,92.50000000000007,True,True,206.38275000000002,54.135,648.3062500000727,462.16719773526023,43658.15624999999,120.0,15.511742915625002,0.043658156249999996,0.45924525,0.0812025,0.54044775,15.324093750000001,10.3191375,25.64323125,0.0,24.399972192937497,0.0,186.1390522648125,277.9,1.4,304.0,29.35,92.50000000000007,50,192.461471012375,2.0806645514851336,False
2023-03-13 04:00:00+00:00,2023-03-13,ATM_MINUS_300,-300,17250.0,2023-03-16,2023-03-23,2023-03-16 15:31:00+05:30,2023-03-16 15:30:00+05:30,2023-03-16 15:29:00+05:30,282.49999999999886,282.49999999999886,282.49999999999886,282.49999999999886,True,True,62.8425,283.055875,2403.2375000000757,2201.031593061851,52731.7125,120.0,18.735577451250002,0.0527317125,0.5286433125,0.42458381250000005,0.953227125,17.815350000000002,3.142125,20.957475000000002,16.52500000000009,24.981895649475,13220.000000000073,202.2059069382251,303.2,17.35,334.2,54.0,282.49999999999886,50,199.73815199513749,0.7070377061774806,False
2023-03-23 09:38:00+00:00,2023-03-23,ATM_PLUS_50,50,17100.0,2023-03-23,2023-03-29,2023-03-23 15:31:00+05:30,2023-03-23 15:30:00+05:30,2023-03-23 15:30:00+05:30,45.000000000000284,45.000000000000284,45.000000000000284,45.000000000000284,True,True,107.779875,133.33249999999998,-111.28125000007145,-277.5789256672838,25515.50625,120.0,9.065659370625,0.025515506249999997,0.20172806249999997,0.19999874999999998,0.4017268125,6.735618749999999,5.388993750000001,12.1246125,1.443749999999909,23.236411477837496,1154.9999999999272,166.29767566721236,0.35,32.8,101.35,134.7,45.000000000000284,50,164.41765249791246,3.653725611064698,False
2023-04-03 04:14:00+00:00,2023-04-03,ATM_PLUS_300,300,17650.0,2023-04-06,2023-04-13,2023-04-06 15:31:00+05:30,2023-04-06 15:30:00+05:30,2023-04-06 15:29:00+05:30,334.99999999999943,334.99999999999943,334.99999999999943,334.99999999999943,True,True,65.83500000000001,110.8765,540.3249999999304,356.4114426763555,42874.737499999996,120.0,15.23339423375,0.042874737499999996,0.5068389375,0.16631475,0.6731536874999999,17.14453125,3.2917500000000004,20.43628125,3.178124999999909,24.349728414825,2542.4999999999272,183.9135573235749,7.3,299.2,37.85,336.45,334.99999999999943,50,183.840411880575,0.5487773488972397,False
2023-04-10 04:09:00+00:00,2023-04-10,ATM_MINUS_400,-400,17250.0,2023-04-13,2023-04-20,2023-04-13 15:31:00+05:30,2023-04-13 15:27:00+05:30,2023-04-13 15:30:00+05:30,107.49999999999993,107.49999999999993,107.49999999999993,107.49999999999993,True,True,608.1757500000001,5.263125,1251.2250000000108,1028.1796998180607,71434.175,120.0,25.380562377500002,0.071434175,0.6113495624999999,0.0078946875,0.6192442499999999,20.3839125,30.408787500000006,50.79270000000001,0.0,26.181359379450004,0.0,223.04530018195007,382.55,6.2,400.35,26.15,107.49999999999993,50,208.68595855801252,1.9412647307722106,False
2023-04-25 05:00:00+00:00,2023-04-25,ATM_PLUS_400,400,18150.0,2023-04-27,2023-05-04,2023-04-27 15:31:00+05:30,2023-04-27 15:30:00+05:30,2023-04-27 15:29:00+05:30,997.5000000000023,997.5000000000023,997.5000000000023,997.5000000000023,True,True,15.610875000000002,224.76049999999998,2189.275000000036,1989.625901408486,51313.575000000004,120.0,18.231713197500003,0.051313575,0.5759362500000001,0.33714075,0.9130770000000001,20.097131250000004,0.7805437500000001,20.877675000000004,14.684375000000045,24.89094481905,11747.500000000036,199.64909859155006,1.6,373.1,9.9,401.35,997.5000000000023,50,188.55706320637498,0.1890296372996236,False
2023-05-04 09:52:00+00:00,2023-05-04,ATM_MINUS_300,-300,17950.0,2023-05-04,2023-05-11,2023-05-04 15:31:00+05:30,2023-05-04 15:29:00+05:30,2023-05-04 15:30:00+05:30,12.499999999999467,12.499999999999467,12.499999999999467,12.499999999999467,True,True,319.79850000000005,14.536249999999999,-94.3437499999618,-288.86853658047426,48699.20625,120.0,17.302827980625,0.048699206249999995,0.48074887499999996,0.021804375,0.50255325,15.957506249999996,15.989925000000003,31.94743125,0.0,24.7232748936375,0.0,194.52478658051248,306.15,0.05,319.65,13.8,12.499999999999467,50,194.44168003907498,15.555334403126661,False
2023-05-11 04:03:00+00:00,2023-05-11,ATM_PLUS_300,300,18650.0,2023-05-11,2023-05-18,2023-05-11 15:31:00+05:30,2023-05-11 15:30:00+05:30,2023-05-11 15:29:00+05:30,187.49999999999716,187.49999999999716,187.49999999999716,187.49999999999716,True,True,9.276750000000002,322.153375,2109.487500000003,1906.362635304728,50243.5375,120.0,17.85152887375,0.0502435375,0.5035306875000001,0.4832300625,0.9867607500000001,16.887675,0.4638375000000001,17.351512500000002,22.0625,24.822319034024996,17650.0,203.124864695275,0.95,320.75,14.1,337.65,187.49999999999716,50,181.77043806415003,0.9694423363421482,False
2023-05-16 04:07:00+00:00,2023-05-16,ATM_PLUS_350,350,18750.0,2023-05-18,2023-05-25,2023-05-18 15:31:00+05:30,2023-05-18 15:30:00+05:30,2023-05-18 15:26:00+05:30,5.000000000001137,5.000000000001137,5.000000000001137,5.000000000001137,True,True,2.9426250000000005,572.0264999999999,2460.59374999997,2232.5006079103823,65833.44374999999,120.0,23.390622564374997,0.06583344374999998,0.5575905,0.8580397499999999,1.41563025,18.498637500000005,0.14713125000000002,18.645768750000006,38.753124999999955,25.822162081462498,31002.499999999964,228.09314208958745,2.35,356.05,14.75,368.55,5.000000000001137,50,185.61409225072498,37.122818450136556,False
2023-05-25 04:13:00+00:00,2023-05-25,ATM_MINUS_400,-400,17850.0,2023-05-25,2023-06-01,2023-05-25 15:31:00+05:30,2023-05-25 15:24:00+05:30,2023-05-25 15:29:00+05:30,154.99999999999997,154.99999999999997,154.99999999999997,154.99999999999997,True,True,503.388375,5.213,1396.4312499999296,1177.8425121032672,69364.68125,120.0,24.645271248125,0.06936468124999999,0.65834175,0.0078195,0.6661612499999999,21.989887500000005,25.169418750000002,47.15930625000001,0.0,26.0486344672875,0.0,218.5887378966625,426.8,0.8,437.0,14.1,154.99999999999997,50,213.99707567450005,1.380626294674194,False
2023-05-30 05:36:00+00:00,2023-05-30,ATM_MINUS_350,-350,18250.0,2023-06-01,2023-06-08,2023-06-01 15:31:00+05:30,2023-06-01 15:29:00+05:30,2023-06-01 15:30:00+05:30,382.49999999999994,382.49999999999994,382.49999999999994,382.49999999999994,True,True,293.4645,27.568749999999998,1688.681250000002,1487.6511361984894,56493.20624999999,120.0,20.072036180625002,0.05649320625,0.6024022499999999,0.041353125000000004,0.6437553749999999,20.36146875,14.673224999999999,35.03469375,0.0,25.223135289637497,0.0,201.0301138015125,381.6,5.6,395.0,26.65,382.49999999999994,50,208.1520123895,0.5441882676849674,False
2023-06-12 04:55:00+00:00,2023-06-12,ATM_PLUS_350,350,18950.0,2023-06-15,2023-06-22,2023-06-15 15:31:00+05:30,2023-06-15 15:30:00+05:30,2023-06-15 15:30:00+05:30,609.9999999999994,609.9999999999994,609.9999999999994,609.9999999999994,True,True,13.117125000000001,252.63,1641.5562500000733,1443.8619598693108,48405.83125,120.0,17.198591843125,0.04840583125,0.518944125,0.37894500000000003,0.8978891250000001,17.820337499999997,0.65585625,18.476193749999997,16.36875000000009,24.7044595813875,13095.000000000073,197.69429013076257,4.1,324.25,20.85,353.2,609.9999999999994,50,184.1559340831375,0.3018949739067831,False
2023-06-26 05:35:00+00:00,2023-06-26,ATM_MINUS_300,-300,18350.0,2023-06-28,2023-07-06,2023-06-28 15:31:00+05:30,2023-06-28 15:21:00+05:30,2023-06-28 15:29:00+05:30,7.499999999998863,7.499999999998863,7.499999999998863,7.499999999998863,True,True,654.85875,5.012499999999999,1298.1562500000734,1073.811219589586,71656.04375,120.0,25.459392344375,0.07165604375,0.5812745625,0.007518749999999999,0.5887933125,19.2866625,32.742937500000004,52.0296,0.0,26.195588709862502,0.0,224.34503041048754,360.7,4.5,382.05,26.0,7.499999999998863,50,205.37599269865,27.383465693157486,False
2023-07-05 09:12:00+00:00,2023-07-05,ATM_MINUS_400,-400,18950.0,2023-07-06,2023-07-13,2023-07-06 15:31:00+05:30,2023-07-06 15:27:00+05:30,2023-07-06 15:30:00+05:30,69.9999999999994,69.9999999999994,69.9999999999994,69.9999999999994,True,True,537.702375,7.669125,-901.7124999999623,-1122.2060468230625,70618.4,120.0,25.09071752,0.0706184,0.6508229999999999,0.0115036875,0.6623266874999999,21.655725000000004,26.885118749999997,48.54084375,0.0,26.1290404656,0.0,220.49354682310002,412.0,2.75,430.05,22.2,69.9999999999994,50,213.1000448981875,3.0442863556884188,False
2023-07-10 04:11:00+00:00,2023-07-10,ATM_MINUS_350,-350,19050.0,2023-07-13,2023-07-20,2023-07-13 15:31:00+05:30,2023-07-13 15:29:00+05:30,2023-07-13 15:29:00+05:30,870.0000000000007,870.0000000000007,870.0000000000007,870.0000000000007,True,True,425.084625,9.4235,3371.556250000006,3164.0071402176436,59323.231250000004,120.0,21.077544063125004,0.059323231250000004,0.552327375,0.01413525,0.566462625,19.186912500000002,21.25423125,40.44114375,0.0,25.4046361129875,0.0,207.54910978236254,350.1,8.55,358.75,34.6,870.0000000000007,50,203.34318006591252,0.2337277931792096,False
2023-07-18 03:50:00+00:00,2023-07-18,ATM_PLUS_350,350,20150.0,2023-07-20,2023-07-27,2023-07-20 15:31:00+05:30,2023-07-20 15:30:00+05:30,2023-07-20 15:29:00+05:30,212.5,212.5,212.5,212.5,True,True,45.984750000000005,228.57,-477.1687500000695,-676.418033132582,54889.70625,120.0,19.502312630625003,0.05488970625,0.615785625,0.342855,0.958640625,20.635781250000004,2.2992375000000003,22.935018750000005,10.678124999999909,25.1202964206375,8542.499999999927,199.2492831325124,3.75,390.85,18.65,410.0,212.5,50,190.73568310517504,0.8975796852008238,False
2023-07-24 08:38:00+00:00,2023-07-24,ATM_MINUS_400,-400,19350.0,2023-07-27,2023-08-03,2023-07-27 15:32:00+05:30,2023-07-27 15:29:00+05:30,2023-07-27 15:29:00+05:30,439.9999999999995,439.9999999999995,439.9999999999995,439.9999999999995,True,True,412.51612500000005,13.73425,4775.181249999931,4563.062604196693,64876.418750000004,120.0,23.050591581875004,0.06487641875,0.6484921875,0.020601374999999998,0.6690935625000001,21.947493750000003,20.62580625,42.5733,0.0,25.760784240112503,0.0,212.11864580323757,411.2,7.4,423.85,28.85,439.9999999999995,50,213.19039726885,0.48452363015647787,False
2023-08-08 08:23:00+00:00,2023-08-08,ATM_PLUS_400,400,19950.0,2023-08-10,2023-08-17,2023-08-10 15:31:00+05:30,2023-08-10 15:30:00+05:30,2023-08-10 15:29:00+05:30,437.5,437.5,437.5,437.5,True,True,6.034875,379.9475,1987.1375000000712,1773.640983749721,59190.525,120.0,21.0303935325,0.059190525,0.5933045625000001,0.56992125,1.1632258125000001,20.1145875,0.30174375000000003,20.41633125,25.43125000000009,25.396125130349997,20345.000000000073,213.49651625035008,2.1,380.8,13.75,401.2,437.5,50,189.111997866975,0.4322559951245143,False
2023-08-14 04:11:00+00:00,2023-08-14,ATM_MINUS_400,-400,18900.0,2023-08-17,2023-08-24,2023-08-17 15:31:00+05:30,2023-08-17 15:29:00+05:30,2023-08-17 15:30:00+05:30,169.99999999999832,169.99999999999832,169.99999999999832,169.99999999999832,True,True,477.8025,8.571375,260.18125000000225,43.68646348386474,67868.26875,120.0,24.113595886875004,0.06786826875,0.65232675,0.012857062499999999,0.6651838124999999,21.805350000000004,23.890125,45.695475,0.0,25.9526635480125,0.0,216.4947865161375,417.65,4.45,429.35,19.55,169.99999999999832,50,213.22573272639997,1.2542690160376593,False
2023-08-22 09:27:00+00:00,2023-08-22,ATM_MINUS_350,-350,19050.0,2023-08-24,2023-08-31,2023-08-24 15:31:00+05:30,2023-08-24 15:29:00+05:30,2023-08-24 15:30:00+05:30,217.50000000000006,217.50000000000006,217.50000000000006,217.50000000000006,True,True,359.050125,17.14275,390.5749999999671,190.36290778056704,53726.6,120.0,19.08906098,0.0537266,0.5218012499999999,0.025714124999999997,0.5475153749999999,17.52358125,17.95250625,35.4760875,0.0,25.0457017644,0.0,200.21209221940003,329.25,2.55,344.45,22.1,217.50000000000006,50,199.226897981525,0.9159857378460918,False
2023-09-07 07:55:00+00:00,2023-09-07,ATM_PLUS_300,300,19950.0,2023-09-07,2023-09-14,2023-09-07 15:31:00+05:30,2023-09-07 15:30:00+05:30,2023-09-07 15:30:00+05:30,167.50000000000114,167.50000000000114,167.50000000000114,167.50000000000114,True,True,18.553500000000003,243.20649999999998,3.9937500000377213,-187.69743309272482,44430.08125,120.0,15.786007868125001,0.04443008125,0.4687940625,0.36480975,0.8336038125,15.7156125,0.9276750000000002,16.6432875,13.934375000000045,24.4494788308875,11147.500000000036,191.69118309276254,0.1,305.25,6.5,315.0,167.50000000000114,50,178.5342414368875,1.0658760682799182,False
2023-09-12 04:28:00+00:00,2023-09-12,ATM_MINUS_400,-400,19550.0,2023-09-14,2023-09-21,2023-09-14 15:31:00+05:30,2023-09-14 15:29:00+05:30,2023-09-14 15:29:00+05:30,7.500000000001705,7.500000000001705,7.500000000001705,7.500000000001705,True,True,622.290375,8.02,2952.7750000000765,2724.4767372830765,76813.0,120.0,27.2916589,0.07681299999999999,0.681048375,0.01203,0.693078375,22.59586875,31.114518750000002,53.7103875,0.0,26.526324942,0.0,228.298262717,429.8,7.9,445.0,23.25,7.500000000001705,50,215.972101814425,28.796280241916786,False
2023-10-04 04:56:00+00:00,2023-10-04,ATM_MINUS_350,-350,19050.0,2023-10-05,2023-10-12,2023-10-05 15:33:00+05:30,2023-10-05 15:26:00+05:30,2023-10-05 15:30:00+05:30,827.5,827.5,827.5,827.5,True,True,507.47812500000003,7.51875,940.3125000000017,725.6087761531517,64810.275,120.0,23.0270907075,0.064810275,0.5749588125,0.011278125,0.5862369375,19.8951375,25.37390625,45.26904375,0.0,25.756542176850004,0.0,214.70372384685004,374.85,2.35,380.0,24.05,827.5,50,205.95620605187497,0.24888967498716008,False
2023-10-09 08:25:00+00:00,2023-10-09,ATM_MINUS_200,-200,19300.0,2023-10-12,2023-10-19,2023-10-12 15:32:00+05:30,2023-10-12 15:30:00+05:30,2023-10-12 15:30:00+05:30,27.50000000000057,27.50000000000057,27.50000000000057,27.50000000000057,True,True,538.0016250000001,10.024999999999999,1649.387500000009,1440.5856545420838,58178.76250000002,120.0,20.670914316250002,0.0581787625,0.462403125,0.015037499999999999,0.477440625,15.363993750000004,26.900081250000007,42.26407500000001,0.0,25.331236754175,0.0,208.801845457925,248.05,21.0,286.5,60.0,27.50000000000057,50,192.01780341753755,6.9824655788194026,False
2023-10-16 03:50:00+00:00,2023-10-16,ATM_PLUS_400,400,20100.0,2023-10-19,2023-10-26,2023-10-19 15:32:00+05:30,2023-10-19 15:29:00+05:30,2023-10-19 15:29:00+05:30,117.4999999999983,117.4999999999983,117.4999999999983,117.4999999999983,True,True,3.7905,482.15237499999995,-141.2875000000298,-363.2751110804298,66574.35,120.0,23.653866555000004,0.06657435,0.633981,0.7232285625,1.3572095625,21.144506250000003,0.189525,21.334031250000002,29.706249999999955,25.8696793629,23764.999999999964,221.98761108039997,4.4,404.0,17.6,419.55,117.4999999999983,50,191.87272083080003,1.6329593262195985,False
2023-10-31 04:07:00+00:00,2023-10-31,ATM_PLUS_400,400,19550.0,2023-11-02,2023-11-09,2023-11-02 15:32:00+05:30,2023-11-02 15:30:00+05:30,2023-11-02 15:29:00+05:30,812.5000000000028,812.5000000000028,812.5000000000028,812.5000000000028,True,True,9.3765,350.323625,4498.887500000006,4283.520116241356,59485.475,120.0,21.135189267500003,0.059485475,0.611875875,0.5254854375000001,1.1373613125,21.104606250000003,0.468825,21.573431250000002,26.046875,25.41504145365,20837.5,215.36738375865002,5.05,378.4,28.5,418.1,812.5000000000028,50,192.22361193423748,0.23658290699598378,False
2023-12-11 05:35:00+00:00,2023-12-11,ATM_PLUS_350,350,21350.0,2023-12-14,2023-12-21,2023-12-14 15:31:00+05:30,2023-12-14 15:30:00+05:30,2023-12-14 15:29:00+05:30,2.8421709430404007e-12,2.8421709430404007e-12,2.8421709430404007e-12,2.8421709430404007e-12,True,True,99.351,144.46024999999997,6010.88749999997,5811.657302280845,51650.5625,120.0,18.35144485625,0.0516505625,0.5933797499999999,0.21669037499999996,0.8100701249999999,19.680675000000004,4.96755,24.648225000000004,10.456249999999955,24.912557175374996,8364.999999999964,199.23019771912493,11.05,345.45,49.15,383.55,2.8421709430404007e-12,50,190.6061636837,67063581854721.18,False
2024-01-03 05:03:00+00:00,2024-01-03,ATM_MINUS_300,-300,21250.0,2024-01-04,2024-01-11,2024-01-04 15:32:00+05:30,2024-01-04 15:30:00+05:30,2024-01-04 15:30:00+05:30,27.499999999997726,27.499999999997726,27.499999999997726,27.499999999997726,True,True,498.65025,12.180375,3820.2625000000753,3605.31779581035,65833.96249999998,120.0,23.39080687625,0.0658339625,0.6054849375,0.0182705625,0.6237555,20.1096,24.9325125,45.0421125,0.0,25.822195350974997,0.0,214.94470418972497,348.2,7.6,395.05,55.0,27.499999999997726,50,208.48416298995005,7.581242290544265,False
2024-01-08 04:28:00+00:00,2024-01-08,ATM_PLUS_350,350,22050.0,2024-01-11,2024-01-18,2024-01-11 15:32:00+05:30,2024-01-11 15:30:00+05:30,2024-01-11 15:29:00+05:30,109.99999999999943,109.99999999999943,109.99999999999943,109.99999999999943,True,True,22.942500000000003,409.471125,818.606249999965,601.7034663786526,63605.40625,120.0,22.599000840625003,0.06360540625,0.6296953125,0.6142066875,1.2439019999999998,20.99488125,1.1471250000000002,22.142006249999998,25.174999999999955,25.679269124437496,20139.999999999964,216.9027836213124,9.55,372.5,46.25,411.4,109.99999999999943,50,193.44151512253754,1.758559228386714,False
2024-01-16 07:22:00+00:00,2024-01-16,ATM_MINUS_300,-300,21750.0,2024-01-18,2024-01-25,2024-01-18 15:32:00+05:30,2024-01-18 15:30:00+05:30,2024-01-18 15:29:00+05:30,20.000000000001705,20.000000000001705,20.000000000001705,20.000000000001705,True,True,81.94462500000002,287.21625,4042.7687500000047,3833.0876750907173,58917.99375000001,120.0,20.933563179375003,0.05891799375000001,0.6081165,0.43082437500000004,1.038940875,20.189400000000006,4.097231250000001,24.286631250000006,17.984375,25.378646611162498,14387.5,209.68107490928747,326.05,21.4,383.0,78.75,20.000000000001705,50,208.31958077523748,10.415979038760986,False
2024-02-01 09:34:00+00:00,2024-02-01,ATM_MINUS_300,-300,21400.0,2024-02-01,2024-02-08,2024-02-01 15:32:00+05:30,2024-02-01 15:29:00+05:30,2024-02-01 15:30:00+05:30,52.49999999999986,52.49999999999986,52.49999999999986,52.49999999999986,True,True,358.05262500000003,67.418125,-378.4687500000359,-580.7463427933484,57350.90625,120.0,20.376776990625,0.05735090625,0.5417259375,0.10112718750000001,0.642853125,18.0198375,17.902631250000002,35.92246875000001,0.0,25.278143021437497,0.0,202.2775927933125,299.0,0.2,360.05,62.3,52.49999999999986,50,202.24376023259998,3.8522620996685815,False
2024-02-06 03:55:00+00:00,2024-02-06,ATM_PLUS_350,350,22150.0,2024-02-08,2024-02-15,2024-02-08 15:31:00+05:30,2024-02-08 15:29:00+05:30,2024-02-08 15:29:00+05:30,100.0,100.0,100.0,100.0,True,True,51.820125000000004,411.025,3620.0562499999705,3392.802776824258,72022.00625,120.0,25.589418820625003,0.07202200625,0.73352925,0.6165375,1.3500667499999999,24.428775,2.5910062500000004,27.01978125,27.003124999999955,26.2190593488375,21602.499999999964,227.25347317571246,27.2,400.65,87.15,462.6,100.0,50,203.9316651296625,2.039316651296625,False
2024-02-14 09:02:00+00:00,2024-02-14,ATM_MINUS_400,-400,21350.0,2024-02-15,2024-02-22,2024-02-15 15:31:00+05:30,2024-02-15 15:28:00+05:30,2024-02-15 15:30:00+05:30,577.5000000000006,577.5000000000006,577.5000000000006,577.5000000000006,True,True,656.754,16.74175,4415.581250000003,4179.9589220313155,83685.84374999999,120.0,29.733580284375,0.08368584375,0.7433788124999999,0.025112625,0.7684914374999999,25.231762500000002,32.837700000000005,58.06946250000001,0.0,26.967107903062498,0.0,235.6223279686875,460.9,4.7,489.65,45.0,577.5000000000006,50,224.30633589365,0.3884092396426836,False
2024-03-07 09:43:00+00:00,2024-03-07,ATM_MINUS_350,-350,22150.0,2024-03-07,2024-03-14,2024-03-07 15:32:00+05:30,2024-03-07 15:29:00+05:30,2024-03-07 15:30:00+05:30,132.49999999999778,132.49999999999778,132.49999999999778,132.49999999999778,True,True,359.349375,33.38325,-840.9374999999613,-1044.0927186816614,57333.80000000001,120.0,20.37069914,0.05733379999999999,0.5648836875,0.050074875,0.6149585624999999,18.8677125,17.967468750000002,36.835181250000005,0.0,25.2770459292,0.0,203.1552186817,349.2,0.05,375.6,29.1,132.49999999999778,50,204.14784870111248,1.5407384807631388,False
2024-03-28 08:51:00+00:00,2024-03-28,ATM_MINUS_350,-350,22150.0,2024-03-28,2024-04-04,2024-03-28 15:31:00+05:30,2024-03-28 15:29:00+05:30,2024-03-28 15:29:00+05:30,15.000000000001279,15.000000000001279,15.000000000001279,15.000000000001279,True,True,268.22775,63.759,1289.7749999999305,1088.9443137187304,58064.3,120.0,20.630245790000004,0.0580643,0.623304375,0.0956385,0.718942875,20.68815,13.411387500000002,34.099537500000004,0.0,25.3238958162,0.0,200.83068628120003,372.6,1.55,412.95,42.2,15.000000000001279,50,210.5526161855375,14.036841079034636,False
2024-04-30 08:38:00+00:00,2024-04-30,ATM_MINUS_400,-400,22400.0,2024-05-02,2024-05-09,2024-05-02 15:32:00+05:30,2024-05-02 15:29:00+05:30,2024-05-02 15:30:00+05:30,40.000000000000924,40.000000000000924,40.000000000000924,40.000000000000924,True,True,364.735875,40.501,1885.090624999984,1709.21834469204,32443.321874999998,120.0,11.527112262187499,0.03244332187499999,0.33492271875,0.03037575,0.36529846875,11.148309375,9.118396875,20.26670625,0.0,23.68072000513125,0.0,175.87228030794375,399.85,9.95,435.5,47.2,40.000000000000924,25,178.42327731271251,4.46058193281771,False
2024-05-16 09:31:00+00:00,2024-05-16,ATM_PLUS_350,350,22750.0,2024-05-16,2024-05-23,2024-05-16 15:32:00+05:30,2024-05-16 15:30:00+05:30,2024-05-16 15:29:00+05:30,97.50000000000085,97.50000000000085,97.50000000000085,97.50000000000085,True,True,39.600750000000005,349.82237499999997,948.4343750000392,772.9584458624204,28645.334375,120.0,10.1776873034375,0.028645334374999998,0.28289296875,0.26236678124999996,0.5452597499999999,9.479990625000001,0.9900187500000002,10.470009375000002,10.817187500000045,23.43713987480625,8653.750000000036,175.47592913761878,0.1,349.25,27.0,380.05,97.50000000000085,25,164.55996927819376,1.6877945566994084,False
2024-06-04 04:54:00+00:00,2024-06-04,ATM_MINUS_350,-350,22450.0,2024-06-06,2024-06-13,2024-06-06 15:31:00+05:30,2024-06-06 15:29:00+05:30,2024-06-06 15:30:00+05:30,187.49999999999716,187.49999999999716,187.49999999999716,187.49999999999716,True,True,519.59775,75.738875,1887.4343749999666,1684.7593418910228,59497.946874999994,120.0,21.139620524687498,0.05949794687499999,0.6680785312499999,0.056804156249999994,0.7248826875,22.345246875,12.98994375,35.335190625,0.0,25.415841324881253,0.0,202.67503310894378,565.55,243.85,644.7,330.5,187.49999999999716,25,209.9384168226375,1.1196715563874169,False
2024-06-10 03:50:00+00:00,2024-06-10,ATM_MINUS_250,-250,23150.0,2024-06-13,2024-06-20,2024-06-13 15:31:00+05:30,2024-06-13 15:29:00+05:30,2024-06-13 15:30:00+05:30,48.750000000000426,48.750000000000426,48.750000000000426,48.750000000000426,True,True,290.6715,57.042249999999996,-397.4156250000341,-574.0678690638279,34451.471874999996,120.0,12.240607957187501,0.034451471875,0.38661412500000003,0.0427816875,0.42939581250000003,12.871490625000002,7.2667874999999995,20.138278125,0.0,23.80951069723125,0.0,176.65224406379374,331.5,114.8,399.4,184.65,48.750000000000426,25,181.91999795576248,3.731692265759198,False
2024-06-19 08:52:00+00:00,2024-06-19,ATM_PLUS_350,350,23950.0,2024-06-20,2024-06-27,2024-06-20 15:31:00+05:30,2024-06-20 15:30:00+05:30,2024-06-20 15:29:00+05:30,83.74999999999915,83.74999999999915,83.74999999999915,83.74999999999915,True,True,23.94,377.64174999999994,766.0843750000026,588.6425319588839,30088.084375,120.0,10.690296378437498,0.030088084374999994,0.3002236875,0.2832313125,0.5834550000000001,10.041084375,0.5985,10.639584375,11.96875,23.52966920330625,9575.0,177.44184304111872,2.9,363.75,35.55,399.75,83.74999999999915,25,166.14242948180623,1.9837902027678558,False
2024-06-26 09:59:00+00:00,2024-06-26,ATM_PLUS_200,200,24050.0,2024-06-27,2024-07-04,2024-06-27 15:31:00+05:30,2024-06-27 15:30:00+05:30,2024-06-27 15:30:00+05:30,114.99999999999915,114.99999999999915,114.99999999999915,114.99999999999915,True,True,160.248375,164.30975,111.18437500000056,-53.049629137130694,24026.165624999998,120.0,8.5364966465625,0.024026165625,0.23755490625,0.12323231250000002,0.36078721875,7.993715625,4.006209375,11.999925000000001,0.171875,23.140894106193752,137.5,164.23400413713125,15.35,205.35,110.6,305.2,114.99999999999915,25,163.88439039000002,1.4250816555652281,False
2024-07-01 03:50:00+00:00,2024-07-01,ATM_MINUS_250,-250,23750.0,2024-07-04,2024-07-11,2024-07-04 15:32:00+05:30,2024-07-04 15:29:00+05:30,2024-07-04 15:30:00+05:30,7.5000000000006395,7.5000000000006395,7.5000000000006395,7.5000000000006395,True,True,584.485125,15.0375,384.9593749999656,201.88499006762183,36980.54687499999,120.0,13.1391883046875,0.036980546875,0.3305994375,0.011278125,0.3418775625,10.9725,14.612128125000002,25.584628125000002,0.0,23.97171039328125,0.0,183.07438493234375,334.05,42.65,397.05,105.95,7.5000000000006395,25,177.409890109525,23.654652014601318,False
2024-07-08 04:23:00+00:00,2024-07-08,ATM_PLUS_350,350,24650.0,2024-07-11,2024-07-18,2024-07-11 15:31:00+05:30,2024-07-11 15:30:00+05:30,2024-07-11 15:29:00+05:30,31.25000000000142,31.25000000000142,31.25000000000142,31.25000000000142,True,True,37.7055,281.80275,2227.4468749999833,2051.216241680627,29036.378125,120.0,10.3166251478125,0.029036378124999998,0.31605065624999995,0.21135206250000002,0.52740271875,10.51365,0.9426375,11.4562875,10.439062499999977,23.462219074668745,8351.249999999982,176.23063331935623,12.35,366.45,53.9,409.25,31.25000000000142,25,167.80855181496247,5.369873658078554,False
2024-07-15 03:50:00+00:00,2024-07-15,ATM_MINUS_300,-300,24250.0,2024-07-18,2024-07-25,2024-07-18 15:32:00+05:30,2024-07-18 15:29:00+05:30,2024-07-18 15:29:00+05:30,22.49999999999872,22.49999999999872,22.49999999999872,22.49999999999872,True,True,619.098375,64.76149999999998,51.2906250000384,-134.85062152769285,40448.940625,120.0,14.371508604062502,0.040448940625,0.35082487500000004,0.04857112499999999,0.39939600000000003,11.65828125,15.477459375,27.135740625,0.0,24.194152358043752,0.0,186.14124652773125,337.65,28.1,438.5,129.85,22.49999999999872,25,180.42572334220625,8.018921037431845,False
2024-07-23 07:04:00+00:00,2024-07-23,ATM_MINUS_350,-350,23950.0,2024-07-25,2024-08-01,2024-07-25 15:32:00+05:30,2024-07-25 15:29:00+05:30,2024-07-25 15:30:00+05:30,323.75000000000114,323.75000000000114,323.75000000000114,323.75000000000114,True,True,492.61537500000003,30.075,423.43125000004136,240.92550644199136,37597.700000000004,120.0,13.358462809999999,0.0375977,0.36402028124999997,0.02255625,0.38657653124999997,12.396431250000001,12.315384375000002,24.711815625000003,0.0,24.011290891799995,0.0,182.50574355805,387.1,58.0,426.15,110.0,323.75000000000114,25,181.01078939441248,0.5591066853881447,False
2024-07-29 04:03:00+00:00,2024-07-29,ATM_MINUS_350,-350,24550.0,2024-08-01,2024-08-08,2024-08-01 15:32:00+05:30,2024-08-01 15:29:00+05:30,2024-08-01 15:30:00+05:30,4.999999999999716,4.999999999999716,4.999999999999716,4.999999999999716,True,True,478.30125000000004,32.932125,-442.22812500003386,-623.2175444942276,36363.321875,120.0,12.919888262187499,0.03636332187499999,0.35454665625,0.02469909375,0.37924575,11.764265625,11.957531250000002,23.721796875000003,0.0,23.93212528513125,0.0,180.98941949419373,400.75,24.5,447.05,71.0,4.999999999999716,25,180.27064866046874,36.054129732095795,False
2024-08-05 03:53:00+00:00,2024-08-05,ATM_PLUS_400,400,24650.0,2024-08-08,2024-08-14,2024-08-08 15:32:00+05:30,2024-08-08 15:30:00+05:30,2024-08-08 15:29:00+05:30,66.24999999999943,66.24999999999943,66.24999999999943,66.24999999999943,True,True,24.488625000000003,568.8686250000001,-284.8656250000005,-475.32290710803176,41480.015625,120.0,14.737849551562501,0.041480015625,0.39969675,0.42665146875000004,0.82634821875,13.322859375000002,0.612215625,13.935075000000001,16.65625,24.26027932209375,13325.0,190.45728210803128,40.45,430.6,101.0,493.8,66.24999999999943,25,175.67761457281875,2.6517375784576642,False
2024-08-12 03:50:00+00:00,2024-08-12,ATM_PLUS_350,350,24650.0,2024-08-14,2024-08-22,2024-08-14 15:32:00+05:30,2024-08-14 15:30:00+05:30,2024-08-14 15:29:00+05:30,198.74999999999972,198.74999999999972,198.74999999999972,198.74999999999972,True,True,22.942500000000003,505.96174999999994,723.2343750000013,538.1730371995325,35735.85937499999,120.0,12.696950835937498,0.03573585937499999,0.3355618125,0.3794713125,0.7150331249999999,11.327859375000001,0.5735625000000001,11.901421875,15.8203125,23.891883605156245,12656.25,185.06133780046872,26.6,343.8,102.5,427.65,198.74999999999972,25,171.1872624803,0.8613195596493094,False
2024-08-21 04:17:00+00:00,2024-08-21,ATM_MINUS_350,-350,24350.0,2024-08-22,2024-08-29,2024-08-22 15:31:00+05:30,2024-08-22 15:29:00+05:30,2024-08-22 15:29:00+05:30,11.249999999999716,11.249999999999716,11.249999999999716,11.249999999999716,True,True,511.9170000000001,21.954749999999997,669.2343750000034,489.1839091449722,34775.515625,120.0,12.355740701562501,0.034775515624999996,0.32206565624999994,0.0164660625,0.33853171874999993,10.693200000000001,12.797925000000003,23.491125000000004,0.0,23.830292919093747,0.0,180.05046585503123,376.3,7.0,421.35,52.5,11.249999999999716,25,177.14239192648753,15.745990393465956,False
2024-08-29 09:26:00+00:00,2024-08-29,ATM_PLUS_200,200,25400.0,2024-08-29,2024-09-05,2024-08-29 15:31:00+05:30,2024-08-29 15:30:00+05:30,2024-08-29 15:30:00+05:30,198.74999999999972,198.74999999999972,198.74999999999972,198.74999999999972,True,True,54.663,245.61249999999998,1594.1093749999823,1427.939692162701,20367.640625,120.0,7.2366227140625,0.020367640625,0.19041234375000002,0.184209375,0.37462171875000005,6.513674999999999,1.3665749999999999,7.880249999999999,7.751562499999977,22.90625826384375,6201.249999999982,166.16968283728121,0.5,196.4,56.85,260.7,198.74999999999972,25,158.6679729200375,0.7983294234970452,False
2024-09-09 04:03:00+00:00,2024-09-09,ATM_MINUS_350,-350,24450.0,2024-09-12,2024-09-19,2024-09-12 15:32:00+05:30,2024-09-12 15:28:00+05:30,2024-09-12 15:29:00+05:30,141.24999999999943,141.24999999999943,141.24999999999943,141.24999999999943,True,True,864.13425,12.581375,-2104.125000000036,-2299.6764134763107,46596.2875,120.0,16.55566094875,0.0465962875,0.36898265625,0.00943603125,0.37841868749999996,12.378975,21.603356249999997,33.98233125,0.0,24.588406302524994,0.0,195.55141347627497,398.4,28.5,462.25,98.0,141.24999999999943,25,182.2037701627125,1.2899381958422176,False
2024-09-19 05:54:00+00:00,2024-09-19,ATM_MINUS_400,-400,25050.0,2024-09-19,2024-09-26,2024-09-19 15:32:00+05:30,2024-09-19 15:29:00+05:30,2024-09-19 15:30:00+05:30,5.000000000001137,5.000000000001137,5.000000000001137,5.000000000001137,True,True,499.34850000000006,44.561125,2169.0656250000216,1986.5765900460153,37845.228125,120.0,13.446409552812499,0.03784522812499999,0.36454659375,0.03342084375,0.39796743749999997,12.095934375,12.483712500000001,24.579646875,0.0,24.02716586056875,0.0,182.48903495400626,437.05,1.45,483.4,48.0,5.000000000001137,25,181.91985125809998,36.38397025161172,False
2024-09-26 07:55:00+00:00,2024-09-26,ATM_MINUS_350,-350,25750.0,2024-09-26,2024-10-03,2024-09-26 15:32:00+05:30,2024-09-26 15:29:00+05:30,2024-09-26 15:30:00+05:30,52.50000000000057,52.50000000000057,52.50000000000057,52.50000000000057,True,True,461.74275,37.242875,-1037.9406249999818,-1215.6972581995506,33149.509374999994,120.0,11.778020680937502,0.033149509375,0.31011084375,0.02793215625,0.338043,10.337840624999998,11.54356875,21.881409374999997,0.0,23.72601063425625,0.0,177.75663319956874,365.3,4.3,408.15,49.25,52.50000000000057,25,175.953871635375,3.3515023168642495,False
2024-10-14 03:51:00+00:00,2024-10-14,ATM_MINUS_300,-300,24750.0,2024-10-17,2024-10-24,2024-10-17 15:32:00+05:30,2024-10-17 15:30:00+05:30,2024-10-17 15:30:00+05:30,212.50000000000034,212.50000000000034,212.50000000000034,212.50000000000034,True,True,196.756875,141.3525,1548.809375000037,1378.8860328451308,29472.203125,120.0,10.471473770312501,0.029472203125,0.31289278125,0.10601437500000001,0.41890715624999997,10.589709375,4.918921875,15.50863125,0.004687500000045475,23.490170275218752,3.75000000003638,169.92334215490635,334.2,40.15,376.0,90.45,212.50000000000034,25,175.67969112389378,0.826727958230087,False
2024-11-21 09:25:00+00:00,2024-11-21,ATM_MINUS_250,-250,23100.0,2024-11-21,2024-11-28,2024-11-21 15:31:00+05:30,2024-11-21 15:29:00+05:30,2024-11-21 15:30:00+05:30,26.249999999998508,26.249999999998508,26.249999999998508,26.249999999998508,True,True,351.12,105.062,-391.3781250001094,-622.3302653482282,86004.83437499999,120.0,30.557517653437504,0.086004834375,0.7784161875000001,0.2363895,1.0148056875,25.843978125000003,26.334,52.177978125,0.0,27.11583404780625,0.0,230.95214034811877,240.0,0.5,344.6,105.45,26.249999999998508,75,230.1877838844375,8.769058433693356,False
2024-12-02 04:01:00+00:00,2024-12-02,ATM_MINUS_400,-400,23650.0,2024-12-05,2024-12-12,2024-12-05 15:31:00+05:30,2024-12-05 15:25:00+05:30,2024-12-05 15:29:00+05:30,135.00000000000193,135.00000000000193,135.00000000000193,135.00000000000193,True,True,1079.7438750000001,14.13525,463.26562499990587,126.73062058961216,166993.096875,120.0,59.33264731968751,0.166993096875,1.27544315625,0.0318043125,1.30724746875,42.437390625000006,80.98079062500001,123.41818125000002,0.0,32.30993527498125,0.0,336.5350044102937,487.55,31.45,534.0,79.7,135.00000000000193,75,280.4749724236125,2.077592388323026,False
2024-12-26 08:06:00+00:00,2024-12-26,ATM_MINUS_400,-400,23350.0,2024-12-26,2025-01-02,2024-12-26 15:31:00+05:30,2024-12-26 15:28:00+05:30,2024-12-26 15:29:00+05:30,389.99999999999915,389.99999999999915,389.99999999999915,389.99999999999915,True,True,505.183875,46.81675,4594.30312499995,4337.985557139006,104691.571875,120.0,37.196915487187496,0.10469157187499999,0.9458963437499999,0.1053376875,1.05123403125,31.761646875000004,37.888790625000006,69.65043750000001,0.0,28.314289270631246,0.0,256.31756786094377,379.55,0.35,419.0,45.0,389.99999999999915,75,246.96701313134997,0.6332487516188474,False
2025-01-02 04:24:00+00:00,2025-01-02,ATM_MINUS_350,-350,23450.0,2025-01-02,2025-01-09,2025-01-02 15:31:00+05:30,2025-01-02 15:29:00+05:30,2025-01-02 15:29:00+05:30,352.5000000000002,352.5000000000002,352.5000000000002,352.5000000000002,True,True,751.5165000000001,21.0525,-442.33125000010034,-732.4668254735878,130294.29375,120.0,46.293562569375005,0.13029429375,1.0827,0.047368125,1.130068125,36.261618750000004,56.363737500000006,92.62535625000001,0.0,29.956294235362503,0.0,290.1355754734875,398.0,11.9,468.1,86.7,352.5000000000002,75,262.0428856186125,0.7433840726769144,False
2025-01-13 04:12:00+00:00,2025-01-13,ATM_PLUS_400,400,23650.0,2025-01-16,2025-01-23,2025-01-16 15:31:00+05:30,2025-01-16 15:30:00+05:30,2025-01-16 15:29:00+05:30,18.75,18.75,18.75,18.75,True,True,74.8125,351.27599999999995,4450.284375000061,4182.87901707098,111437.84062500001,120.0,39.5938647740625,0.111437840625,1.19491734375,0.7903709999999999,1.98528834375,39.650625000000005,5.6109375,45.261562500000004,31.706250000000068,28.746954470643747,25365.000000000055,267.40535792908133,30.95,431.55,98.2,499.05,18.75,75,243.198814698825,12.970603450604,False
2025-02-03 04:10:00+00:00,2025-02-03,ATM_PLUS_150,150,23450.0,2025-02-06,2025-02-13,2025-02-06 15:30:00+05:30,2025-02-06 15:29:00+05:30,2025-02-06 15:30:00+05:30,45.000000000001705,45.000000000001705,45.000000000001705,45.000000000001705,True,True,313.21500000000003,104.56074999999998,4054.743750000114,3824.625055378276,86563.06875,120.0,30.755858326875003,0.08656306875,0.8298444375,0.23526168749999996,1.065106125,27.56840625,23.491125000000004,51.059531250000006,0.0,27.151635851212497,0.0,230.1186946218375,70.75,201.5,166.4,297.75,45.000000000001705,75,220.98537313603128,4.910786069689398,False
2025-03-06 09:02:00+00:00,2025-03-06,ATM_MINUS_350,-350,22150.0,2025-03-06,2025-03-13,2025-03-06 15:31:00+05:30,2025-03-06 15:29:00+05:30,2025-03-06 15:30:00+05:30,86.2499999999983,86.2499999999983,86.2499999999983,86.2499999999983,True,True,437.553375,43.909499999999994,-150.39375000005464,-398.9638624118046,99083.24999999999,120.0,35.204278724999995,0.09908324999999998,0.9456707812500001,0.09879637499999999,1.04446715625,31.451175,32.816503125000004,64.267678125,0.0,27.954605155499998,0.0,248.57011241175,370.4,0.5,418.75,50.0,86.2499999999983,75,246.66539010063747,2.8598885808770125,False
2025-03-20 09:38:00+00:00,2025-03-20,ATM_MINUS_400,-400,22800.0,2025-03-20,2025-03-27,2025-03-20 15:31:00+05:30,2025-03-20 15:29:00+05:30,2025-03-20 15:30:00+05:30,3.7499999999973888,3.7499999999973888,3.7499999999973888,3.7499999999973888,True,True,412.96500000000003,28.17025,-595.6031250001104,-842.0192294209292,97168.884375,120.0,34.524104618437505,0.097168884375,0.9636030000000001,0.06338306249999999,1.0269860625,31.963640625,30.972375000000003,62.936015625,0.0,27.831829230506248,0.0,246.41610442081878,399.55,0.1,427.1,27.7,3.7499999999973888,75,247.79464508225624,66.078572021981,False
2025-04-03 09:40:00+00:00,2025-04-03,ATM_MINUS_400,-400,22850.0,2025-04-03,2025-04-09,2025-04-03 15:31:00+05:30,2025-04-03 15:28:00+05:30,2025-04-03 15:29:00+05:30,11.24999999999563,11.24999999999563,11.24999999999563,11.24999999999563,True,True,432.66562500000003,42.80675,-922.9499999998922,-1174.1700387859921,102106.65000000001,120.0,36.27849274500001,0.10210665000000001,0.9990163124999999,0.0963151875,1.0953315,33.145678124999996,32.449921875,65.59559999999999,0.0,28.148507891099996,0.0,251.2200387861,403.9,0.05,442.85,39.15,11.24999999999563,75,252.06683350295629,22.40594075582704,False
2025-04-07 03:51:00+00:00,2025-04-07,ATM_MINUS_100,-100,21900.0,2025-04-09,2025-04-17,2025-04-09 15:31:00+05:30,2025-04-09 15:29:00+05:30,2025-04-09 15:30:00+05:30,873.7499999999983,873.7499999999983,873.7499999999983,873.7499999999983,True,True,702.24,137.3425,5520.3093749999025,5192.520877326297,176767.75312500002,120.0,62.8055826853125,0.17676775312499998,1.69814728125,0.309020625,2.00716790625,57.194156250000006,52.668,109.86215625,0.0,32.93682307891875,0.0,327.78849767360623,462.45,204.75,548.1,302.05,873.7499999999983,75,316.8113435921625,0.36258808994811226,False
2025-04-17 06:06:00+00:00,2025-04-17,ATM_PLUS_400,400,23950.0,2025-04-17,2025-04-24,2025-04-17 15:31:00+05:30,2025-04-17 15:29:00+05:30,2025-04-17 15:29:00+05:30,150.0,150.0,150.0,150.0,True,True,142.74225,243.006,-165.4312500001062,-403.9770902828936,97690.74375000001,120.0,34.709521254375005,0.09769074375,1.031722875,0.5467635000000001,1.5784863750000002,34.368862500000006,10.705668750000001,45.07453125000001,9.220312499999864,27.8652981596625,7376.249999999891,238.5458402827874,4.3,385.35,72.05,455.1,150.0,75,228.97882520544374,1.5265255013696248,False
2025-04-30 09:30:00+00:00,2025-04-30,ATM_PLUS_250,250,24650.0,2025-04-30,2025-05-08,2025-04-30 15:30:00+05:30,2025-04-30 15:30:00+05:30,2025-04-30 15:29:00+05:30,337.49999999999574,337.49999999999574,337.49999999999574,337.49999999999574,True,True,83.5905,426.413375,-1827.4218750000487,-2073.7475635837422,93531.94687499998,120.0,33.23190072468749,0.09353194687499998,0.8262354375,0.95943009375,1.7856655312499998,27.740475,6.269287500000001,34.0097625,29.606249999999932,27.598577880881244,23684.999999999945,246.32568858369365,0.15,261.75,104.55,370.65,337.49999999999574,75,217.07193737145002,0.6431761107302304,False
2025-05-08 07:53:00+00:00,2025-05-08,ATM_MINUS_400,-400,23950.0,2025-05-08,2025-05-15,2025-05-08 15:59:00+05:30,2025-05-08 15:48:00+05:30,2025-05-08 15:48:00+05:30,348.75000000000256,348.75000000000256,348.75000000000256,348.75000000000256,True,True,417.50362500000006,226.26424999999998,-9786.149999999936,-10052.106851599623,125422.96875,120.0,44.562780796875,0.12542296875,1.15476721875,0.5090945625,1.66386178125,38.648137500000004,31.312771875000006,69.96090937500001,0.0,29.643876677812504,0.0,265.9568515996875,425.85,1.7,510.25,90.75,348.75000000000256,75,271.13111133729376,0.7774368783864997,False
2025-05-15 05:28:00+00:00,2025-05-15,ATM_MINUS_400,-400,24350.0,2025-05-15,2025-05-22,2025-05-15 15:59:00+05:30,2025-05-15 15:50:00+05:30,2025-05-15 15:50:00+05:30,206.24999999999787,206.24999999999787,206.24999999999787,206.24999999999787,True,True,726.1800000000001,40.551125,-1969.0312499998781,-2260.443508276716,133483.06875,120.0,47.42653432687501,0.13348306875,1.1394289687499999,0.09124003125,1.2306689999999998,37.99726875,54.46350000000001,92.46076875000001,0.0,30.1608031312125,0.0,291.4122582768375,424.5,8.35,496.8,83.4,206.24999999999787,75,268.2980964545438,1.3008392555371955,False
2025-05-26 04:15:00+00:00,2025-05-26,ATM_MINUS_400,-400,24650.0,2025-05-29,2025-06-05,2025-05-29 15:59:00+05:30,2025-05-29 15:45:00+05:30,2025-05-29 15:45:00+05:30,131.25,131.25,131.25,131.25,True,True,334.1625,106.96674999999999,3157.509375000119,2885.6692531916874,130453.11562499999,120.0,46.349991981562496,0.13045311562499998,1.46220890625,0.2406751875,1.70288409375,48.628125000000004,25.0621875,73.6903125,0.0,29.966480117493745,0.0,271.8401218084312,521.45,59.3,588.95,128.55,131.25,75,299.5664221175437,2.2824108351812855,False
2025-06-12 09:55:00+00:00,2025-06-12,ATM_MINUS_250,-250,24600.0,2025-06-12,2025-06-19,2025-06-12 15:59:00+05:30,2025-06-12 15:44:00+05:30,2025-06-12 15:44:00+05:30,483.75000000000125,483.75000000000125,483.75000000000125,483.75000000000125,True,True,352.1175,81.954375,-1005.3187500000462,-1238.3677643622086,87075.43125000001,120.0,30.937900723124994,0.08707543124999997,0.8125889062499999,0.18439734375,0.99698625,27.43374375,26.4088125,53.84255625,0.0,27.184495707787498,0.0,233.0490143621625,287.85,0.05,360.2,78.85,483.75000000000125,75,233.71591681777505,0.48313367817627795,False
2025-06-19 09:54:00+00:00,2025-06-19,ATM_MINUS_50,-50,24750.0,2025-06-19,2025-06-26,2025-06-19 15:59:00+05:30,2025-06-19 15:42:00+05:30,2025-06-19 15:42:00+05:30,292.4999999999983,292.4999999999983,292.4999999999983,292.4999999999983,True,True,206.48250000000002,175.53775,-711.1124999999987,-910.9445752167737,60938.28749999999,120.0,21.65137354875,0.060938287499999994,0.4811248125,0.39495993749999997,0.87608475,16.249274999999997,15.486187500000002,31.735462499999997,0.0,25.508216130525,0.0,199.832075216775,45.5,0.15,213.15,171.7,292.4999999999983,75,200.37046463964376,0.6850272295372476,False
2025-06-23 04:57:00+00:00,2025-06-23,ATM_MINUS_400,-400,24500.0,2025-06-26,2025-07-03,2025-06-26 15:59:00+05:30,2025-06-26 15:43:00+05:30,2025-06-26 15:43:00+05:30,82.49999999999957,82.49999999999957,82.49999999999957,82.49999999999957,True,True,1037.6992500000001,11.32825,-1818.1312499999933,-2146.731795198106,160059.35625000004,120.0,56.869089275624994,0.16005935624999998,1.22254875,0.025488562500000003,1.2480373125000002,40.630668750000005,77.82744375,118.4581125,0.0,31.865246753737498,0.0,328.60054519811246,435.0,41.0,501.0,108.1,82.49999999999957,75,274.56949971075,3.328115148009108,False
2025-07-03 08:10:00+00:00,2025-07-03,ATM_MINUS_350,-350,25250.0,2025-07-03,2025-07-10,2025-07-03 15:59:00+05:30,2025-07-03 15:43:00+05:30,2025-07-03 15:43:00+05:30,378.7500000000035,378.7500000000035,378.7500000000035,378.7500000000035,True,True,266.083125,83.75887499999999,2258.596875000061,2030.7162505801548,85025.95312500001,120.0,30.209721145312507,0.08502595312500001,0.878340375,0.18845746875,1.0667978437499999,29.509790625,19.956234375,49.466025,0.0,27.05305447771875,0.0,227.88062441990624,343.35,0.9,388.5,51.1,378.7500000000035,75,239.7195521806313,0.6329229100478655,False
2025-08-04 04:19:00+00:00,2025-08-04,ATM_MINUS_400,-400,24200.0,2025-08-07,2025-08-14,2025-08-07 15:59:00+05:30,2025-08-07 15:29:00+05:30,2025-08-07 15:43:00+05:30,828.7499999999987,828.7499999999987,828.7499999999987,828.7499999999987,True,True,489.722625,20.801875,6092.859374999895,5825.602914892865,115766.015625,120.0,41.1316653515625,0.115766015625,1.152624375,0.04680421875,1.19942859375,39.055865625,36.729196875,75.78506250000001,0.0,29.02453764609375,0.0,267.2564601070312,454.95,25.9,485.1,67.1,828.7499999999987,75,268.2045384735562,0.3236253857901136,False
2026-01-12 06:51:00+00:00,2026-01-12,ATM_MINUS_400,-400,25250.0,2026-01-13,2026-01-20,2026-01-13 15:59:00+05:30,2026-01-13 15:29:00+05:30,2026-01-13 15:30:00+05:30,25.999999999997137,25.999999999997137,25.999999999997137,25.999999999997137,True,True,512.4157500000001,21.854499999999998,406.6400000000573,158.65421835476474,97264.00125000002,120.0,34.55789964412501,0.09726400125000001,0.94000164375,0.042616274999999995,0.9826179187499999,31.203046875000002,33.307023750000006,64.51007062500001,0.0,27.8379294561675,0.0,247.98578164529255,446.9,5.85,475.0,34.35,25.999999999997137,65,244.78997281194873,9.414998954306757,False
2026-01-20 09:40:00+00:00,2026-01-20,ATM_MINUS_400,-400,24850.0,2026-01-20,2026-01-27,2026-01-20 15:59:00+05:30,2026-01-20 15:29:00+05:30,2026-01-20 15:30:00+05:30,705.2499999999968,705.2499999999968,705.2499999999968,705.2499999999968,True,True,455.90737500000006,45.864374999999995,2352.2931250000065,2113.385196758635,89914.150625,120.0,31.9464977170625,0.089914150625,0.85105483125,0.08943553124999999,0.9404903625000001,28.930492500000003,29.633979375000003,58.56447187500001,0.0,27.366554136183748,0.0,238.90792824137122,405.15,0.1,435.25,41.05,705.2499999999968,65,236.76225354484876,0.33571393625643364,False
2026-02-01 07:20:00+00:00,2026-02-01,ATM_PLUS_350,350,25350.0,2026-02-03,2026-02-10,2026-02-03 15:59:00+05:30,2026-02-03 15:29:00+05:30,2026-02-03 15:30:00+05:30,1790.7500000000007,1790.7500000000007,1790.7500000000007,1790.7500000000007,True,True,473.8125,60.15,3956.6556250000513,3700.89427358989,107265.835625,120.0,38.11155139756251,0.107265835625,1.06423395,0.11729250000000001,1.18152645,37.083808125000004,30.7978125,67.88162062500001,0.0,28.479387101973746,0.0,255.76135141016118,71.95,399.45,144.95,500.0,1790.7500000000007,65,238.2792264449375,0.1330611344101284,False
2026-02-17 04:27:00+00:00,2026-02-17,ATM_PLUS_400,400,26050.0,2026-02-17,2026-02-24,2026-02-17 15:59:00+05:30,2026-02-17 15:30:00+05:30,2026-02-17 15:29:00+05:30,77.99999999999926,77.99999999999926,77.99999999999926,77.99999999999926,True,True,41.944874999999996,350.52412499999997,981.7437499999071,748.1755184372972,80552.29000000001,120.0,28.620228637000004,0.08055229,0.82652115,0.6835220437499999,1.51004319375,27.491100000000003,2.726416875,30.217516875,26.373749999999884,26.766140566860003,21098.999999999905,233.5682315626099,2.0,382.35,40.45,422.0,77.99999999999926,65,209.17069992918374,2.6816756401177657,False
2026-03-02 09:53:00+00:00,2026-03-02,ATM_MINUS_350,-350,24500.0,2026-03-02,2026-03-10,2026-03-02 15:59:00+05:30,2026-03-02 15:30:00+05:30,2026-03-02 15:30:00+05:30,601.25,601.25,601.25,601.25,True,True,528.6750000000001,140.85125,1873.3731249999591,1616.544789858803,109885.95312500001,120.0,39.04247914531251,0.10988595312500002,0.9889712625000002,0.2746599375,1.2636312000000003,33.40103812500001,34.36387500000001,67.76491312500002,0.0,28.64742571771875,0.0,256.8283351411563,368.6,0.1,505.8,146.55,601.25,65,254.7771543192875,0.42374578680962577,False
2026-03-17 04:16:00+00:00,2026-03-17,ATM_MINUS_300,-300,23150.0,2026-03-17,2026-03-24,2026-03-17 15:59:00+05:30,2026-03-17 15:29:00+05:30,2026-03-17 15:30:00+05:30,770.2500000000015,770.2500000000015,770.2500000000015,770.2500000000015,True,True,557.004,118.445375,1091.7887499999097,835.1235787612621,107911.03375000002,120.0,38.340790291375,0.10791103375,0.9509489437499999,0.23096848125000002,1.181917425,32.30852625,36.20526,68.51378625000001,0.0,28.520766238522505,0.0,256.66517123864753,312.6,9.75,476.7,185.7,770.2500000000015,65,251.12350196175376,0.32602856470204905,False
2026-03-20 09:51:00+00:00,2026-03-20,ATM_MINUS_400,-400,22750.0,2026-03-24,2026-03-30,2026-03-24 15:59:00+05:30,2026-03-24 15:29:00+05:30,2026-03-24 15:30:00+05:30,22.749999999997783,22.749999999997783,22.749999999997783,22.749999999997783,True,True,469.82250000000005,236.48975,4402.149374999908,4123.828746024019,138401.989375,120.0,49.174226824937506,0.138401989375,1.3905025875,0.4611550125,1.8516576000000002,46.14160687500001,30.5384625,76.68006937500002,0.0,30.47627318657625,0.0,278.3206289758888,503.95,96.3,615.0,207.7,22.749999999997783,65,290.75494342448377,12.780437073604928,False
2026-04-07 06:08:00+00:00,2026-04-07,ATM_PLUS_200,200,23150.0,2026-04-07,2026-04-13,2026-04-07 15:59:00+05:30,2026-04-07 15:30:00+05:30,2026-04-07 15:30:00+05:30,409.49999999999704,409.49999999999704,409.49999999999704,409.49999999999704,True,True,334.56149999999997,353.4815,740.6912499999061,472.26188718218367,105425.27125,120.0,37.457598875125,0.10542527124999998,0.906671025,0.689288925,1.5959599500000001,45.720163125,32.61974625,78.33990937499999,2.569124999999858,28.361344346347497,1712.7499999999054,268.4293628177224,17.1,208.3,255.5,453.0,409.49999999999704,65,258.85827938838,0.632132550398979,False
2026-04-13 08:22:00+00:00,2026-04-13,ATM_MINUS_400,-400,23450.0,2026-04-13,2026-04-21,2026-04-13 15:59:00+05:30,2026-04-13 15:29:00+05:30,2026-04-13 15:30:00+05:30,325.0000000000037,325.0000000000037,325.0000000000037,325.0000000000037,True,True,543.2385,158.89624999999998,-401.2612500000884,-703.744339208261,120140.94625,120.0,42.686078202625005,0.12014094625,1.1154516749999999,0.30984768749999997,1.4252993624999999,55.980697500000005,52.965753750000005,108.94645125000001,0.0,29.305119446797498,0.0,302.48308920817254,421.6,0.95,569.65,154.0,325.0000000000037,65,305.4701371771588,0.9399081143912471,False
2026-04-20 06:56:00+00:00,2026-04-20,ATM_PLUS_300,300,24750.0,2026-04-21,2026-04-28,2026-04-21 15:59:00+05:30,2026-04-21 15:29:00+05:30,2026-04-21 15:29:00+05:30,269.7500000000022,269.7500000000022,269.7500000000022,269.7500000000022,True,True,162.39300000000003,331.77737499999995,378.7387500001037,118.0743171497536,92931.15,120.0,33.018437595,0.09293115,0.9103852874999999,0.64696588125,1.55735116875,45.6958490625,15.833317500000003,61.52916656250001,16.906500000000143,27.560046374099997,11271.000000000095,260.6644328503501,31.8,322.75,142.95,438.05,269.7500000000022,65,244.4298230134988,0.9061346543595803,False
2026-04-28 03:54:00+00:00,2026-04-28,ATM_MINUS_350,-350,23750.0,2026-04-28,2026-05-05,2026-04-28 15:59:00+05:30,2026-04-28 15:29:00+05:30,2026-04-28 15:30:00+05:30,305.49999999999835,305.49999999999835,305.49999999999835,305.49999999999835,True,True,364.137375,108.16975,828.4006249999547,569.545843996676,88497.199375,120.0,31.4430549379375,0.08849719937499999,0.86454346875,0.2109310125,1.07547448125,43.4686809375,35.5033940625,78.97207499999999,0.0,27.27567938471625,0.0,258.85478100327873,341.4,2.25,440.0,105.55,305.49999999999835,65,268.1182898539463,0.8776376099965556,False
2026-05-04 07:48:00+00:00,2026-05-04,ATM_MINUS_400,-400,23700.0,2026-05-05,2026-05-12,2026-05-05 15:59:00+05:30,2026-05-05 15:29:00+05:30,2026-05-05 15:30:00+05:30,116.99999999999889,116.99999999999889,116.99999999999889,116.99999999999889,True,True,463.03950000000003,71.72887499999999,3741.7656250000487,3455.706209524885,106129.65187500003,120.0,37.707865311187504,0.10612965187500001,1.0714669875,0.13987130624999997,1.21133829375,53.481211875,45.14635125,98.627563125,0.0,28.40651909335125,0.0,286.05941547516375,444.0,12.15,535.95,105.9,116.99999999999889,65,296.00166926227877,2.529928797113518,False
2026-05-11 08:08:00+00:00,2026-05-11,ATM_MINUS_300,-300,23650.0,2026-05-12,2026-05-19,2026-05-12 15:59:00+05:30,2026-05-12 15:29:00+05:30,2026-05-12 15:30:00+05:30,58.50000000000037,58.50000000000037,58.50000000000037,58.50000000000037,True,True,153.8145,340.900125,5324.06062500005,5054.372897887201,93405.80437499999,120.0,33.1870822944375,0.093405804375,0.9201596624999999,0.6647552437500001,1.5849149062499999,45.8660475,14.996913750000003,60.862961250000005,26.36887500000007,27.590487857786254,17579.250000000047,269.68772711284885,348.0,15.05,455.65,123.6,58.50000000000037,65,274.50113063170124,4.69232701934529,False
2026-05-18 05:03:00+00:00,2026-05-18,ATM_MINUS_250,-250,23150.0,2026-05-19,2026-05-26,2026-05-19 15:59:00+05:30,2026-05-19 15:29:00+05:30,2026-05-19 15:30:00+05:30,9.749999999998522,9.749999999998522,9.749999999998522,9.749999999998522,True,True,523.039125,73.934375,-1368.6643749999964,-1648.8476422338526,98892.503125,120.0,35.1365063603125,0.098892503125,0.9034454812500001,0.14417203125,1.0476175125,44.96156437500001,50.9963146875,95.95787906250001,0.0,27.942371795418747,0.0,280.18326723385627,273.5,47.3,414.85,188.8,9.749999999998522,65,269.925629166995,27.684679914567788,False
